evidence_set,scope,method,baseline,baseline_error,method_error,relative_improvement,gain_retention_vs_reca,clipped_coordinate_rate,action_reconstruction_error,infeasible_token_rate,internal_screen_pass
old_test_internal_screen,pooled,M0_frozen_caaa_v2,M1_covariance_mahalanobis,73693.26097155726,102892.54804929986,-0.3962273713062093,-0.7789029954788618,0.6320393880208334,0.7747184370038508,0.0,
old_test_internal_screen,pooled,M2_centered_covariance_residual,M1_covariance_mahalanobis,73693.26097155726,2211.808247779896,0.9699862888597972,1.9067971591049966,0.0,5.3566776766711025e-17,0.0,False
old_test_internal_screen,pooled,M3_cara,M1_covariance_mahalanobis,73693.26097155726,165249.55673965285,-1.2423971277839472,-2.4423018561668095,0.06449381510416667,0.10223272379044723,0.0,False
old_test_internal_screen,pooled,M4_reca,M1_covariance_mahalanobis,73693.26097155726,36205.55422600653,0.5086992521611919,1.0,0.0,0.028604642669134105,0.01025390625,False
old_test_internal_screen,pooled,M5_phase_residual_kmeans,M1_covariance_mahalanobis,73693.26097155726,1613.889794812955,0.978099899861456,1.9227468798234535,0.0,1.07434049420612e-17,0.0,False
old_test_internal_screen,pooled,M6_permuted_j_reca,M1_covariance_mahalanobis,73693.26097155726,30817.961422601104,0.5818076033506558,1.1437162545037476,0.0,0.028604642669134105,0.01025390625,
old_test_internal_screen,pooled,M7_random_spd_constrained,M1_covariance_mahalanobis,73693.26097155726,36211.426978061085,0.5086195603145138,0.9998433419228757,0.0,0.023752070940348608,0.00927734375,
old_test_internal_screen,pooled,O1_true_effect_oracle,M1_covariance_mahalanobis,73693.26097155726,2479.8444410734705,0.9663491015544747,1.8996471833779438,0.0,0.018360775243199116,0.0,
old_test_internal_screen,pooled,O2_linear_j_oracle,M1_covariance_mahalanobis,73693.26097155726,35365.23120462442,0.5201022354232089,1.022415962306946,0.0,0.01745030178216082,0.0,
old_test_internal_screen,bowl_on_plate,M0_frozen_caaa_v2,M1_covariance_mahalanobis,92841.81106361096,152841.13969040054,-0.6462533199151057,-5.536424059969306,0.72998046875,0.7990411059971536,0.0,
old_test_internal_screen,bowl_on_plate,M2_centered_covariance_residual,M1_covariance_mahalanobis,92841.81106361096,1045.2866701564776,0.9887412076716137,8.470502885703285,0.0,5.308640722975755e-17,0.0,False
old_test_internal_screen,bowl_on_plate,M3_cara,M1_covariance_mahalanobis,92841.81106361096,297726.91210092016,-2.206819305764418,-18.905724928490695,0.13975694444444445,0.1951907125645572,0.0,False
old_test_internal_screen,bowl_on_plate,M4_reca,M1_covariance_mahalanobis,92841.81106361096,82004.6121827286,0.11672756871855088,1.0,0.0,0.028431873803525774,0.009765625,False
old_test_internal_screen,bowl_on_plate,M5_phase_residual_kmeans,M1_covariance_mahalanobis,92841.81106361096,1147.0485161852532,0.9876451298930462,8.461112835087134,0.0,1.0487882004367332e-17,0.0,False
old_test_internal_screen,bowl_on_plate,M6_permuted_j_reca,M1_covariance_mahalanobis,92841.81106361096,73894.49625309724,0.20408170191264244,1.748359056502895,0.0,0.028431873803525774,0.009765625,
old_test_internal_screen,bowl_on_plate,M7_random_spd_constrained,M1_covariance_mahalanobis,92841.81106361096,75496.10731128066,0.18683073448928972,1.6005707695306235,0.0,0.023490939021816797,0.0078125,
old_test_internal_screen,bowl_on_plate,O1_true_effect_oracle,M1_covariance_mahalanobis,92841.81106361096,6780.3562271031615,0.9269687207797189,7.94130067948893,0.0,0.018275505466447666,0.0,
old_test_internal_screen,bowl_on_plate,O2_linear_j_oracle,M1_covariance_mahalanobis,92841.81106361096,71576.69194472453,0.22904679341419293,1.96223390865325,0.0,0.017138197936603632,0.0,
old_test_internal_screen,plate_push,M0_frozen_caaa_v2,M1_covariance_mahalanobis,429.8537001721659,1143.2144187016222,-1.6595430450959003,-2.025783209555928,1.0,1.0664808367804526,0.0,
old_test_internal_screen,plate_push,M2_centered_covariance_residual,M1_covariance_mahalanobis,429.8537001721659,0.0417323933600293,0.9999029148909424,1.2205688440308267,0.0,5.510729239788491e-17,0.0,False
old_test_internal_screen,plate_push,M3_cara,M1_covariance_mahalanobis,429.8537001721659,72.34585204578474,0.8316965702125895,1.0152414861191832,0.0,0.032074371258792714,0.0,False
old_test_internal_screen,plate_push,M4_reca,M1_covariance_mahalanobis,429.8537001721659,77.71299964487092,0.8192105834758543,1.0,0.0,0.0287112067443967,0.01171875,False
old_test_internal_screen,plate_push,M5_phase_residual_kmeans,M1_covariance_mahalanobis,429.8537001721659,0.06067207151391273,0.9998588541369084,1.2205150596255432,0.0,1.0153546822612783e-17,0.0,False
old_test_internal_screen,plate_push,M6_permuted_j_reca,M1_covariance_mahalanobis,429.8537001721659,80.02753731768509,0.8138261057526496,0.9934272361321814,0.0,0.0287112067443967,0.01171875,
old_test_internal_screen,plate_push,M7_random_spd_constrained,M1_covariance_mahalanobis,429.8537001721659,73.67390908538974,0.8286070143030485,1.01147010428909,0.0,0.02280284531421924,0.009765625,
old_test_internal_screen,plate_push,O1_true_effect_oracle,M1_covariance_mahalanobis,429.8537001721659,33.287854925100866,0.9225600363291782,1.1261573702024443,0.0,0.016399004618178708,0.0,
old_test_internal_screen,plate_push,O2_linear_j_oracle,M1_covariance_mahalanobis,429.8537001721659,36.52601177985834,0.9150268759691289,1.1169617366107902,0.0,0.01546269308150714,0.0,
old_test_internal_screen,stove_turn_on,M0_frozen_caaa_v2,M1_covariance_mahalanobis,522.2772567573882,2790.8660733953816,-4.343648488013359,-5.363798921588786,0.4229058159722222,0.6827983291855624,0.0,
old_test_internal_screen,stove_turn_on,M2_centered_covariance_residual,M1_covariance_mahalanobis,522.2772567573882,2.5161329061627735,0.9951823808645538,1.2289111782401296,0.0,5.365391014936616e-17,0.0,False
old_test_internal_screen,stove_turn_on,M3_cara,M1_covariance_mahalanobis,522.2772567573882,105.57733767707577,0.7978519334106878,0.9852356496676565,0.0,0.028241030430530268,0.0,False
old_test_internal_screen,stove_turn_on,M4_reca,M1_covariance_mahalanobis,522.2772567573882,99.33283810904227,0.8098082257577893,1.0,0.0,0.02870709740724782,0.015625,False
old_test_internal_screen,stove_turn_on,M5_phase_residual_kmeans,M1_covariance_mahalanobis,522.2772567573882,2.483550151315316,0.995244766799277,1.2289882161519943,0.0,1.099590201324685e-17,0.0,False
old_test_internal_screen,stove_turn_on,M6_permuted_j_reca,M1_covariance_mahalanobis,522.2772567573882,109.5219391265739,0.790299237216355,0.9759091252460685,0.0,0.028707097407247816,0.015625,
old_test_internal_screen,stove_turn_on,M7_random_spd_constrained,M1_covariance_mahalanobis,522.2772567573882,105.48915663698881,0.7980207729282929,0.9854441428790548,0.0,0.024863106044734632,0.01171875,
old_test_internal_screen,stove_turn_on,O1_true_effect_oracle,M1_covariance_mahalanobis,522.2772567573882,25.316330526532386,0.9515270286060101,1.1750029183954083,0.0,0.01965533299417419,0.0,
old_test_internal_screen,stove_turn_on,O2_linear_j_oracle,M1_covariance_mahalanobis,522.2772567573882,57.88640197321939,0.8891653786867668,1.0979949948701964,0.0,0.01878084975532568,0.0,
old_test_internal_screen,wine_rack,M0_frozen_caaa_v2,M1_covariance_mahalanobis,200979.10186568854,254794.97201470193,-0.2677684876160794,-0.3890157362432195,0.3752712673611111,0.5505534760522343,0.0,
old_test_internal_screen,wine_rack,M2_centered_covariance_residual,M1_covariance_mahalanobis,200979.10186568854,7799.388455663585,0.9611930375682751,1.3964272663689847,0.0,5.241949728983547e-17,0.0,False
old_test_internal_screen,wine_rack,M3_cara,M1_covariance_mahalanobis,200979.10186568854,363093.39166796836,-0.8066226204484608,-1.1718663960715818,0.11821831597222222,0.1534247809079087,0.0,False
old_test_internal_screen,wine_rack,M4_reca,M1_covariance_mahalanobis,200979.10186568854,62640.55888354359,0.6883230231300099,1.0,0.0,0.028568392721366128,0.00390625,False
old_test_internal_screen,wine_rack,M5_phase_residual_kmeans,M1_covariance_mahalanobis,200979.10186568854,5305.9664408437375,0.9735994121200241,1.4144513250374475,0.0,1.1336288928017841e-17,0.0,False
old_test_internal_screen,wine_rack,M6_permuted_j_reca,M1_covariance_mahalanobis,200979.10186568854,49187.799960862925,0.7552591314009631,1.0972451974170132,0.0,0.02856839272136613,0.00390625,
old_test_internal_screen,wine_rack,M7_random_spd_constrained,M1_covariance_mahalanobis,200979.10186568854,69170.4375352413,0.655832686617005,0.9527978355783282,0.0,0.023851393380623778,0.0078125,
old_test_internal_screen,wine_rack,O1_true_effect_oracle,M1_covariance_mahalanobis,200979.10186568854,3080.4173517390886,0.9846729469723787,1.4305390258410615,0.0,0.01911325789399591,0.0,
old_test_internal_screen,wine_rack,O2_linear_j_oracle,M1_covariance_mahalanobis,200979.10186568854,69789.82046002007,0.652750859108428,0.948320537267772,0.0,0.018419466355206828,0.0,
