evidence_set,task_id,phase,method,n,settled_effect_error_mean,immediate_effect_error_mean,contact_mode_preservation,task_progress_preservation_005,task_progress_mae,action_reconstruction_error_mean,codebook_utilization,assignment_normalized_entropy,normalized_codebook_perplexity,dead_code_ratio,clipped_coordinate_rate,infeasible_assignment_rate,infeasible_token_rate,solver_latency_ms_mean
old_test_internal_screen,bowl_on_plate,contact_onset,M0_frozen_caaa_v2,192,12434.98519914769,3646.88945985734,0.71875,0.859375,0.02338707022725892,0.9959630304728408,0.015625,-0.0,0.015625,0.984375,0.9565972222222222,0.0,0.0,0.0
old_test_internal_screen,bowl_on_plate,contact_onset,M1_covariance_mahalanobis,192,643.2912153749477,675.0063728968998,0.8177083333333334,1.0,0.00981669284361101,0.11564785092325665,0.109375,0.3736554529604209,0.07391099048547513,0.890625,0.0,0.0,0.0,0.0
old_test_internal_screen,bowl_on_plate,contact_onset,M2_centered_covariance_residual,192,4.906236900170021,6.495985629709832,1.0,1.0,5.293037990209727e-05,5.26293640926102e-17,0.75,0.930827083453526,0.7499999999999998,0.25,0.0,0.0,0.0,0.0
old_test_internal_screen,bowl_on_plate,contact_onset,M3_cara,192,186.64900091973576,188.96380338851145,1.0,1.0,0.002115624261552261,0.022189614128111074,0.015625,-0.0,0.015625,0.984375,0.0,0.0,0.0,0.0
old_test_internal_screen,bowl_on_plate,contact_onset,M4_reca,192,229.79694467184595,245.05738626888433,1.0,1.0,0.0028742769612551348,0.02865325554222103,0.015625,-0.0,0.015625,0.984375,0.0,0.0,0.0078125,8.443212371048503
old_test_internal_screen,bowl_on_plate,contact_onset,M5_phase_residual_kmeans,192,4.265611008946336,4.711332194560708,1.0,1.0,4.5500357436754783e-05,1.0870976289707005e-17,0.75,0.930827083453526,0.7499999999999998,0.25,0.0,0.0,0.0,0.0
old_test_internal_screen,bowl_on_plate,contact_onset,M6_permuted_j_reca,192,413.02776211424197,475.7770426665032,0.75,1.0,0.006936157642474188,0.02865325554222103,0.015625,-0.0,0.015625,0.984375,0.0,0.0,0.0078125,8.874315465163818
old_test_internal_screen,bowl_on_plate,contact_onset,M7_random_spd_constrained,192,242.21887174689263,266.5130708440195,1.0,1.0,0.0029064494158932926,0.020706439679514646,0.015625,-0.0,0.015625,0.984375,0.0,0.0,0.0,0.33908361342582793
old_test_internal_screen,bowl_on_plate,contact_onset,O1_true_effect_oracle,192,74.59262963466854,117.48806231970623,1.0,1.0,0.0007024283072321006,0.019602175664686704,0.9375,0.9316192112121557,0.7674240372530546,0.0625,0.0,0.0,0.0,0.0
old_test_internal_screen,bowl_on_plate,contact_onset,O2_linear_j_oracle,192,187.2239345367997,246.7897819363897,1.0,1.0,0.0025550148990776886,0.017565287409471362,0.9166666666666666,0.9468858399672103,0.8141459819838205,0.08333333333333337,0.0,0.0,0.0,0.0
old_test_internal_screen,bowl_on_plate,free_space,M0_frozen_caaa_v2,192,279.062625852842,263.07080412607814,1.0,1.0,0.0,1.0721992401191853,0.015625,-0.0,0.015625,0.984375,1.0,0.0,0.0,0.0
old_test_internal_screen,bowl_on_plate,free_space,M1_covariance_mahalanobis,192,77.53564671159431,50.495073442207314,1.0,1.0,8.673617379884035e-19,0.12909455243954848,0.046875,0.25,0.044194173824159216,0.953125,0.008897569444444444,0.0,0.0,0.0
old_test_internal_screen,bowl_on_plate,free_space,M2_centered_covariance_residual,192,5.517070299414435e-13,2.4227014714325226e-13,1.0,1.0,0.0,5.460170955711407e-17,0.75,0.930827083453526,0.7499999999999998,0.25,0.0,0.0,0.0,0.0
old_test_internal_screen,bowl_on_plate,free_space,M3_cara,192,9.82950415990786,12.826201835895743,1.0,1.0,0.0,0.05935484849305417,0.015625,-0.0,0.015625,0.984375,0.0,0.0,0.0,0.0
old_test_internal_screen,bowl_on_plate,free_space,M4_reca,192,9.118935344817439,6.88746443888319,1.0,1.0,0.0,0.028710768600637444,0.015625,-0.0,0.015625,0.984375,0.0,0.0,0.015625,7.343318601670035
old_test_internal_screen,bowl_on_plate,free_space,M5_phase_residual_kmeans,192,9.53862681524037e-14,5.117363314212269e-14,1.0,1.0,0.0,1.052095073874366e-17,0.75,0.930827083453526,0.7499999999999998,0.25,0.0,0.0,0.0,0.0
old_test_internal_screen,bowl_on_plate,free_space,M6_permuted_j_reca,192,9.121243209564089,7.049539349148271,1.0,1.0,0.0,0.02871076860063745,0.015625,-0.0,0.015625,0.984375,0.0,0.0,0.015625,8.071761480550776
old_test_internal_screen,bowl_on_plate,free_space,M7_random_spd_constrained,192,14.979611296468661,8.660196633872637,1.0,1.0,0.0,0.028710482280344698,0.015625,-0.0,0.015625,0.984375,0.0,0.0,0.03125,1.9694649181474233
old_test_internal_screen,bowl_on_plate,free_space,O1_true_effect_oracle,192,4.402608337607345,3.218692868520789,1.0,1.0,0.0,0.012440213735058566,0.8333333333333334,0.9379207027821611,0.7863750494990005,0.16666666666666663,0.0,0.0,0.0,0.0
old_test_internal_screen,bowl_on_plate,free_space,O2_linear_j_oracle,192,4.402744680764747,3.218703624348265,1.0,1.0,0.0,0.012440213735058566,0.8333333333333334,0.9379207027821611,0.7863750494990005,0.16666666666666663,0.0,0.0,0.0,0.0
old_test_internal_screen,bowl_on_plate,post_contact,M0_frozen_caaa_v2,192,594823.6526537989,949724.6920491246,0.9947916666666666,0.8177083333333334,0.02136160523073442,0.12713606959257326,0.140625,0.4233014635482779,0.09086123853959426,0.859375,0.004991319444444444,0.0,0.0,0.0
old_test_internal_screen,bowl_on_plate,post_contact,M1_covariance_mahalanobis,192,370218.3652826051,181293.5596800505,0.9947916666666666,0.8802083333333334,0.015745444775879924,0.04750593553425055,0.046875,0.20787820808865168,0.03709244680192526,0.953125,0.0,0.0,0.0,0.0
old_test_internal_screen,bowl_on_plate,post_contact,M2_centered_covariance_residual,192,4175.2583321372085,401.10554641509253,1.0,1.0,4.432254513846157e-06,5.326690348345409e-17,0.75,0.930827083453526,0.7499999999999998,0.25,0.0,0.0,0.0,0.0
old_test_internal_screen,bowl_on_plate,post_contact,M3_cara,192,1190584.7035408446,1898164.2775219986,0.9635416666666666,0.5625,0.11979729451306122,0.677898079485696,0.421875,0.6346678815146757,0.21884893813551862,0.578125,0.5590277777777778,0.0,0.0,0.0
old_test_internal_screen,bowl_on_plate,post_contact,M4_reca,192,327589.3718726455,100246.42148436744,0.9947916666666666,0.8125,0.01941896017145205,0.02765235211762156,0.375,0.6234313842397938,0.20885713072639386,0.625,0.0,0.0,0.0,7.761983468526523
old_test_internal_screen,bowl_on_plate,post_contact,M5_phase_residual_kmeans,192,4583.198329341084,401.7258806661683,1.0,1.0,3.622920077527477e-06,1.0226092929945628e-17,0.75,0.930827083453526,0.7499999999999998,0.25,0.0,0.0,0.0,0.0
old_test_internal_screen,bowl_on_plate,post_contact,M6_permuted_j_reca,192,295004.82299008186,93181.46860381268,0.9947916666666666,0.8802083333333334,0.01260685502945752,0.02765235211762156,0.375,0.6234313842397938,0.20885713072639386,0.625,0.0,0.0,0.0,7.028791648508559
old_test_internal_screen,bowl_on_plate,post_contact,M7_random_spd_constrained,192,301585.8108707873,106899.50302900193,0.9947916666666666,0.8802083333333334,0.012793109851925116,0.023687850747473333,0.53125,0.693629586959527,0.2796661445706269,0.46875,0.0,0.0,0.0,7.7173688671337
old_test_internal_screen,bowl_on_plate,post_contact,O1_true_effect_oracle,192,26993.749817703505,109614.10532538472,0.9947916666666666,1.0,0.00021473702887817142,0.02231163574709415,0.9375,0.9321695617938291,0.7690607907164323,0.0625,0.0,0.0,0.0,0.0
old_test_internal_screen,bowl_on_plate,post_contact,O2_linear_j_oracle,192,286023.9606037406,95971.49989344343,0.9947916666666666,0.8697916666666666,0.014305396731107358,0.020982003192413223,0.9583333333333334,0.9395970530601256,0.7914948160130194,0.04166666666666663,0.0,0.0,0.0,0.0
old_test_internal_screen,bowl_on_plate,pre_contact,M0_frozen_caaa_v2,192,3826.8582828026792,1250.1482922501484,0.5572916666666666,0.5,0.03254962387155718,1.000866083804015,0.015625,-0.0,0.015625,0.984375,0.9583333333333334,0.0,0.0,0.0
old_test_internal_screen,bowl_on_plate,pre_contact,M1_covariance_mahalanobis,192,428.0521097522084,268.9707319160768,0.5625,1.0,0.0026156020601148544,0.10615709131424579,0.109375,0.36217964925508084,0.0704663303496965,0.890625,0.0,0.0,0.0,0.0
old_test_internal_screen,bowl_on_plate,pre_contact,M2_centered_covariance_residual,192,0.9821115885319873,1.4701421792497145,1.0,1.0,2.97005636985583e-06,5.184765178585182e-17,0.75,0.930827083453526,0.7499999999999998,0.25,0.0,0.0,0.0,0.0
old_test_internal_screen,bowl_on_plate,pre_contact,M3_cara,192,126.46635775646457,63.52958694833821,0.6927083333333334,1.0,0.0010317176600468673,0.02132030815136754,0.015625,-0.0,0.015625,0.984375,0.0,0.0,0.0,0.0
old_test_internal_screen,bowl_on_plate,pre_contact,M4_reca,192,190.16097825211955,65.9243187288176,0.796875,1.0,0.0012899888375650257,0.02871111895362306,0.015625,-0.0,0.015625,0.984375,0.0,0.0,0.015625,8.442525910368204
old_test_internal_screen,bowl_on_plate,pre_contact,M5_phase_residual_kmeans,192,0.7301243909837883,1.3016317955941414,1.0,1.0,1.798369783357484e-06,1.0333508059073037e-17,0.75,0.930827083453526,0.7499999999999998,0.25,0.0,0.0,0.0,0.0
old_test_internal_screen,bowl_on_plate,pre_contact,M6_permuted_j_reca,192,151.0130169832838,79.07297687164619,0.8072916666666666,1.0,0.0011181972254528027,0.028711118953623063,0.015625,-0.0,0.015625,0.984375,0.0,0.0,0.015625,8.340876121337715
old_test_internal_screen,bowl_on_plate,pre_contact,M7_random_spd_constrained,192,141.41989129199536,64.56758038336791,0.8072916666666666,1.0,0.0011613150319931852,0.020858983379934522,0.015625,-0.0,0.015625,0.984375,0.0,0.0,0.0,0.3088994337758777
old_test_internal_screen,bowl_on_plate,pre_contact,O1_true_effect_oracle,192,48.679852736867,46.719800171735436,0.8541666666666666,1.0,0.0004152295303972555,0.018747996718951238,0.9375,0.941338482908263,0.7968486448856695,0.0625,0.0,0.0,0.0,0.0
old_test_internal_screen,bowl_on_plate,pre_contact,O2_linear_j_oracle,192,91.18049593995852,47.02260379610207,0.8489583333333334,1.0,0.00072878047288238,0.017565287409471362,0.9583333333333334,0.9556030322363175,0.8420889857898621,0.04166666666666663,0.0,0.0,0.0,0.0
old_test_internal_screen,plate_push,contact_onset,M0_frozen_caaa_v2,192,1684.2464707836964,1245.5199710822292,1.0,1.0,0.0009428264001575121,0.9731527052801083,0.015625,-0.0,0.015625,0.984375,1.0,0.0,0.0,0.0
old_test_internal_screen,plate_push,contact_onset,M1_covariance_mahalanobis,192,372.8553164464991,242.66472223113578,1.0,1.0,0.00014208768327577195,0.14751265390009857,0.078125,0.2776541309640342,0.04958078026180446,0.921875,0.0,0.0,0.0,0.0
old_test_internal_screen,plate_push,contact_onset,M2_centered_covariance_residual,192,5.4397244572494655e-06,5.866328562515836e-06,1.0,1.0,1.4228282361622897e-12,5.414331141164602e-17,0.75,0.930827083453526,0.7499999999999998,0.25,0.0,0.0,0.0,0.0
old_test_internal_screen,plate_push,contact_onset,M3_cara,192,61.01166261654051,51.29467974916623,1.0,1.0,2.5466799672167832e-05,0.026086506575657368,0.015625,-0.0,0.015625,0.984375,0.0,0.0,0.0,0.0
old_test_internal_screen,plate_push,contact_onset,M4_reca,192,65.49010822932404,82.20018853194038,1.0,1.0,2.6480782249400747e-05,0.028710794585752375,0.015625,-0.0,0.015625,0.984375,0.0,0.0,0.015625,8.58202802305641
old_test_internal_screen,plate_push,contact_onset,M5_phase_residual_kmeans,192,5.439785207223688e-06,5.866385640883818e-06,1.0,1.0,1.4228191740391315e-12,1.0097878190025361e-17,0.75,0.930827083453526,0.7499999999999998,0.25,0.0,0.0,0.0,0.0
old_test_internal_screen,plate_push,contact_onset,M6_permuted_j_reca,192,66.25110477378685,77.70266653973516,1.0,1.0,3.0995063419884514e-05,0.02871079458575237,0.015625,-0.0,0.015625,0.984375,0.0,0.0,0.015625,8.2015796720043
old_test_internal_screen,plate_push,contact_onset,M7_random_spd_constrained,192,61.58064215157134,51.97450880820261,1.0,1.0,2.588527714630431e-05,0.02094340072896414,0.015625,-0.0,0.015625,0.984375,0.0,0.0,0.0,0.26863867583415413
old_test_internal_screen,plate_push,contact_onset,O1_true_effect_oracle,192,24.88302396352789,43.59055633830726,1.0,1.0,1.3322421925208866e-05,0.018090935991462418,0.8541666666666666,0.9026844869610485,0.6861027285097804,0.14583333333333337,0.0,0.0,0.0,0.0
old_test_internal_screen,plate_push,contact_onset,O2_linear_j_oracle,192,25.408959356641216,43.53670009708488,1.0,1.0,1.2956664610346542e-05,0.017302463118475834,0.7916666666666666,0.8931460935264582,0.6612303909549316,0.20833333333333337,0.0,0.0,0.0,0.0
old_test_internal_screen,plate_push,free_space,M0_frozen_caaa_v2,192,203.74139448707783,283.42231614172164,1.0,1.0,0.0,1.0990679197294522,0.015625,-0.0,0.015625,0.984375,1.0,0.0,0.0,0.0
old_test_internal_screen,plate_push,free_space,M1_covariance_mahalanobis,192,21.671649746826933,13.446696404769957,1.0,1.0,0.0,0.0375714498756781,0.03125,0.1647832347147496,0.031006175765908056,0.96875,0.0,0.0,0.0,0.0
old_test_internal_screen,plate_push,free_space,M2_centered_covariance_residual,192,6.911834849481472e-13,2.5046543918694967e-13,1.0,1.0,0.0,5.606203474406476e-17,0.75,0.930827083453526,0.7499999999999998,0.25,0.0,0.0,0.0,0.0
old_test_internal_screen,plate_push,free_space,M3_cara,192,9.214528376495025,15.010866995794006,1.0,1.0,0.0,0.05881099479438795,0.015625,-0.0,0.015625,0.984375,0.0,0.0,0.0,0.0
old_test_internal_screen,plate_push,free_space,M4_reca,192,9.193338630136028,7.288917924267277,1.0,1.0,0.0,0.028711516665913983,0.015625,-0.0,0.015625,0.984375,0.0,0.0,0.015625,7.30128229292859
old_test_internal_screen,plate_push,free_space,M5_phase_residual_kmeans,192,2.7737734537474035e-13,1.1914770484358514e-13,1.0,1.0,0.0,9.978440701928003e-18,0.75,0.930827083453526,0.7499999999999998,0.25,0.0,0.0,0.0,0.0
old_test_internal_screen,plate_push,free_space,M6_permuted_j_reca,192,9.220350182760788,7.315439526567182,1.0,1.0,0.0,0.028711516665913983,0.015625,-0.0,0.015625,0.984375,0.0,0.0,0.015625,7.22663200781426
old_test_internal_screen,plate_push,free_space,M7_random_spd_constrained,192,13.107753065633503,7.739990996151779,1.0,1.0,0.0,0.028711803684810296,0.015625,-0.0,0.015625,0.984375,0.0,0.0,0.03125,1.491611015808303
old_test_internal_screen,plate_push,free_space,O1_true_effect_oracle,192,4.446713190756596,3.2598916372775206,1.0,1.0,0.0,0.012374507662309684,0.8333333333333334,0.9410049708250507,0.7958205035805775,0.16666666666666663,0.0,0.0,0.0,0.0
old_test_internal_screen,plate_push,free_space,O2_linear_j_oracle,192,4.446978022441088,3.2426730732509506,1.0,1.0,0.0,0.012308801589560802,0.8333333333333334,0.9403159227496528,0.7937005259840998,0.16666666666666663,0.0,0.0,0.0,0.0
old_test_internal_screen,plate_push,post_contact,M0_frozen_caaa_v2,192,2032.792880774951,1441.7559590622552,0.5,1.0,0.009958415349007918,1.1138821184239729,0.015625,-0.0,0.015625,0.984375,1.0,0.0,0.0,0.0
old_test_internal_screen,plate_push,post_contact,M1_covariance_mahalanobis,192,1151.251584467172,935.2799298329077,0.5885416666666666,1.0,0.006640510212889462,0.18406581206251868,0.09375,0.36189999378554444,0.07038442181530492,0.90625,0.0,0.0,0.0,0.0
old_test_internal_screen,plate_push,post_contact,M2_centered_covariance_residual,192,5.3480004954417345e-06,5.136895223757819e-06,1.0,1.0,9.961447754632443e-12,5.636326547470502e-17,0.75,0.930827083453526,0.7499999999999998,0.25,0.0,0.0,0.0,0.0
old_test_internal_screen,plate_push,post_contact,M3_cara,192,168.21478757875474,115.09969559087476,1.0,1.0,0.0011470869880528753,0.022790582800542802,0.015625,-0.0,0.015625,0.984375,0.0,0.0,0.0,0.0
old_test_internal_screen,plate_push,post_contact,M4_reca,192,179.44439492659907,123.5461962170592,1.0,1.0,0.0011450781481948302,0.02871038424969344,0.015625,-0.0,0.015625,0.984375,0.0,0.0,0.0,8.501150300844529
old_test_internal_screen,plate_push,post_contact,M5_phase_residual_kmeans,192,0.03901733137613472,5.137304100250524e-06,1.0,1.0,9.96015283017832e-09,1.1166652368400736e-17,0.75,0.930827083453526,0.7499999999999998,0.25,0.0,0.0,0.0,0.0
old_test_internal_screen,plate_push,post_contact,M6_permuted_j_reca,192,185.32017053169116,128.34799596766592,1.0,1.0,0.0012261066953889762,0.02871038424969345,0.015625,-0.0,0.015625,0.984375,0.0,0.0,0.0,8.436810851208065
old_test_internal_screen,plate_push,post_contact,M7_random_spd_constrained,192,166.99617863515985,114.51292534413368,1.0,1.0,0.0011510731236453258,0.02054096942247394,0.015625,-0.0,0.015625,0.984375,0.0,0.0,0.0,0.26965934011968784
old_test_internal_screen,plate_push,post_contact,O1_true_effect_oracle,192,82.38710689005562,70.48109609038931,1.0,1.0,0.000573967469192482,0.017236757045726952,0.9375,0.9256539178672979,0.7499050891128586,0.0625,0.0,0.0,0.0,0.0
old_test_internal_screen,plate_push,post_contact,O2_linear_j_oracle,192,92.05839134276164,64.4885085988663,1.0,1.0,0.0005688271904756578,0.014805632354018319,0.9166666666666666,0.944120641581307,0.8054773235334359,0.08333333333333337,0.0,0.0,0.0,0.0
old_test_internal_screen,plate_push,pre_contact,M0_frozen_caaa_v2,192,652.0769287607641,542.9532185379885,0.2552083333333333,1.0,0.00031859395488367885,1.079820603688277,0.015625,-0.0,0.015625,0.984375,1.0,0.0,0.0,0.0
old_test_internal_screen,plate_push,pre_contact,M1_covariance_mahalanobis,192,173.63625002816534,227.06331721500018,0.2552083333333333,1.0,5.7194559686380264e-05,0.1970673391911887,0.09375,0.3922423687626514,0.07985099597409243,0.90625,0.0,0.0,0.0,0.0
old_test_internal_screen,plate_push,pre_contact,M2_centered_covariance_residual,192,0.16691878571447336,0.2137926774367579,1.0,1.0,1.2837692893778765e-07,5.386055796112386e-17,0.75,0.930827083453526,0.7499999999999998,0.25,0.0,0.0,0.0,0.0
old_test_internal_screen,plate_push,pre_contact,M3_cara,192,50.9424296113487,90.29409683798492,0.9947916666666666,1.0,2.153017070856891e-05,0.020609400864582735,0.015625,-0.0,0.015625,0.984375,0.0,0.0,0.0,0.0
old_test_internal_screen,plate_push,pre_contact,M4_reca,192,56.72415679342455,86.96893796618004,0.9947916666666666,1.0,2.2297057080953967e-05,0.028712131476227004,0.015625,-0.0,0.015625,0.984375,0.0,0.0,0.015625,8.49968601164619
old_test_internal_screen,plate_push,pre_contact,M5_phase_residual_kmeans,192,0.20366551489403162,0.2619979199811466,1.0,1.0,1.698794818573724e-07,9.371216030097031e-18,0.75,0.930827083453526,0.7499999999999998,0.25,0.0,0.0,0.0,0.0
old_test_internal_screen,plate_push,pre_contact,M6_permuted_j_reca,192,59.318523782501536,81.19927077517089,0.9947916666666666,1.0,2.4947912929700495e-05,0.028712131476227,0.015625,-0.0,0.015625,0.984375,0.0,0.0,0.015625,8.37075104300311
old_test_internal_screen,plate_push,pre_contact,M7_random_spd_constrained,192,53.011062489194224,80.02954997681103,0.9947916666666666,1.0,2.3503073815821706e-05,0.02101520742062858,0.015625,-0.0,0.015625,0.984375,0.0,0.0,0.0078125,0.2719719805099885
old_test_internal_screen,plate_push,pre_contact,O1_true_effect_oracle,192,21.43457565606335,59.37276651578693,0.9947916666666666,1.0,9.837226626463109e-06,0.017893817773215772,0.9791666666666666,0.9291793779268236,0.7602097752193595,0.02083333333333337,0.0,0.0,0.0,0.0
old_test_internal_screen,plate_push,pre_contact,O2_linear_j_oracle,192,24.189718397589413,58.738187078736075,0.9947916666666666,1.0,1.1510392675868658e-05,0.017433875263973598,1.0,0.932188041107013,0.7691158090906217,0.0,0.0,0.0,0.0,0.0
old_test_internal_screen,stove_turn_on,contact_onset,M0_frozen_caaa_v2,192,2823.5496890639392,1002.0250610595302,0.4322916666666667,0.4479166666666667,0.06305776678058442,0.7097108627230507,0.015625,-0.0,0.015625,0.984375,0.4661458333333333,0.0,0.0,0.0
old_test_internal_screen,stove_turn_on,contact_onset,M1_covariance_mahalanobis,192,239.5584023809678,168.38207579071636,0.9947916666666666,1.0,0.006139162969314102,0.04504074412304702,0.078125,0.2494156051914581,0.044086893413825885,0.921875,0.0,0.0,0.0,0.0
old_test_internal_screen,stove_turn_on,contact_onset,M2_centered_covariance_residual,192,6.801417786297768,10.870101455713742,1.0,1.0,4.777368737017345e-15,5.192908018849597e-17,0.75,0.930827083453526,0.7499999999999998,0.25,0.0,0.0,0.0,0.0
old_test_internal_screen,stove_turn_on,contact_onset,M3_cara,192,86.28357930155471,94.4899824486671,1.0,1.0,0.0022233563734907168,0.02072312280809199,0.015625,-0.0,0.015625,0.984375,0.0,0.0,0.0,0.0
old_test_internal_screen,stove_turn_on,contact_onset,M4_reca,192,86.9042356370789,112.8892806074225,1.0,1.0,0.002358370242195171,0.0287076863166581,0.015625,-0.0,0.015625,0.984375,0.0,0.0,0.015625,8.876262691501324
old_test_internal_screen,stove_turn_on,contact_onset,M5_phase_residual_kmeans,192,6.600780915157685,10.462616576324097,1.0,1.0,5.14247307744801e-15,1.0720229148170147e-17,0.75,0.930827083453526,0.7499999999999998,0.25,0.0,0.0,0.0,0.0
old_test_internal_screen,stove_turn_on,contact_onset,M6_permuted_j_reca,192,85.34101815908754,103.4550619950141,1.0,1.0,0.0022892816010883165,0.0287076863166581,0.015625,-0.0,0.015625,0.984375,0.0,0.0,0.015625,8.230356906324232
old_test_internal_screen,stove_turn_on,contact_onset,M7_random_spd_constrained,192,111.89453114908872,150.2715662841487,1.0,1.0,0.0030901432329579668,0.0249470086861809,0.015625,-0.0,0.015625,0.984375,0.0,0.0,0.0,2.8563084802044614
old_test_internal_screen,stove_turn_on,contact_onset,O1_true_effect_oracle,192,26.47300546527025,69.14250770489359,1.0,1.0,0.0005316264058663216,0.020866102146618746,0.9166666666666666,0.9286289270277199,0.7585915643295356,0.08333333333333337,0.0,0.0,0.0,0.0
old_test_internal_screen,stove_turn_on,contact_onset,O2_linear_j_oracle,192,52.48775767914421,69.65920127988691,1.0,1.0,0.0012860428859761564,0.019010821009946766,0.9583333333333334,0.9415234184880531,0.7974193312607502,0.04166666666666663,0.0,0.0,0.0,0.0
old_test_internal_screen,stove_turn_on,free_space,M0_frozen_caaa_v2,192,133.43680152739398,97.21200553056524,1.0,1.0,0.0,0.3150532001172591,0.015625,-0.0,0.015625,0.984375,0.0,0.0,0.0,0.0
old_test_internal_screen,stove_turn_on,free_space,M1_covariance_mahalanobis,192,65.08004616893312,49.253109569935184,1.0,1.0,0.0,0.08877042065751274,0.03125,0.14401703170921315,0.02844072772004408,0.96875,0.0,0.0,0.0,0.0
old_test_internal_screen,stove_turn_on,free_space,M2_centered_covariance_residual,192,3.660105403346747e-13,2.414718211840461e-13,1.0,1.0,0.0,5.64367641723341e-17,0.75,0.930827083453526,0.7499999999999998,0.25,0.0,0.0,0.0,0.0
old_test_internal_screen,stove_turn_on,free_space,M3_cara,192,12.933946699096595,20.07027765388506,1.0,1.0,0.0,0.04932947712892107,0.015625,-0.0,0.015625,0.984375,0.0,0.0,0.0,0.0
old_test_internal_screen,stove_turn_on,free_space,M4_reca,192,12.924623024721292,9.859391812616982,1.0,1.0,0.0,0.028709029925254776,0.015625,-0.0,0.015625,0.984375,0.0,0.0,0.015625,7.333038578053674
old_test_internal_screen,stove_turn_on,free_space,M5_phase_residual_kmeans,192,2.8384008046467655e-14,2.3011733741770265e-14,1.0,1.0,0.0,1.0697370841833148e-17,0.75,0.930827083453526,0.7499999999999998,0.25,0.0,0.0,0.0,0.0
old_test_internal_screen,stove_turn_on,free_space,M6_permuted_j_reca,192,12.932423039435681,9.870400482249995,1.0,1.0,0.0,0.028709029925254776,0.015625,-0.0,0.015625,0.984375,0.0,0.0,0.015625,6.5525408397206775
old_test_internal_screen,stove_turn_on,free_space,M7_random_spd_constrained,192,20.35339148401573,10.094412829460566,1.0,1.0,0.0,0.028489286907673578,0.015625,-0.0,0.015625,0.984375,0.0,0.0,0.03125,9.441233839879715
old_test_internal_screen,stove_turn_on,free_space,O1_true_effect_oracle,192,5.802338186208025,4.910566044778605,1.0,1.0,0.0,0.015528399154256023,0.7916666666666666,0.8991236066164967,0.6767097714162129,0.20833333333333337,0.0,0.0,0.0,0.0
old_test_internal_screen,stove_turn_on,free_space,O2_linear_j_oracle,192,5.80317369614585,4.931037763820021,1.0,1.0,0.0,0.015594105227004905,0.7916666666666666,0.8992583722559865,0.6770629063142787,0.20833333333333337,0.0,0.0,0.0,0.0
old_test_internal_screen,stove_turn_on,post_contact,M0_frozen_caaa_v2,192,1299.131181252707,937.2298568067521,0.25,0.734375,0.035618120232678886,0.8173116027315137,0.015625,-0.0,0.015625,0.984375,0.5733506944444444,0.0,0.0,0.0
old_test_internal_screen,stove_turn_on,post_contact,M1_covariance_mahalanobis,192,1204.2208271669076,684.9390209308464,0.8697916666666666,0.4375,0.04162197230749426,0.09179277836511233,0.078125,0.3783546273719645,0.07536966362860119,0.921875,0.0,0.0,0.0,0.0
old_test_internal_screen,stove_turn_on,post_contact,M2_centered_covariance_residual,192,2.9830093245773262e-09,2.5357186714903616e-09,1.0,1.0,9.956618862716482e-14,5.378124314115209e-17,0.75,0.930827083453526,0.7499999999999998,0.25,0.0,0.0,0.0,0.0
old_test_internal_screen,stove_turn_on,post_contact,M3_cara,192,170.12082362136854,113.24159691961815,0.890625,1.0,0.005471281861101751,0.022315559646531525,0.015625,-0.0,0.015625,0.984375,0.0,0.0,0.0,0.0
old_test_internal_screen,stove_turn_on,post_contact,M4_reca,192,143.42301212982775,116.37679649985722,0.890625,1.0,0.004501340286333728,0.028704241672917994,0.015625,-0.0,0.015625,0.984375,0.0,0.0,0.015625,8.133827800520521
old_test_internal_screen,stove_turn_on,post_contact,M5_phase_residual_kmeans,192,2.963875720897376e-09,2.5357973374139604e-09,1.0,1.0,9.900500558268632e-14,1.1486816413411786e-17,0.75,0.930827083453526,0.7499999999999998,0.25,0.0,0.0,0.0,0.0
old_test_internal_screen,stove_turn_on,post_contact,M6_permuted_j_reca,192,172.77131338679894,130.16447545981114,0.890625,1.0,0.0055717637217162054,0.028704241672918,0.015625,-0.0,0.015625,0.984375,0.0,0.0,0.015625,7.8891756795655965
old_test_internal_screen,stove_turn_on,post_contact,M7_random_spd_constrained,192,154.28624800405348,184.60280395681764,0.890625,1.0,0.004890895718758833,0.024816559739950606,0.015625,-0.0,0.015625,0.984375,0.0,0.0,0.015625,2.6125634217351035
old_test_internal_screen,stove_turn_on,post_contact,O1_true_effect_oracle,192,33.94918633850299,107.03653338087004,0.890625,1.0,0.0009421558518135217,0.02137623962890652,0.9375,0.9223988130222998,0.7405147004027469,0.0625,0.0,0.0,0.0,0.0
old_test_internal_screen,stove_turn_on,post_contact,O2_linear_j_oracle,192,77.76086402844261,109.2232149735194,0.859375,1.0,0.002380739261858199,0.020324942464924407,0.9166666666666666,0.9052072181040453,0.6928360325169103,0.08333333333333337,0.0,0.0,0.0,0.0
old_test_internal_screen,stove_turn_on,pre_contact,M0_frozen_caaa_v2,192,6907.346621737488,1628.2754379072783,0.859375,0.5625,0.24162579720945745,0.8891176511704262,0.015625,-0.0,0.015625,0.984375,0.6521267361111112,0.0,0.0,0.0
old_test_internal_screen,stove_turn_on,pre_contact,M1_covariance_mahalanobis,192,580.249751312744,508.75547799210403,0.5,0.9479166666666666,0.015227881431674797,0.0861173307593694,0.109375,0.397694636664996,0.08168232942715276,0.890625,0.0,0.0,0.0,0.0
old_test_internal_screen,stove_turn_on,pre_contact,M2_centered_covariance_residual,192,3.263113835369952,4.807701679726977e-09,1.0,1.0,1.8012679914446325e-05,5.246855309548246e-17,0.75,0.930827083453526,0.7499999999999998,0.25,0.0,0.0,0.0,0.0
old_test_internal_screen,stove_turn_on,pre_contact,M3_cara,192,152.9710010862832,104.91294361621833,0.96875,1.0,0.0020367987762204445,0.020595962138576476,0.015625,-0.0,0.015625,0.984375,0.0,0.0,0.0,0.0
old_test_internal_screen,stove_turn_on,pre_contact,M4_reca,192,154.07948164454118,174.47304104455597,0.7708333333333334,1.0,0.0024075290176532077,0.028707431714160403,0.015625,-0.0,0.015625,0.984375,0.0,0.0,0.015625,9.419349847348713
old_test_internal_screen,stove_turn_on,pre_contact,M5_phase_residual_kmeans,192,3.333419687139673,4.805865279779258e-09,1.0,1.0,1.895331487158519e-05,1.1079191649572325e-17,0.75,0.930827083453526,0.7499999999999998,0.25,0.0,0.0,0.0,0.0
old_test_internal_screen,stove_turn_on,pre_contact,M6_permuted_j_reca,192,167.04300192097344,128.58500292998428,0.7708333333333334,1.0,0.002519240030221383,0.028707431714160403,0.015625,-0.0,0.015625,0.984375,0.0,0.0,0.015625,8.365500058516773
old_test_internal_screen,stove_turn_on,pre_contact,M7_random_spd_constrained,192,135.4224559107973,116.09260366434364,0.96875,1.0,0.0020869288858087914,0.021199568845133448,0.015625,-0.0,0.015625,0.984375,0.0,0.0,0.0,0.3183752342010848
old_test_internal_screen,stove_turn_on,pre_contact,O1_true_effect_oracle,192,35.0407921161483,103.78021810221124,0.96875,1.0,0.0005992225112876993,0.020850591046915463,0.875,0.9085494723750285,0.7018585612269038,0.125,0.0,0.0,0.0,0.0
old_test_internal_screen,stove_turn_on,pre_contact,O2_linear_j_oracle,192,95.4938124891449,98.15352120072431,0.96875,1.0,0.001218477061007536,0.020193530319426643,0.7916666666666666,0.8796840678461398,0.6276534109955199,0.20833333333333337,0.0,0.0,0.0,0.0
old_test_internal_screen,wine_rack,contact_onset,M0_frozen_caaa_v2,192,4228.66956864958,2420.7778349788873,0.59375,1.0,0.002782292530790403,0.8029696110570516,0.015625,-0.0,0.015625,0.984375,0.6143663194444444,0.0,0.0,0.0
old_test_internal_screen,wine_rack,contact_onset,M1_covariance_mahalanobis,192,531.1054815309077,233.83028341452902,0.8229166666666666,1.0,0.0004081658423097684,0.05163081970187453,0.046875,0.2421102987597095,0.04276759208267795,0.953125,0.0,0.0,0.0,0.0
old_test_internal_screen,wine_rack,contact_onset,M2_centered_covariance_residual,192,0.00013122119829238468,0.00013299269034458026,1.0,1.0,8.475990308925985e-12,5.2041463012316654e-17,0.75,0.930827083453526,0.7499999999999998,0.25,0.0,0.0,0.0,0.0
old_test_internal_screen,wine_rack,contact_onset,M3_cara,192,223.12813574691884,113.72274350602993,0.84375,1.0,0.00013618871384332354,0.03707726832097361,0.015625,-0.0,0.015625,0.984375,0.0,0.0,0.0,0.0
old_test_internal_screen,wine_rack,contact_onset,M4_reca,192,231.40091274138885,115.51889394750903,0.84375,1.0,0.0001347003504355444,0.02870942791833227,0.015625,-0.0,0.015625,0.984375,0.0,0.0,0.0,10.114502683563842
old_test_internal_screen,wine_rack,contact_onset,M5_phase_residual_kmeans,192,0.13253867980998932,0.03261922279829773,0.9947916666666666,1.0,6.158359604023529e-07,1.0815782775748054e-17,0.75,0.930827083453526,0.7499999999999998,0.25,0.0,0.0,0.0,0.0
old_test_internal_screen,wine_rack,contact_onset,M6_permuted_j_reca,192,226.07079461251337,112.84231800736222,0.8229166666666666,1.0,0.00014974202889089786,0.02870942791833227,0.015625,-0.0,0.015625,0.984375,0.0,0.0,0.0,9.26127320303749
old_test_internal_screen,wine_rack,contact_onset,M7_random_spd_constrained,192,226.30779788131193,108.76893788429352,0.84375,1.0,0.00014532675776191334,0.02054508663260183,0.015625,-0.0,0.015625,0.984375,0.0,0.0,0.0,0.39861186314738006
old_test_internal_screen,wine_rack,contact_onset,O1_true_effect_oracle,192,72.7194866923955,93.05071878946107,0.8333333333333334,1.0,7.693056050494448e-05,0.02012782424667776,0.9791666666666666,0.886015412481703,0.6432272148106616,0.02083333333333337,0.0,0.0,0.0,0.0
old_test_internal_screen,wine_rack,contact_onset,O2_linear_j_oracle,192,85.41694338007608,94.87229484511424,0.8489583333333334,1.0,9.142133449826244e-05,0.019536469591937822,0.8333333333333334,0.8725474437253282,0.6105503809893037,0.16666666666666663,0.0,0.0,0.0,0.0
old_test_internal_screen,wine_rack,free_space,M0_frozen_caaa_v2,192,452.98638552630814,168.72238553563326,1.0,1.0,0.0,0.1420448344162312,0.015625,-0.0,0.015625,0.984375,0.0,0.0,0.0,0.0
old_test_internal_screen,wine_rack,free_space,M1_covariance_mahalanobis,192,35.6844834621838,17.5734719822523,1.0,1.0,0.0,0.030394959571085494,0.03125,0.1352130207431888,0.027418208603176925,0.96875,0.0,0.0,0.0,0.0
old_test_internal_screen,wine_rack,free_space,M2_centered_covariance_residual,192,4.3091864086094713e-13,2.4683285277332813e-13,1.0,1.0,0.0,5.322702181964475e-17,0.75,0.930827083453526,0.7499999999999998,0.25,0.0,0.0,0.0,0.0
old_test_internal_screen,wine_rack,free_space,M3_cara,192,14.625602257810732,18.520735753221217,1.0,1.0,0.0,0.06007244065032689,0.015625,-0.0,0.015625,0.984375,0.0,0.0,0.0,0.0
old_test_internal_screen,wine_rack,free_space,M4_reca,192,14.599308179978982,14.206568463703597,1.0,1.0,0.0,0.02871268399759615,0.015625,-0.0,0.015625,0.984375,0.0,0.0,0.015625,6.295590159879794
old_test_internal_screen,wine_rack,free_space,M5_phase_residual_kmeans,192,7.346295253616766e-14,3.74544499907863e-14,1.0,1.0,0.0,1.2410915569084597e-17,0.75,0.930827083453526,0.7499999999999998,0.25,0.0,0.0,0.0,0.0
old_test_internal_screen,wine_rack,free_space,M6_permuted_j_reca,192,14.62485184262161,14.41368339090607,1.0,1.0,0.0,0.02871268399759615,0.015625,-0.0,0.015625,0.984375,0.0,0.0,0.015625,6.609019499819624
old_test_internal_screen,wine_rack,free_space,M7_random_spd_constrained,192,19.959421810317554,10.577175474572778,1.0,1.0,0.0,0.02835944146687604,0.015625,-0.0,0.015625,0.984375,0.0,0.0,0.03125,9.763697308926567
old_test_internal_screen,wine_rack,free_space,O1_true_effect_oracle,192,6.719072052095785,5.168349912964669,1.0,1.0,0.0,0.014805632354018319,0.7916666666666666,0.8984532465253191,0.6749559194870954,0.20833333333333337,0.0,0.0,0.0,0.0
old_test_internal_screen,wine_rack,free_space,O2_linear_j_oracle,192,6.719193322395256,5.1667422212210585,1.0,1.0,0.0,0.014805632354018319,0.7916666666666666,0.8974242528887443,0.6722726201957459,0.20833333333333337,0.0,0.0,0.0,0.0
old_test_internal_screen,wine_rack,post_contact,M0_frozen_caaa_v2,192,1011004.305320792,1156860.0244107735,1.0,0.34375,0.13395333256584466,0.3607947587213,0.125,0.3429885759384507,0.06506075865823821,0.875,0.1996527777777778,0.0,0.0,0.0
old_test_internal_screen,wine_rack,post_contact,M1_covariance_mahalanobis,192,802714.3850839379,1425721.9485656703,1.0,0.8229166666666666,0.06906497371056923,0.07914722102880521,0.046875,0.19812031259014454,0.0356172977649184,0.953125,0.0,0.0,0.0,0.0
old_test_internal_screen,wine_rack,post_contact,M2_centered_covariance_residual,192,31197.55185161633,77458.61240017498,1.0,1.0,4.6425128706002856e-05,5.230738208541845e-17,0.75,0.930827083453526,0.7499999999999998,0.25,0.0,0.0,0.0,0.0
old_test_internal_screen,wine_rack,post_contact,M3_cara,192,1451880.0587874176,1667881.0670250037,1.0,0.7604166666666666,0.08155515572430012,0.4949993641249106,0.328125,0.40001259379662824,0.08247356395610665,0.671875,0.4728732638888889,0.0,0.0,0.0
old_test_internal_screen,wine_rack,post_contact,M4_reca,192,250050.59875801113,1153378.4123446676,1.0,0.9270833333333334,0.029809656435977924,0.028142482911745887,0.375,0.4232139348742232,0.090828169112622,0.625,0.0,0.0,0.0,5.535761711144005
old_test_internal_screen,wine_rack,post_contact,M5_phase_residual_kmeans,192,21223.73322469079,70216.08930853663,1.0,1.0,5.5619784808144786e-05,1.1011935595223302e-17,0.75,0.930827083453526,0.7499999999999998,0.25,0.0,0.0,0.0,0.0
old_test_internal_screen,wine_rack,post_contact,M6_permuted_j_reca,192,196246.66912022675,1099084.7282655733,1.0,0.9166666666666666,0.033954780283017134,0.028142482911745887,0.375,0.4232139348742232,0.090828169112622,0.625,0.0,0.0,0.0,5.362755156056664
old_test_internal_screen,wine_rack,post_contact,M7_random_spd_constrained,192,276187.67969443,1510470.0991090431,1.0,0.921875,0.03254526947800138,0.026065421046953304,0.484375,0.7150448011385065,0.30571702613753204,0.515625,0.0,0.0,0.0,5.270665335729063
old_test_internal_screen,wine_rack,post_contact,O1_true_effect_oracle,192,12183.269590696049,1317208.8340192528,1.0,1.0,0.0018244877165293878,0.02034045356462769,0.9791666666666666,0.9402534364135853,0.7935085552946569,0.02083333333333337,0.0,0.0,0.0,0.0
old_test_internal_screen,wine_rack,post_contact,O2_linear_j_oracle,192,278910.63456781715,1149322.1165002903,1.0,0.9322916666666666,0.027556807098034677,0.01940505744644006,1.0,0.9505377425475157,0.8257375095187128,0.0,0.0,0.0,0.0,0.0
old_test_internal_screen,wine_rack,pre_contact,M0_frozen_caaa_v2,192,3493.9267838397645,1245.6231508078363,0.5052083333333334,1.0,0.005964714004801498,0.8964047000143543,0.015625,-0.0,0.015625,0.984375,0.6870659722222222,0.0,0.0,0.0
old_test_internal_screen,wine_rack,pre_contact,M1_covariance_mahalanobis,192,635.2324138230832,241.31866178837836,0.53125,1.0,0.0003507208067167601,0.08095664050948312,0.0625,0.1984704735168254,0.035669204250669065,0.9375,0.0,0.0,0.0,0.0
old_test_internal_screen,wine_rack,pre_contact,M2_centered_covariance_residual,192,0.0018398168120502864,8.530812803296386e-10,1.0,1.0,7.892039917628893e-10,5.210212224196204e-17,0.75,0.930827083453526,0.7499999999999998,0.25,0.0,0.0,0.0,0.0
old_test_internal_screen,wine_rack,pre_contact,M3_cara,192,255.75414645132244,81.76788609612684,0.921875,1.0,0.00024008882458623326,0.0215500505354239,0.015625,-0.0,0.015625,0.984375,0.0,0.0,0.0,0.0
old_test_internal_screen,wine_rack,pre_contact,M4_reca,192,265.6365552418775,95.92263230507446,0.921875,1.0,0.00023629960692528773,0.028708976057790204,0.015625,-0.0,0.015625,0.984375,0.0,0.0,0.0,9.606896714785762
old_test_internal_screen,wine_rack,pre_contact,M5_phase_residual_kmeans,192,4.3520313028139956e-09,8.539138813065719e-10,1.0,1.0,1.7732849332448748e-15,1.1106521772015407e-17,0.75,0.930827083453526,0.7499999999999998,0.25,0.0,0.0,0.0,0.0
old_test_internal_screen,wine_rack,pre_contact,M6_permuted_j_reca,192,263.83507676982373,81.72708598302863,0.921875,1.0,0.0002132997304912242,0.028708976057790204,0.015625,-0.0,0.015625,0.984375,0.0,0.0,0.0,9.265670327977205
old_test_internal_screen,wine_rack,pre_contact,M7_random_spd_constrained,192,247.80322684361457,81.12160215941935,0.921875,1.0,0.00023409815473241475,0.020435624376063923,0.015625,-0.0,0.015625,0.984375,0.0,0.0,0.0,0.4689214647441986
old_test_internal_screen,wine_rack,pre_contact,O1_true_effect_oracle,192,58.96125751581386,65.26172787318764,0.9166666666666666,1.0,8.202579929171864e-05,0.021179121410659873,0.9166666666666666,0.9056910300037306,0.6941348840168899,0.08333333333333337,0.0,0.0,0.0,0.0
old_test_internal_screen,wine_rack,pre_contact,O2_linear_j_oracle,192,156.51113556064593,82.39062820278964,0.9270833333333334,1.0,0.0001539099672427255,0.019930706028431115,0.9583333333333334,0.9269046488057996,0.753544807064307,0.04166666666666663,0.0,0.0,0.0,0.0
