candidate_distance_spearman,context_modulation_norm,inference_latency_ms,kendall_tau,level,method,metric_condition_number,n,ndcg_at_16,oracle_neighbor_recall_at_1,oracle_neighbor_recall_at_8,oracle_regret,pairwise_accuracy,phase,task_id
-0.012991002229,0,0,-0.00847523716065,pooled,B0_CURRENT_CONTACT_KMEANS__FULL,1,6144,0.377710347256,0.01220703125,0.08837890625,0.403052725982,0.49576238142,ALL,ALL
0.00575628992563,0,0,0.00370760539698,task,B0_CURRENT_CONTACT_KMEANS__FULL,1,1536,0.296260493647,0.0110677083333,0.09033203125,0.593350198227,0.501853802698,ALL,bowl_on_plate
-0.0187008321606,0,0,-0.0133663800956,task,B0_CURRENT_CONTACT_KMEANS__FULL,1,1536,0.340825053328,0.0130208333333,0.0904947916667,0.366239659116,0.493316809952,ALL,plate_push
-0.0332234329326,0,0,-0.021449615299,task,B0_CURRENT_CONTACT_KMEANS__FULL,1,1536,0.391597814683,0.00716145833333,0.0843098958333,0.374682428694,0.489275192351,ALL,stove_turn_on
-0.0057960337483,0,0,-0.00279255864501,task,B0_CURRENT_CONTACT_KMEANS__FULL,1,1536,0.482158027364,0.017578125,0.08837890625,0.277938617889,0.498603720677,ALL,wine_rack
-0.0712720836345,0,0,-0.0479309451654,phase,B0_CURRENT_CONTACT_KMEANS__FULL,1,1536,0.665894224554,0.00260416666667,0.0961100260417,0.103708725171,0.476034527417,free_space,ALL
0.0295320093145,0,0,0.0202269102552,phase,B0_CURRENT_CONTACT_KMEANS__FULL,1,1536,0.275839709234,0.013671875,0.0850423177083,0.515222853685,0.510113455128,pre_contact,ALL
-0.00110317798838,0,0,0.000200325713336,phase,B0_CURRENT_CONTACT_KMEANS__FULL,1,1536,0.277852195109,0.0188802083333,0.0870768229167,0.498577272302,0.500100162857,contact_onset,ALL
-0.00912075660751,0,0,-0.00639723944571,phase,B0_CURRENT_CONTACT_KMEANS__FULL,1,1536,0.291255260125,0.013671875,0.0852864583333,0.494702052768,0.496801380277,post_contact,ALL
0.0584844579585,0,0,0.0421137974254,pooled,B0_CURRENT_CONTACT_KMEANS__K64,1,6144,0.328086662107,0.00944010416667,0.0678914388021,0.399466757044,0.521056898713,ALL,ALL
0.0443893292791,0,0,0.0320554808454,task,B0_CURRENT_CONTACT_KMEANS__K64,1,1536,0.255670658681,0.009765625,0.0690104166667,0.56952118794,0.516027740423,ALL,bowl_on_plate
0.0630595060477,0,0,0.0456057991361,task,B0_CURRENT_CONTACT_KMEANS__K64,1,1536,0.288259131012,0.01171875,0.0652669270833,0.3768775072,0.522802899568,ALL,plate_push
0.0743642701573,0,0,0.0534578897725,task,B0_CURRENT_CONTACT_KMEANS__K64,1,1536,0.341037818375,0.00716145833333,0.0655924479167,0.379843392283,0.526728944886,ALL,stove_turn_on
0.05212472635,0,0,0.0373360199476,task,B0_CURRENT_CONTACT_KMEANS__K64,1,1536,0.427379040358,0.00911458333333,0.0716959635417,0.271624940755,0.518668009974,ALL,wine_rack
0.127411429091,0,0,0.0914496318252,phase,B0_CURRENT_CONTACT_KMEANS__K64,1,1536,0.602205477719,0.00911458333333,0.0546875,0.0943472347529,0.545724815913,free_space,ALL
0.0102185389578,0,0,0.00756066231846,phase,B0_CURRENT_CONTACT_KMEANS__K64,1,1536,0.223559295233,0.0123697916667,0.07080078125,0.520779446609,0.503780331159,pre_contact,ALL
0.0487018917796,0,0,0.0352797998653,phase,B0_CURRENT_CONTACT_KMEANS__K64,1,1536,0.245606506534,0.00911458333333,0.0775553385417,0.499673869581,0.517639899933,contact_onset,ALL
0.047605972006,0,0,0.0341650956926,phase,B0_CURRENT_CONTACT_KMEANS__K64,1,1536,0.24097536894,0.00716145833333,0.0685221354167,0.483066477235,0.517082547846,post_contact,ALL
0.136663382603,0,0.0123949460165,0.0940593905217,pooled,B1_ACTION_ONLY__FULL,1.06559240818,6144,0.470301318331,0.076171875,0.171020507812,0.267329143647,0.547029695261,ALL,ALL
0.134807669474,0,0.0123949460165,0.0915557022671,task,B1_ACTION_ONLY__FULL,1.06559240818,1536,0.385060882614,0.0755208333333,0.161458333333,0.417603391134,0.545777851134,ALL,bowl_on_plate
0.143486202185,0,0.0123949460165,0.0977841138465,task,B1_ACTION_ONLY__FULL,1.06559240818,1536,0.427426386777,0.0735677083333,0.165852864583,0.237168476535,0.548892056923,ALL,plate_push
0.111494640643,0,0.0123949460165,0.0771485954305,task,B1_ACTION_ONLY__FULL,1.06559240818,1536,0.474989260569,0.0651041666667,0.160970052083,0.244930072166,0.538574297715,ALL,stove_turn_on
0.156865018111,0,0.0123949460165,0.109749150543,task,B1_ACTION_ONLY__FULL,1.06559240818,1536,0.593728743365,0.0904947916667,0.19580078125,0.169614634753,0.554874575271,ALL,wine_rack
0.149403409851,0,0.0123949460165,0.105528197001,phase,B1_ACTION_ONLY__FULL,1.06559240818,1536,0.799785896721,0.130208333333,0.23046875,0.0267928846628,0.552764098501,free_space,ALL
0.146967755555,0,0.0123949460165,0.0997209591775,phase,B1_ACTION_ONLY__FULL,1.06559240818,1536,0.35500632904,0.0559895833333,0.154052734375,0.36868103971,0.549860479589,pre_contact,ALL
0.12407509007,0,0.0123949460165,0.0852065241875,phase,B1_ACTION_ONLY__FULL,1.06559240818,1536,0.356411066857,0.0514322916667,0.14697265625,0.34698996684,0.542603262094,contact_onset,ALL
0.126207274937,0,0.0123949460165,0.0857818817206,phase,B1_ACTION_ONLY__FULL,1.06559240818,1536,0.370001980706,0.0670572916667,0.152587890625,0.326852683375,0.54289094086,post_contact,ALL
0.0502574864669,0,0.0123949460165,0.0370120620982,pooled,B1_ACTION_ONLY__K64,1.06559240818,6144,0.38575282771,0.0428059895833,0.0970662434896,0.28702035787,0.518506031049,ALL,ALL
0.0493224850408,0,0.0123949460165,0.0360840533406,task,B1_ACTION_ONLY__K64,1.06559240818,1536,0.309770624238,0.0416666666667,0.0946451822917,0.429559059856,0.51804202667,ALL,bowl_on_plate
0.0563695852255,0,0.0123949460165,0.0414610335684,task,B1_ACTION_ONLY__K64,1.06559240818,1536,0.343558811604,0.0364583333333,0.0974934895833,0.272225089852,0.520730516784,ALL,plate_push
0.0655640450135,0,0.0123949460165,0.0482986275698,task,B1_ACTION_ONLY__K64,1.06559240818,1536,0.403392650814,0.0403645833333,0.0953776041667,0.268114003197,0.524149313785,ALL,stove_turn_on
0.0297738305878,0,0.0123949460165,0.0222045339139,task,B1_ACTION_ONLY__K64,1.06559240818,1536,0.486289224186,0.052734375,0.100748697917,0.178183278574,0.511102266957,ALL,wine_rack
0.0969734495928,0,0.0123949460165,0.0712124658449,phase,B1_ACTION_ONLY__K64,1.06559240818,1536,0.683914754053,0.0598958333333,0.09130859375,0.0370715116935,0.535606232922,free_space,ALL
0.0361840460664,0,0.0123949460165,0.0262190677734,phase,B1_ACTION_ONLY__K64,1.06559240818,1536,0.285399938231,0.0403645833333,0.102132161458,0.381520243595,0.513109533887,pre_contact,ALL
0.038110615446,0,0.0123949460165,0.0284591026952,phase,B1_ACTION_ONLY__K64,1.06559240818,1536,0.284947664367,0.0384114583333,0.09521484375,0.376495536322,0.514229551348,contact_onset,ALL
0.0297618347624,0,0.0123949460165,0.0221576120792,phase,B1_ACTION_ONLY__K64,1.06559240818,1536,0.28874895419,0.0325520833333,0.099609375,0.35299413987,0.51107880604,post_contact,ALL
0.640845863961,0,0.00894824250963,0.496707894799,pooled,B2_STATIC_CONSEQUENCE__FULL,1.04927885532,6144,0.616903834884,0.228515625,0.375325520833,0.206854476071,0.748353947399,ALL,ALL
0.536243087824,0,0.00894824250963,0.417072926919,task,B2_STATIC_CONSEQUENCE__FULL,1.04927885532,1536,0.496043862981,0.214192708333,0.33447265625,0.368374844953,0.70853646346,ALL,bowl_on_plate
0.682864654606,0,0.00894824250963,0.535830253253,task,B2_STATIC_CONSEQUENCE__FULL,1.04927885532,1536,0.577900793532,0.22265625,0.366373697917,0.179115270317,0.767915126626,ALL,plate_push
0.682611429024,0,0.00894824250963,0.52421769875,task,B2_STATIC_CONSEQUENCE__FULL,1.04927885532,1536,0.662210986684,0.199869791667,0.385172526042,0.144809332722,0.762108849375,ALL,stove_turn_on
0.661664284389,0,0.00894824250963,0.509710700274,task,B2_STATIC_CONSEQUENCE__FULL,1.04927885532,1536,0.731459696341,0.27734375,0.415283203125,0.135118456293,0.754855350137,ALL,wine_rack
0.932039002961,0,0.00894824250963,0.785059445108,phase,B2_STATIC_CONSEQUENCE__FULL,1.04927885532,1536,0.974429102669,0.513671875,0.663981119792,0.0035309847043,0.892529722554,free_space,ALL
0.492209088065,0,0.00894824250963,0.354837511721,phase,B2_STATIC_CONSEQUENCE__FULL,1.04927885532,1536,0.481508362993,0.126302083333,0.267008463542,0.300945664292,0.677418755861,pre_contact,ALL
0.522511768827,0,0.00894824250963,0.384323891841,phase,B2_STATIC_CONSEQUENCE__FULL,1.04927885532,1536,0.469591173756,0.134114583333,0.260009765625,0.292091697641,0.692161945921,contact_onset,ALL
0.61662359599,0,0.00894824250963,0.462610730526,phase,B2_STATIC_CONSEQUENCE__FULL,1.04927885532,1536,0.54208670012,0.139973958333,0.310302734375,0.230849557649,0.731305365263,post_contact,ALL
0.00929354364383,0,0.00894824250963,0.0252023641642,pooled,B2_STATIC_CONSEQUENCE__K64,1.04927885532,6144,0.518105122159,0.113606770833,0.211690266927,0.22799741585,0.512601182082,ALL,ALL
0.0171414445979,0,0.00894824250963,0.0281656462758,task,B2_STATIC_CONSEQUENCE__K64,1.04927885532,1536,0.416125578286,0.100260416667,0.192545572917,0.379826074092,0.514082823138,ALL,bowl_on_plate
0.023924366517,0,0.00894824250963,0.0400239556937,task,B2_STATIC_CONSEQUENCE__K64,1.04927885532,1536,0.472376283716,0.114583333333,0.199869791667,0.206425096297,0.520011977847,ALL,plate_push
0.00654275647672,0,0.00894824250963,0.0226722899995,task,B2_STATIC_CONSEQUENCE__K64,1.04927885532,1536,0.554608578021,0.100911458333,0.2265625,0.16904751942,0.511336145,ALL,stove_turn_on
-0.0104343930163,0,0.00894824250963,0.0099475646879,task,B2_STATIC_CONSEQUENCE__K64,1.04927885532,1536,0.629310048615,0.138671875,0.227783203125,0.156690973591,0.504973782344,ALL,wine_rack
-0.00241562022433,0,0.00894824250963,0.0444171086237,phase,B2_STATIC_CONSEQUENCE__K64,1.04927885532,1536,0.871793411448,0.203776041667,0.295166015625,0.0100621357448,0.522208554312,free_space,ALL
-0.00692130962246,0,0.00894824250963,0.00188570807649,phase,B2_STATIC_CONSEQUENCE__K64,1.04927885532,1536,0.377428573896,0.0787760416667,0.1728515625,0.32571618174,0.500942854038,pre_contact,ALL
0.00884877701156,0,0.00894824250963,0.0155365218627,phase,B2_STATIC_CONSEQUENCE__K64,1.04927885532,1536,0.383418612599,0.078125,0.173177083333,0.323667786889,0.507768260931,contact_onset,ALL
0.0376623274106,0,0.00894824250963,0.0389701180941,phase,B2_STATIC_CONSEQUENCE__K64,1.04927885532,1536,0.439779890693,0.09375,0.20556640625,0.252543559027,0.519485059047,post_contact,ALL
0.136663382603,0,0.00818850282435,0.0940593905217,pooled,CONTROL_ACTION_ONLY__FULL,1.06559240818,6144,0.470301318331,0.076171875,0.171020507812,0.267329143647,0.547029695261,ALL,ALL
0.134807669474,0,0.00818850282435,0.0915557022671,task,CONTROL_ACTION_ONLY__FULL,1.06559240818,1536,0.385060882614,0.0755208333333,0.161458333333,0.417603391134,0.545777851134,ALL,bowl_on_plate
0.143486202185,0,0.00818850282435,0.0977841138465,task,CONTROL_ACTION_ONLY__FULL,1.06559240818,1536,0.427426386777,0.0735677083333,0.165852864583,0.237168476535,0.548892056923,ALL,plate_push
0.111494640643,0,0.00818850282435,0.0771485954305,task,CONTROL_ACTION_ONLY__FULL,1.06559240818,1536,0.474989260569,0.0651041666667,0.160970052083,0.244930072166,0.538574297715,ALL,stove_turn_on
0.156865018111,0,0.00818850282435,0.109749150543,task,CONTROL_ACTION_ONLY__FULL,1.06559240818,1536,0.593728743365,0.0904947916667,0.19580078125,0.169614634753,0.554874575271,ALL,wine_rack
0.149403409851,0,0.00818850282435,0.105528197001,phase,CONTROL_ACTION_ONLY__FULL,1.06559240818,1536,0.799785896721,0.130208333333,0.23046875,0.0267928846628,0.552764098501,free_space,ALL
0.146967755555,0,0.00818850282435,0.0997209591775,phase,CONTROL_ACTION_ONLY__FULL,1.06559240818,1536,0.35500632904,0.0559895833333,0.154052734375,0.36868103971,0.549860479589,pre_contact,ALL
0.12407509007,0,0.00818850282435,0.0852065241875,phase,CONTROL_ACTION_ONLY__FULL,1.06559240818,1536,0.356411066857,0.0514322916667,0.14697265625,0.34698996684,0.542603262094,contact_onset,ALL
0.126207274937,0,0.00818850282435,0.0857818817206,phase,CONTROL_ACTION_ONLY__FULL,1.06559240818,1536,0.370001980706,0.0670572916667,0.152587890625,0.326852683375,0.54289094086,post_contact,ALL
0.0502574864669,0,0.00818850282435,0.0370120620982,pooled,CONTROL_ACTION_ONLY__K64,1.06559240818,6144,0.38575282771,0.0428059895833,0.0970662434896,0.28702035787,0.518506031049,ALL,ALL
0.0493224850408,0,0.00818850282435,0.0360840533406,task,CONTROL_ACTION_ONLY__K64,1.06559240818,1536,0.309770624238,0.0416666666667,0.0946451822917,0.429559059856,0.51804202667,ALL,bowl_on_plate
0.0563695852255,0,0.00818850282435,0.0414610335684,task,CONTROL_ACTION_ONLY__K64,1.06559240818,1536,0.343558811604,0.0364583333333,0.0974934895833,0.272225089852,0.520730516784,ALL,plate_push
0.0655640450135,0,0.00818850282435,0.0482986275698,task,CONTROL_ACTION_ONLY__K64,1.06559240818,1536,0.403392650814,0.0403645833333,0.0953776041667,0.268114003197,0.524149313785,ALL,stove_turn_on
0.0297738305878,0,0.00818850282435,0.0222045339139,task,CONTROL_ACTION_ONLY__K64,1.06559240818,1536,0.486289224186,0.052734375,0.100748697917,0.178183278574,0.511102266957,ALL,wine_rack
0.0969734495928,0,0.00818850282435,0.0712124658449,phase,CONTROL_ACTION_ONLY__K64,1.06559240818,1536,0.683914754053,0.0598958333333,0.09130859375,0.0370715116935,0.535606232922,free_space,ALL
0.0361840460664,0,0.00818850282435,0.0262190677734,phase,CONTROL_ACTION_ONLY__K64,1.06559240818,1536,0.285399938231,0.0403645833333,0.102132161458,0.381520243595,0.513109533887,pre_contact,ALL
0.038110615446,0,0.00818850282435,0.0284591026952,phase,CONTROL_ACTION_ONLY__K64,1.06559240818,1536,0.284947664367,0.0384114583333,0.09521484375,0.376495536322,0.514229551348,contact_onset,ALL
0.0297618347624,0,0.00818850282435,0.0221576120792,phase,CONTROL_ACTION_ONLY__K64,1.06559240818,1536,0.28874895419,0.0325520833333,0.099609375,0.35299413987,0.51107880604,post_contact,ALL
0.637748733362,5.9739004001,0.0118304911578,0.493699504868,pooled,CONTROL_CONSEQUENCE_LABEL_SHUFFLED__FULL,12.6396847665,6144,0.614728172901,0.224934895833,0.37412516276,0.20868749447,0.746849752434,ALL,ALL
0.531295630141,5.99808505177,0.0118304911578,0.413390312295,task,CONTROL_CONSEQUENCE_LABEL_SHUFFLED__FULL,12.6531111598,1536,0.492834434595,0.201822916667,0.3330078125,0.375695332845,0.706695156147,ALL,bowl_on_plate
0.679118488234,5.79738721251,0.0118304911578,0.530499369133,task,CONTROL_CONSEQUENCE_LABEL_SHUFFLED__FULL,12.5989405513,1536,0.574997241455,0.22265625,0.363037109375,0.179761884142,0.765249684567,ALL,plate_push
0.681577989073,6.05895751715,0.0118304911578,0.523866867459,task,CONTROL_CONSEQUENCE_LABEL_SHUFFLED__FULL,12.6376666427,1536,0.660075164914,0.203125,0.382893880208,0.145647272983,0.76193343373,ALL,stove_turn_on
0.659002825999,6.04117181897,0.0118304911578,0.507041470585,task,CONTROL_CONSEQUENCE_LABEL_SHUFFLED__FULL,12.6690207124,1536,0.731005850641,0.272135416667,0.417561848958,0.133645487908,0.753520735293,ALL,wine_rack
0.931091965189,5.89459452033,0.0118304911578,0.783210608692,phase,CONTROL_CONSEQUENCE_LABEL_SHUFFLED__FULL,12.7049987912,1536,0.974022477273,0.49609375,0.663167317708,0.00360285628437,0.891605304346,free_space,ALL
0.491824236495,5.86604738235,0.0118304911578,0.353999679999,phase,CONTROL_CONSEQUENCE_LABEL_SHUFFLED__FULL,12.6620214581,1536,0.48111118855,0.127604166667,0.268229166667,0.303166118226,0.67699984,pre_contact,ALL
0.515755583514,6.0571668148,0.0118304911578,0.379723347781,phase,CONTROL_CONSEQUENCE_LABEL_SHUFFLED__FULL,12.6006254554,1536,0.466788044697,0.1328125,0.26025390625,0.292654869363,0.689861673891,contact_onset,ALL
0.612323148248,6.07779288292,0.0118304911578,0.457864383,phase,CONTROL_CONSEQUENCE_LABEL_SHUFFLED__FULL,12.5910933614,1536,0.536990981083,0.143229166667,0.304850260417,0.235326134005,0.7289321915,post_contact,ALL
-0.000171986419596,5.9739004001,0.0118304911578,0.0182457006721,pooled,CONTROL_CONSEQUENCE_LABEL_SHUFFLED__K64,12.6396847665,6144,0.515817233382,0.119140625,0.214274088542,0.227212194919,0.509122850336,ALL,ALL
0.00906325109396,5.99808505177,0.0118304911578,0.0217955249028,task,CONTROL_CONSEQUENCE_LABEL_SHUFFLED__K64,12.6531111598,1536,0.407975464108,0.106119791667,0.187662760417,0.392560961314,0.510897762451,ALL,bowl_on_plate
0.0169443978374,5.79738721251,0.0118304911578,0.0338908516637,task,CONTROL_CONSEQUENCE_LABEL_SHUFFLED__K64,12.5989405513,1536,0.475850965195,0.125,0.2080078125,0.205688496634,0.516945425832,ALL,plate_push
-0.0124330621602,6.05895751715,0.0118304911578,0.00970204877967,task,CONTROL_CONSEQUENCE_LABEL_SHUFFLED__K64,12.6376666427,1536,0.54475438199,0.102213541667,0.21923828125,0.171225807574,0.50485102439,ALL,stove_turn_on
-0.0142625324495,6.04117181897,0.0118304911578,0.00759437734238,task,CONTROL_CONSEQUENCE_LABEL_SHUFFLED__K64,12.6690207124,1536,0.634688122235,0.143229166667,0.2421875,0.139373514153,0.503797188671,ALL,wine_rack
-0.0176505184411,5.89459452033,0.0118304911578,0.0330367183474,phase,CONTROL_CONSEQUENCE_LABEL_SHUFFLED__K64,12.7049987912,1536,0.869489736845,0.213541666667,0.296875,0.00966590615709,0.516518359174,free_space,ALL
-0.0129710016434,5.86604738235,0.0118304911578,-0.00314598959098,phase,CONTROL_CONSEQUENCE_LABEL_SHUFFLED__K64,12.6620214581,1536,0.380960037025,0.0970052083333,0.183430989583,0.315982945715,0.498427005205,pre_contact,ALL
-0.00428236665806,6.0571668148,0.0118304911578,0.00672527953168,phase,CONTROL_CONSEQUENCE_LABEL_SHUFFLED__K64,12.6006254554,1536,0.382089743262,0.0826822916667,0.174886067708,0.32501720406,0.503362639766,contact_onset,ALL
0.0342159410642,6.07779288292,0.0118304911578,0.0363667944005,phase,CONTROL_CONSEQUENCE_LABEL_SHUFFLED__K64,12.5910933614,1536,0.430729416395,0.0833333333333,0.201904296875,0.258182723743,0.5181833972,post_contact,ALL
0.635643900982,5.92776058614,0.0207923909556,0.492189837556,pooled,CONTROL_CONTEXT_SHUFFLED__FULL,12.6015340835,6144,0.615751572119,0.224609375,0.370625813802,0.205569477293,0.746094918778,ALL,ALL
0.525861608671,5.96728876233,0.0207923909556,0.407649643465,task,CONTROL_CONTEXT_SHUFFLED__FULL,12.5548682809,1536,0.491977676853,0.20703125,0.3291015625,0.368643100525,0.703824821732,ALL,bowl_on_plate
0.678791788274,5.70856916904,0.0207923909556,0.531025936937,task,CONTROL_CONTEXT_SHUFFLED__FULL,12.5984815359,1536,0.578896897879,0.220052083333,0.361246744792,0.176682261911,0.765512968469,ALL,plate_push
0.685143993342,6.01365497708,0.0207923909556,0.528078700391,task,CONTROL_CONTEXT_SHUFFLED__FULL,12.6391065717,1536,0.666343904113,0.203125,0.384195963542,0.142741650583,0.764039350196,ALL,stove_turn_on
0.652778213642,6.02152943611,0.0207923909556,0.502005069429,task,CONTROL_CONTEXT_SHUFFLED__FULL,12.6136799455,1536,0.72578780963,0.268229166667,0.407958984375,0.134210896153,0.751002534714,ALL,wine_rack
0.932076588679,5.83831366897,0.0207923909556,0.784156201756,phase,CONTROL_CONTEXT_SHUFFLED__FULL,12.6958832145,1536,0.974388758517,0.494791666667,0.662434895833,0.00360474019715,0.892078100878,free_space,ALL
0.489450534085,5.78950017691,0.0207923909556,0.352437596631,phase,CONTROL_CONTEXT_SHUFFLED__FULL,12.6222430468,1536,0.479281854355,0.12890625,0.263346354167,0.300954907225,0.676218798315,pre_contact,ALL
0.505448466265,6.01215422153,0.0207923909556,0.368889543956,phase,CONTROL_CONTEXT_SHUFFLED__FULL,12.5399827957,1536,0.465241141558,0.137369791667,0.251790364583,0.289697538503,0.684444771978,contact_onset,ALL
0.615600014901,6.07107427716,0.0207923909556,0.463276007879,phase,CONTROL_CONTEXT_SHUFFLED__FULL,12.548027277,1536,0.544094534045,0.137369791667,0.304931640625,0.228020723246,0.73163800394,post_contact,ALL
0.00206961378441,5.92776058614,0.0207923909556,0.0198039382362,pooled,CONTROL_CONTEXT_SHUFFLED__K64,12.6015340835,6144,0.516596212382,0.1171875,0.208964029948,0.231188385781,0.509901969118,ALL,ALL
-0.0017345567614,5.96728876233,0.0207923909556,0.0144028810022,task,CONTROL_CONTEXT_SHUFFLED__K64,12.5548682809,1536,0.40587483559,0.109375,0.179606119792,0.403244508439,0.507201440501,ALL,bowl_on_plate
0.025100656057,5.70856916904,0.0207923909556,0.0394716796346,task,CONTROL_CONTEXT_SHUFFLED__K64,12.5984815359,1536,0.473246671681,0.118489583333,0.205891927083,0.202805260266,0.519735839817,ALL,plate_push
-0.00389952832341,6.01365497708,0.0207923909556,0.0159737036337,task,CONTROL_CONTEXT_SHUFFLED__K64,12.6391065717,1536,0.556855945696,0.0970052083333,0.2216796875,0.169874731811,0.507986851817,ALL,stove_turn_on
-0.0111881158345,6.02152943611,0.0207923909556,0.00936748867401,task,CONTROL_CONTEXT_SHUFFLED__K64,12.6136799455,1536,0.630407396561,0.143880208333,0.228678385417,0.148829042607,0.504683744337,ALL,wine_rack
-0.0153563344461,5.83831366897,0.0207923909556,0.035706361379,phase,CONTROL_CONTEXT_SHUFFLED__K64,12.6958832145,1536,0.869803341318,0.21484375,0.290608723958,0.00991008747872,0.517853180689,free_space,ALL
-0.0172001715337,5.78950017691,0.0207923909556,-0.00608803026439,phase,CONTROL_CONTEXT_SHUFFLED__K64,12.6222430468,1536,0.37189193737,0.0755208333333,0.169759114583,0.336842163794,0.496955984868,pre_contact,ALL
-0.00194669296708,6.01215422153,0.0207923909556,0.00619101825679,phase,CONTROL_CONTEXT_SHUFFLED__K64,12.5399827957,1536,0.383757274374,0.0891927083333,0.1708984375,0.328206008019,0.503095509128,contact_onset,ALL
0.0427816540845,6.07107427716,0.0207923909556,0.0434064035732,phase,CONTROL_CONTEXT_SHUFFLED__K64,12.548027277,1536,0.440932296465,0.0891927083333,0.20458984375,0.249795283832,0.521703201787,post_contact,ALL
0.651543012206,1.9643285647,0.00771243625448,0.508607885231,pooled,CONTROL_CURRENT_CONTACT_ONLY__FULL,4.56583504379,6144,0.622700659217,0.23046875,0.382588704427,0.204189365942,0.754303942616,ALL,ALL
0.538958569233,0.859895020723,0.00771243625448,0.4190739509,task,CONTROL_CURRENT_CONTACT_ONLY__FULL,1.75930422544,1536,0.496391344225,0.208984375,0.335530598958,0.367784280634,0.70953697545,ALL,bowl_on_plate
0.685078588174,1.63473248482,0.00771243625448,0.537657141855,task,CONTROL_CURRENT_CONTACT_ONLY__FULL,3.38613545895,1536,0.582017447928,0.220052083333,0.367594401042,0.178092418124,0.768828570928,ALL,plate_push
0.711506179128,3.33411645889,0.00771243625448,0.554882979794,task,CONTROL_CURRENT_CONTACT_ONLY__FULL,9.09062147141,1536,0.678401737576,0.20703125,0.401448567708,0.139438595375,0.777441489897,ALL,stove_turn_on
0.670628712289,2.02857029438,0.00771243625448,0.522817468374,task,CONTROL_CURRENT_CONTACT_ONLY__FULL,4.02727901936,1536,0.73399210714,0.285807291667,0.42578125,0.131442169634,0.761408734187,ALL,wine_rack
0.943750726635,1.8828047961,0.00771243625448,0.803831520408,phase,CONTROL_CURRENT_CONTACT_ONLY__FULL,4.42988023162,1536,0.976954001746,0.516927083333,0.675699869792,0.00324825132706,0.901915760204,free_space,ALL
0.497886389541,1.8828047961,0.00771243625448,0.359166040626,phase,CONTROL_CURRENT_CONTACT_ONLY__FULL,4.42988023162,1536,0.48427244465,0.123697916667,0.26953125,0.300475638451,0.679583020313,pre_contact,ALL
0.528349001236,2.04585233331,0.00771243625448,0.388555823286,phase,CONTROL_CURRENT_CONTACT_ONLY__FULL,4.70178985596,1536,0.472335163213,0.135416666667,0.263346354167,0.290508104043,0.694277911643,contact_onset,ALL
0.636185931412,2.04585233331,0.00771243625448,0.482878156605,phase,CONTROL_CURRENT_CONTACT_ONLY__FULL,4.70178985596,1536,0.557241027261,0.145833333333,0.32177734375,0.222525469945,0.741439078302,post_contact,ALL
0.0015197924688,1.9643285647,0.00771243625448,0.0212687001173,pooled,CONTROL_CURRENT_CONTACT_ONLY__K64,4.56583504379,6144,0.52381385935,0.12939453125,0.215067545573,0.220855594158,0.510634350059,ALL,ALL
0.00225409718172,0.859895020723,0.00771243625448,0.0180006454515,task,CONTROL_CURRENT_CONTACT_ONLY__K64,1.75930422544,1536,0.416103329534,0.106119791667,0.18701171875,0.368764083662,0.509000322726,ALL,bowl_on_plate
0.0153309388382,1.63473248482,0.00771243625448,0.0334531152253,task,CONTROL_CURRENT_CONTACT_ONLY__K64,3.38613545895,1536,0.47823281798,0.130208333333,0.201334635417,0.202152151014,0.516726557613,ALL,plate_push
0.013649807902,3.33411645889,0.00771243625448,0.0319145261256,task,CONTROL_CURRENT_CONTACT_ONLY__K64,9.09062147141,1536,0.567666561857,0.126953125,0.242268880208,0.157849823031,0.515957263063,ALL,stove_turn_on
-0.0251556740467,2.02857029438,0.00771243625448,0.00170651366686,task,CONTROL_CURRENT_CONTACT_ONLY__K64,4.02727901936,1536,0.633252728028,0.154296875,0.229654947917,0.154656318924,0.500853256833,ALL,wine_rack
-0.0159776625773,1.8828047961,0.00771243625448,0.0399848835981,phase,CONTROL_CURRENT_CONTACT_ONLY__K64,4.42988023162,1536,0.873881454339,0.253255208333,0.297119140625,0.00899168985237,0.519992441799,free_space,ALL
-0.0136213427084,1.8828047961,0.00771243625448,-0.00334947875014,phase,CONTROL_CURRENT_CONTACT_ONLY__K64,4.42988023162,1536,0.381194392138,0.0859375,0.174072265625,0.313462612229,0.498325260625,pre_contact,ALL
0.00600928363695,2.04585233331,0.00771243625448,0.0133050785058,phase,CONTROL_CURRENT_CONTACT_ONLY__K64,4.70178985596,1536,0.390314168732,0.0813802083333,0.177001953125,0.314558134103,0.506652539253,contact_onset,ALL
0.0296688915239,2.04585233331,0.00771243625448,0.0351343171154,phase,CONTROL_CURRENT_CONTACT_ONLY__K64,4.70178985596,1536,0.449865422191,0.0970052083333,0.212076822917,0.246409940446,0.517567158558,post_contact,ALL
0.628392595244,5.94799294323,0.0103086736153,0.485476389805,pooled,CONTROL_JOINT_STATE_NOMINAL_SHUFFLED__FULL,12.605021134,6144,0.612151630303,0.220540364583,0.368347167969,0.207825442842,0.742738194903,ALL,ALL
0.52206987736,6.03008291125,0.0103086736153,0.405962926509,task,CONTROL_JOINT_STATE_NOMINAL_SHUFFLED__FULL,12.5954173803,1536,0.490039837593,0.212890625,0.329671223958,0.37013079162,0.702981463255,ALL,bowl_on_plate
0.662626422372,5.70350539684,0.0103086736153,0.517828723936,task,CONTROL_JOINT_STATE_NOMINAL_SHUFFLED__FULL,12.5868960619,1536,0.570341615102,0.211588541667,0.354329427083,0.18275928885,0.758914361968,ALL,plate_push
0.675506328001,6.0513894856,0.0103086736153,0.516729644248,task,CONTROL_JOINT_STATE_NOMINAL_SHUFFLED__FULL,12.6112193465,1536,0.658473777135,0.197916666667,0.376546223958,0.148682957493,0.758364822124,ALL,stove_turn_on
0.653367753242,6.00699397922,0.0103086736153,0.501384264528,task,CONTROL_JOINT_STATE_NOMINAL_SHUFFLED__FULL,12.6265517473,1536,0.729751291382,0.259765625,0.412841796875,0.129728733403,0.750692132264,ALL,wine_rack
0.930547218943,5.83817440271,0.0103086736153,0.7823378007,phase,CONTROL_JOINT_STATE_NOMINAL_SHUFFLED__FULL,12.6851661801,1536,0.973604873906,0.490885416667,0.660725911458,0.00370967882846,0.89116890035,free_space,ALL
0.480326910734,5.82368966937,0.0103086736153,0.34521157685,phase,CONTROL_JOINT_STATE_NOMINAL_SHUFFLED__FULL,12.6303780675,1536,0.478247177877,0.127604166667,0.262288411458,0.295186915755,0.672605788425,pre_contact,ALL
0.50425919347,6.043987602,0.0103086736153,0.369062318461,phase,CONTROL_JOINT_STATE_NOMINAL_SHUFFLED__FULL,12.5445573926,1536,0.467964219698,0.129557291667,0.25341796875,0.296975058697,0.684531159231,contact_onset,ALL
0.598437057828,6.08612009883,0.0103086736153,0.44529386321,phase,CONTROL_JOINT_STATE_NOMINAL_SHUFFLED__FULL,12.5599828959,1536,0.52879024973,0.134114583333,0.296956380208,0.235430118087,0.722646931605,post_contact,ALL
-0.0027951332626,5.94799294323,0.0103086736153,0.0152874034778,pooled,CONTROL_JOINT_STATE_NOMINAL_SHUFFLED__K64,12.605021134,6144,0.51284061666,0.113118489583,0.20908610026,0.228808746132,0.507643701739,ALL,ALL
-0.000947536631327,6.03008291125,0.0103086736153,0.0139162822059,task,CONTROL_JOINT_STATE_NOMINAL_SHUFFLED__K64,12.5954173803,1536,0.408223992753,0.104817708333,0.1845703125,0.381756462622,0.506958141103,ALL,bowl_on_plate
0.00346186192702,5.70350539684,0.0103086736153,0.023241742301,task,CONTROL_JOINT_STATE_NOMINAL_SHUFFLED__K64,12.5868960619,1536,0.463556057469,0.108723958333,0.195149739583,0.212248540063,0.51162087115,ALL,plate_push
-0.00662702647749,6.0513894856,0.0103086736153,0.0129806751826,task,CONTROL_JOINT_STATE_NOMINAL_SHUFFLED__K64,12.6112193465,1536,0.548050722795,0.100260416667,0.222981770833,0.173326757205,0.506490337591,ALL,stove_turn_on
-0.00706783186861,6.00699397922,0.0103086736153,0.0110109142216,task,CONTROL_JOINT_STATE_NOMINAL_SHUFFLED__K64,12.6265517473,1536,0.631531693622,0.138671875,0.233642578125,0.147903224636,0.505505457111,ALL,wine_rack
-0.00800312665206,5.83817440271,0.0103086736153,0.0394258668959,phase,CONTROL_JOINT_STATE_NOMINAL_SHUFFLED__K64,12.6851661801,1536,0.869358677447,0.197916666667,0.290120442708,0.010676687504,0.519712933448,free_space,ALL
-0.0238668107458,5.82368966937,0.0103086736153,-0.011569195008,phase,CONTROL_JOINT_STATE_NOMINAL_SHUFFLED__K64,12.6303780675,1536,0.370746735204,0.0872395833333,0.167724609375,0.325432616511,0.494215402496,pre_contact,ALL
-0.0151295769001,6.043987602,0.0103086736153,-0.00259297819574,phase,CONTROL_JOINT_STATE_NOMINAL_SHUFFLED__K64,12.5445573926,1536,0.377451922173,0.0826822916667,0.174235026042,0.329380976646,0.498703510902,contact_onset,ALL
0.0358189812475,6.08612009883,0.0103086736153,0.0358859202189,phase,CONTROL_JOINT_STATE_NOMINAL_SHUFFLED__K64,12.5599828959,1536,0.433805131815,0.0846354166667,0.204264322917,0.249744703866,0.517942960109,post_contact,ALL
0.635126675363,5.93426402658,0.0100172508724,0.492033613468,pooled,CONTROL_NOMINAL_SHUFFLED__FULL,12.6272268742,6144,0.615637358223,0.224934895833,0.373209635417,0.206082964454,0.746016806734,ALL,ALL
0.528685670294,5.93280625343,0.0100172508724,0.410882584379,task,CONTROL_NOMINAL_SHUFFLED__FULL,12.6342863441,1536,0.495323568496,0.203776041667,0.331624348958,0.365466085812,0.70544129219,ALL,bowl_on_plate
0.671727947805,5.76000764966,0.0100172508724,0.526023776887,task,CONTROL_NOMINAL_SHUFFLED__FULL,12.5680350065,1536,0.575860717554,0.231770833333,0.360921223958,0.179124471286,0.763011888443,ALL,plate_push
0.682180582262,6.00190281868,0.0100172508724,0.523912844901,task,CONTROL_NOMINAL_SHUFFLED__FULL,12.6232261658,1536,0.663229232078,0.192708333333,0.38427734375,0.145707514513,0.761956422451,ALL,stove_turn_on
0.657912501091,6.04233938456,0.0100172508724,0.507315247703,task,CONTROL_NOMINAL_SHUFFLED__FULL,12.6833599806,1536,0.728135914764,0.271484375,0.416015625,0.134033786205,0.753657623852,ALL,wine_rack
0.932356161863,5.81745219231,0.0100172508724,0.785619654159,phase,CONTROL_NOMINAL_SHUFFLED__FULL,12.6482156515,1536,0.975006069652,0.492838541667,0.666422526042,0.00360937030166,0.892809827079,free_space,ALL
0.486422710848,5.80703291297,0.0100172508724,0.349742437555,phase,CONTROL_NOMINAL_SHUFFLED__FULL,12.6439144611,1536,0.479440592504,0.130208333333,0.261800130208,0.293813992731,0.674871218778,pre_contact,ALL
0.514735626196,6.03671479225,0.0100172508724,0.377755805205,phase,CONTROL_NOMINAL_SHUFFLED__FULL,12.6149389148,1536,0.469076250183,0.130859375,0.259195963542,0.294529394855,0.688877902603,contact_onset,ALL
0.606992202545,6.0758562088,0.0100172508724,0.455016556951,phase,CONTROL_NOMINAL_SHUFFLED__FULL,12.6018384695,1536,0.539026520552,0.145833333333,0.305419921875,0.232379099928,0.727508278475,post_contact,ALL
0.000755055821732,5.93426402658,0.0100172508724,0.0189698042693,pooled,CONTROL_NOMINAL_SHUFFLED__K64,12.6272268742,6144,0.516272611631,0.118001302083,0.211018880208,0.234859863417,0.509484902135,ALL,ALL
0.0152116561844,5.93280625343,0.0100172508724,0.0260988021855,task,CONTROL_NOMINAL_SHUFFLED__K64,12.6342863441,1536,0.412517352878,0.110026041667,0.18603515625,0.395269916616,0.513049401093,ALL,bowl_on_plate
0.00159930063238,5.76000764966,0.0100172508724,0.0226739587978,task,CONTROL_NOMINAL_SHUFFLED__K64,12.5680350065,1536,0.469033254195,0.129557291667,0.203776041667,0.215560603212,0.511336979399,ALL,plate_push
-0.00347383197317,6.00190281868,0.0100172508724,0.0164090415522,task,CONTROL_NOMINAL_SHUFFLED__K64,12.6232261658,1536,0.550212784828,0.0872395833333,0.223388671875,0.175996459215,0.508204520776,ALL,stove_turn_on
-0.0103169015567,6.04233938456,0.0100172508724,0.0106974145415,task,CONTROL_NOMINAL_SHUFFLED__K64,12.6833599806,1536,0.633327054625,0.145182291667,0.230875651042,0.152612474627,0.505348707271,ALL,wine_rack
-0.0127695149599,5.81745219231,0.0100172508724,0.0374576762215,phase,CONTROL_NOMINAL_SHUFFLED__K64,12.6482156515,1536,0.870700017468,0.20703125,0.289143880208,0.0102797738046,0.518728838111,free_space,ALL
-0.0112354591327,5.80703291297,0.0100172508724,-0.00169191905548,phase,CONTROL_NOMINAL_SHUFFLED__K64,12.6439144611,1536,0.373087478156,0.0865885416667,0.175455729167,0.33904918428,0.499154040472,pre_contact,ALL
0.0052664096794,6.03671479225,0.0100172508724,0.0124104866698,phase,CONTROL_NOMINAL_SHUFFLED__K64,12.6149389148,1536,0.385793846799,0.0833333333333,0.175455729167,0.331065273969,0.506205243335,contact_onset,ALL
0.0217587877001,6.0758562088,0.0100172508724,0.0277029732412,phase,CONTROL_NOMINAL_SHUFFLED__K64,12.6018384695,1536,0.435509104102,0.0950520833333,0.204020182292,0.259045221615,0.513851486621,post_contact,ALL
0.636525504587,5.88384754956,0.00895178569888,0.493274349108,pooled,CONTROL_NO_REVERSAL_LOSS__FULL,12.581068635,6144,0.616489163243,0.224283854167,0.373250325521,0.204141323855,0.746637174554,ALL,ALL
0.53251823328,5.89046397805,0.00895178569888,0.414656191047,task,CONTROL_NO_REVERSAL_LOSS__FULL,12.5918689966,1536,0.494276320737,0.206380208333,0.332438151042,0.363350587834,0.707328095524,ALL,bowl_on_plate
0.68215170851,5.73882573843,0.00895178569888,0.534208516298,task,CONTROL_NO_REVERSAL_LOSS__FULL,12.5553069115,1536,0.582038878635,0.223307291667,0.369547526042,0.17732782906,0.767104258149,ALL,plate_push
0.675997219829,5.88229185343,0.00895178569888,0.517689752374,task,CONTROL_NO_REVERSAL_LOSS__FULL,12.6591927409,1536,0.661566405304,0.198567708333,0.379720052083,0.13816616026,0.758844876187,ALL,stove_turn_on
0.65543485673,6.02380862832,0.00895178569888,0.506542936711,task,CONTROL_NO_REVERSAL_LOSS__FULL,12.5179058909,1536,0.728075048298,0.268880208333,0.411295572917,0.137720718266,0.753271468355,ALL,wine_rack
0.935401528557,5.62614652514,0.00895178569888,0.790348838196,phase,CONTROL_NO_REVERSAL_LOSS__FULL,12.6771254539,1536,0.975676282836,0.507161458333,0.672526041667,0.0034924937991,0.895174419098,free_space,ALL
0.488049111677,5.73323354125,0.00895178569888,0.351275685575,phase,CONTROL_NO_REVERSAL_LOSS__FULL,12.6125594974,1536,0.480151377972,0.122395833333,0.261149088542,0.300553915677,0.675637842787,pre_contact,ALL
0.511843998941,6.0620367527,0.00895178569888,0.374007921319,phase,CONTROL_NO_REVERSAL_LOSS__FULL,12.5807656646,1536,0.468423057138,0.132161458333,0.25341796875,0.285179000893,0.68700396066,contact_onset,ALL
0.610807379173,6.11397337914,0.00895178569888,0.45746495134,phase,CONTROL_NO_REVERSAL_LOSS__FULL,12.4538239241,1536,0.541705935028,0.135416666667,0.305908203125,0.22733988505,0.72873247567,post_contact,ALL
0.00232779464492,5.88384754956,0.00895178569888,0.020487836379,pooled,CONTROL_NO_REVERSAL_LOSS__K64,12.581068635,6144,0.516985086629,0.11865234375,0.209676106771,0.22533988638,0.51024391819,ALL,ALL
0.0105415533682,5.89046397805,0.00895178569888,0.0236190695949,task,CONTROL_NO_REVERSAL_LOSS__K64,12.5918689966,1536,0.410600641319,0.102864583333,0.185302734375,0.385092854258,0.511809534797,ALL,bowl_on_plate
0.0151991724323,5.73882573843,0.00895178569888,0.0335531513487,task,CONTROL_NO_REVERSAL_LOSS__K64,12.5553069115,1536,0.476804482678,0.13671875,0.202067057292,0.20149461892,0.516776575674,ALL,plate_push
-0.00355180936811,5.88229185343,0.00895178569888,0.015480727755,task,CONTROL_NO_REVERSAL_LOSS__K64,12.6591927409,1536,0.552865413931,0.0950520833333,0.223714192708,0.165937207692,0.507740363877,ALL,stove_turn_on
-0.0128777378527,6.02380862832,0.00895178569888,0.00929839681758,task,CONTROL_NO_REVERSAL_LOSS__K64,12.5179058909,1536,0.627669808588,0.139973958333,0.227620442708,0.148834864648,0.504649198409,ALL,wine_rack
-0.00962471823831,5.62614652514,0.00895178569888,0.0416177802059,phase,CONTROL_NO_REVERSAL_LOSS__K64,12.6771254539,1536,0.873824158367,0.229166666667,0.294596354167,0.00859379261991,0.520808890103,free_space,ALL
-0.0134693183228,5.73323354125,0.00895178569888,-0.00349865472999,phase,CONTROL_NO_REVERSAL_LOSS__K64,12.6125594974,1536,0.380320336205,0.0865885416667,0.174153645833,0.31560032779,0.498250672635,pre_contact,ALL
-0.0027487578944,6.0620367527,0.00895178569888,0.00655208209238,phase,CONTROL_NO_REVERSAL_LOSS__K64,12.5807656646,1536,0.380875833463,0.0794270833333,0.165283203125,0.316623041092,0.503276041046,contact_onset,ALL
0.0351539730352,6.11397337914,0.00895178569888,0.0372801379479,phase,CONTROL_NO_REVERSAL_LOSS__K64,12.4538239241,1536,0.432920018481,0.0794270833333,0.204671223958,0.260542384016,0.518640068974,post_contact,ALL
0.655450491377,2.2012174353,0.00972782378186,0.512507935275,pooled,CONTROL_PHASE_ONLY__FULL,4.69091944396,6144,0.623740053962,0.230631510417,0.384989420573,0.202971822856,0.756253967637,ALL,ALL
0.541691860746,1.57308793068,0.00972782378186,0.420218328196,task,CONTROL_PHASE_ONLY__FULL,2.89156663418,1536,0.498204235151,0.209635416667,0.337972005208,0.364361218825,0.710109164098,ALL,bowl_on_plate
0.691612792262,2.03604796529,0.00972782378186,0.544295555847,task,CONTROL_PHASE_ONLY__FULL,4.26284748316,1536,0.582105488886,0.217447916667,0.36962890625,0.179266766804,0.772147777924,ALL,plate_push
0.716198239702,3.39975088835,0.00972782378186,0.562251337872,task,CONTROL_PHASE_ONLY__FULL,7.99768078327,1536,0.679912924353,0.211588541667,0.406087239583,0.136340551812,0.781125668936,ALL,stove_turn_on
0.672299072798,1.79598295689,0.00972782378186,0.523266519183,task,CONTROL_PHASE_ONLY__FULL,3.61158287525,1536,0.734737567457,0.283854166667,0.42626953125,0.131918753983,0.761633259592,ALL,wine_rack
0.947547111963,2.67460942268,0.00972782378186,0.809369969887,phase,CONTROL_PHASE_ONLY__FULL,5.07259440422,1536,0.978030737817,0.517578125,0.683349609375,0.00321378065098,0.904684984943,free_space,ALL
0.49991775413,1.94745323062,0.00972782378186,0.360369762624,phase,CONTROL_PHASE_ONLY__FULL,4.25968468189,1536,0.485275702339,0.126302083333,0.268880208333,0.29787447957,0.680184881312,pre_contact,ALL
0.534373865764,1.82574763894,0.00972782378186,0.39416938068,phase,CONTROL_PHASE_ONLY__FULL,4.17294031382,1536,0.474288950295,0.1328125,0.265869140625,0.288093552771,0.69708469034,contact_onset,ALL
0.639963233651,2.35705944896,0.00972782378186,0.486122627907,phase,CONTROL_PHASE_ONLY__FULL,5.25845837593,1536,0.557364825397,0.145833333333,0.321858723958,0.222705478432,0.743061313954,post_contact,ALL
0.0101489042534,2.2012174353,0.00972782378186,0.0275284167305,pooled,CONTROL_PHASE_ONLY__K64,4.69091944396,6144,0.527193465015,0.132649739583,0.221028645833,0.2160823355,0.513764208365,ALL,ALL
0.0240468980362,1.57308793068,0.00972782378186,0.0326694561833,task,CONTROL_PHASE_ONLY__K64,2.89156663418,1536,0.423784246013,0.117838541667,0.199137369792,0.360383274282,0.516334728092,ALL,bowl_on_plate
0.00530063892099,2.03604796529,0.00972782378186,0.0269797258497,task,CONTROL_PHASE_ONLY__K64,4.26284748316,1536,0.473939933854,0.113932291667,0.205973307292,0.205721600505,0.513489862925,ALL,plate_push
0.0103807112218,3.39975088835,0.00972782378186,0.0310261222201,task,CONTROL_PHASE_ONLY__K64,7.99768078327,1536,0.566710530869,0.129557291667,0.235107421875,0.160871541256,0.51551306111,ALL,stove_turn_on
0.000867368834596,1.79598295689,0.00972782378186,0.0194383626688,task,CONTROL_PHASE_ONLY__K64,3.61158287525,1536,0.644339149321,0.169270833333,0.243896484375,0.137352925957,0.509719181334,ALL,wine_rack
0.00735921366167,2.67460942268,0.00972782378186,0.0553239204704,phase,CONTROL_PHASE_ONLY__K64,5.07259440422,1536,0.880142442782,0.2421875,0.306396484375,0.00938889672295,0.527661960235,free_space,ALL
-0.025605921669,1.94745323062,0.00972782378186,-0.0116262776145,phase,CONTROL_PHASE_ONLY__K64,4.25968468189,1536,0.377614707955,0.09375,0.17333984375,0.317314776941,0.494186861193,pre_contact,ALL
0.00910437237438,1.82574763894,0.00972782378186,0.016425479333,phase,CONTROL_PHASE_ONLY__K64,4.17294031382,1536,0.397050636098,0.0970052083333,0.188639322917,0.297335311646,0.508212739667,contact_onset,ALL
0.0497379526466,2.35705944896,0.00972782378186,0.049990544733,phase,CONTROL_PHASE_ONLY__K64,5.25845837593,1536,0.453966073223,0.09765625,0.215738932292,0.240290356691,0.524995272366,post_contact,ALL
0.636795437705,5.91335242987,0.00868688916474,0.492736976413,pooled,P1_CONTEXT_GATED_PSD__FULL,12.5928348154,6144,0.616227637888,0.221516927083,0.370524088542,0.207941134265,0.746368488206,ALL,ALL
0.525210625067,5.94209578633,0.00868688916474,0.407364742192,task,P1_CONTEXT_GATED_PSD__FULL,12.5673155785,1536,0.490477512089,0.20703125,0.325846354167,0.375519280618,0.703682371096,ALL,bowl_on_plate
0.67631922063,5.72630530596,0.00868688916474,0.527404299787,task,P1_CONTEXT_GATED_PSD__FULL,12.6435362101,1536,0.576681453895,0.208333333333,0.358235677083,0.18154934344,0.763702149893,ALL,plate_push
0.693015510922,5.97866743803,0.00868688916474,0.534148968644,task,P1_CONTEXT_GATED_PSD__FULL,12.586676538,1536,0.670125788062,0.197265625,0.389404296875,0.138311140092,0.767074484322,ALL,stove_turn_on
0.6526363942,6.00634118915,0.00868688916474,0.502029895027,task,P1_CONTEXT_GATED_PSD__FULL,12.573810935,1536,0.727625797507,0.2734375,0.408610026042,0.136384772909,0.751014947513,ALL,wine_rack
0.932084660016,5.78446170688,0.00868688916474,0.783170347578,phase,P1_CONTEXT_GATED_PSD__FULL,12.6544780135,1536,0.973143253581,0.4921875,0.657552083333,0.00389802918695,0.891585173789,free_space,ALL
0.487126889813,5.79354259372,0.00868688916474,0.350938877739,phase,P1_CONTEXT_GATED_PSD__FULL,12.6055338979,1536,0.478908477628,0.125651041667,0.265218098958,0.306980427324,0.675469438869,pre_contact,ALL
0.514853594694,6.01550406218,0.00868688916474,0.375870443065,phase,P1_CONTEXT_GATED_PSD__FULL,12.5799364448,1536,0.468031281819,0.129557291667,0.254964192708,0.293895548062,0.687935221533,contact_onset,ALL
0.613116606295,6.0599013567,0.00868688916474,0.460968237268,phase,P1_CONTEXT_GATED_PSD__FULL,12.5313909054,1536,0.544827538526,0.138671875,0.304361979167,0.226990532486,0.730484118634,post_contact,ALL
0.000736073753282,5.91335242987,0.00868688916474,0.0185688072115,pooled,P1_CONTEXT_GATED_PSD__K64,12.5928348154,6144,0.51934270024,0.129231770833,0.21630859375,0.225555545418,0.509284403606,ALL,ALL
-0.0157493079049,5.94209578633,0.00868688916474,0.00342226374438,task,P1_CONTEXT_GATED_PSD__K64,12.5673155785,1536,0.410367187353,0.129557291667,0.190104166667,0.388447359535,0.501711131872,ALL,bowl_on_plate
0.0349857062839,5.72630530596,0.00868688916474,0.0455844652013,task,P1_CONTEXT_GATED_PSD__K64,12.6435362101,1536,0.483339820556,0.143229166667,0.215087890625,0.199696809079,0.522792232601,ALL,plate_push
0.00125912662421,5.97866743803,0.00868688916474,0.0202644199654,task,P1_CONTEXT_GATED_PSD__K64,12.586676538,1536,0.558963677414,0.104817708333,0.226888020833,0.16380637296,0.510132209983,ALL,stove_turn_on
-0.0175512299901,6.00634118915,0.00868688916474,0.00500407993499,task,P1_CONTEXT_GATED_PSD__K64,12.573810935,1536,0.624700115635,0.139322916667,0.233154296875,0.150271640098,0.502502039967,ALL,wine_rack
-4.35636245356e-05,5.78446170688,0.00868688916474,0.0456985424914,phase,P1_CONTEXT_GATED_PSD__K64,12.6544780135,1536,0.872307950391,0.242838541667,0.303304036458,0.00928258784794,0.522849271246,free_space,ALL
-0.0354306239567,5.79354259372,0.00868688916474,-0.0191491602162,phase,P1_CONTEXT_GATED_PSD__K64,12.6055338979,1536,0.373550818486,0.091796875,0.17138671875,0.318794189796,0.490425419892,pre_contact,ALL
0.00311213869136,6.01550406218,0.00868688916474,0.0102925618817,phase,P1_CONTEXT_GATED_PSD__K64,12.5799364448,1536,0.389544040253,0.0865885416667,0.1806640625,0.327160471112,0.505146280941,contact_onset,ALL
0.035306343903,6.0599013567,0.00868688916474,0.0374332846891,phase,P1_CONTEXT_GATED_PSD__K64,12.5313909054,1536,0.441967991828,0.095703125,0.209879557292,0.246984932916,0.518716642345,post_contact,ALL
