action_reconstruction_rmse,atlas_size,balanced_task_effect_error,candidate_distance_spearman,clipped,code_perplexity,contact_mode_preserved,context_modulation_norm,error_group_contact_mode_and_penetration,error_group_gripper_and_articulation,error_group_object_pose,error_group_task_progress_and_constraint,error_group_tcp_object_relative_pose,inference_latency_ms,intervention,joint_reversal_accuracy,kendall_tau,level,method,metric_condition_number,n,ndcg_at_16,normalized_code_utilization,object_pose_error,oracle_neighbor_recall_at_1,oracle_neighbor_recall_at_8,oracle_regret,pairs,pairwise_accuracy,phase,row_type,selected_code_change_fraction,side_accuracy,side_s1_accuracy,side_s2_accuracy,task_id,task_progress_abs_error,tcp_object_relative_pose_error,unique_codes,valid_bank_size
,,,0.136663382603,,,,0,,,,,,0.00818850282435,,,0.0940593905217,pooled,CONTROL_ACTION_ONLY__FULL,1.06559240818,6144,0.470301318331,,,0.076171875,0.171020507812,0.267329143647,,0.547029695261,ALL,,,,,,ALL,,,,
,,,0.134807669474,,,,0,,,,,,0.00818850282435,,,0.0915557022671,task,CONTROL_ACTION_ONLY__FULL,1.06559240818,1536,0.385060882614,,,0.0755208333333,0.161458333333,0.417603391134,,0.545777851134,ALL,,,,,,bowl_on_plate,,,,
,,,0.143486202185,,,,0,,,,,,0.00818850282435,,,0.0977841138465,task,CONTROL_ACTION_ONLY__FULL,1.06559240818,1536,0.427426386777,,,0.0735677083333,0.165852864583,0.237168476535,,0.548892056923,ALL,,,,,,plate_push,,,,
,,,0.111494640643,,,,0,,,,,,0.00818850282435,,,0.0771485954305,task,CONTROL_ACTION_ONLY__FULL,1.06559240818,1536,0.474989260569,,,0.0651041666667,0.160970052083,0.244930072166,,0.538574297715,ALL,,,,,,stove_turn_on,,,,
,,,0.156865018111,,,,0,,,,,,0.00818850282435,,,0.109749150543,task,CONTROL_ACTION_ONLY__FULL,1.06559240818,1536,0.593728743365,,,0.0904947916667,0.19580078125,0.169614634753,,0.554874575271,ALL,,,,,,wine_rack,,,,
,,,0.149403409851,,,,0,,,,,,0.00818850282435,,,0.105528197001,phase,CONTROL_ACTION_ONLY__FULL,1.06559240818,1536,0.799785896721,,,0.130208333333,0.23046875,0.0267928846628,,0.552764098501,free_space,,,,,,ALL,,,,
,,,0.146967755555,,,,0,,,,,,0.00818850282435,,,0.0997209591775,phase,CONTROL_ACTION_ONLY__FULL,1.06559240818,1536,0.35500632904,,,0.0559895833333,0.154052734375,0.36868103971,,0.549860479589,pre_contact,,,,,,ALL,,,,
,,,0.12407509007,,,,0,,,,,,0.00818850282435,,,0.0852065241875,phase,CONTROL_ACTION_ONLY__FULL,1.06559240818,1536,0.356411066857,,,0.0514322916667,0.14697265625,0.34698996684,,0.542603262094,contact_onset,,,,,,ALL,,,,
,,,0.126207274937,,,,0,,,,,,0.00818850282435,,,0.0857818817206,phase,CONTROL_ACTION_ONLY__FULL,1.06559240818,1536,0.370001980706,,,0.0670572916667,0.152587890625,0.326852683375,,0.54289094086,post_contact,,,,,,ALL,,,,
,,,0.0502574864669,,,,0,,,,,,0.00818850282435,,,0.0370120620982,pooled,CONTROL_ACTION_ONLY__K64,1.06559240818,6144,0.38575282771,,,0.0428059895833,0.0970662434896,0.28702035787,,0.518506031049,ALL,,,,,,ALL,,,,
,,,0.0493224850408,,,,0,,,,,,0.00818850282435,,,0.0360840533406,task,CONTROL_ACTION_ONLY__K64,1.06559240818,1536,0.309770624238,,,0.0416666666667,0.0946451822917,0.429559059856,,0.51804202667,ALL,,,,,,bowl_on_plate,,,,
,,,0.0563695852255,,,,0,,,,,,0.00818850282435,,,0.0414610335684,task,CONTROL_ACTION_ONLY__K64,1.06559240818,1536,0.343558811604,,,0.0364583333333,0.0974934895833,0.272225089852,,0.520730516784,ALL,,,,,,plate_push,,,,
,,,0.0655640450135,,,,0,,,,,,0.00818850282435,,,0.0482986275698,task,CONTROL_ACTION_ONLY__K64,1.06559240818,1536,0.403392650814,,,0.0403645833333,0.0953776041667,0.268114003197,,0.524149313785,ALL,,,,,,stove_turn_on,,,,
,,,0.0297738305878,,,,0,,,,,,0.00818850282435,,,0.0222045339139,task,CONTROL_ACTION_ONLY__K64,1.06559240818,1536,0.486289224186,,,0.052734375,0.100748697917,0.178183278574,,0.511102266957,ALL,,,,,,wine_rack,,,,
,,,0.0969734495928,,,,0,,,,,,0.00818850282435,,,0.0712124658449,phase,CONTROL_ACTION_ONLY__K64,1.06559240818,1536,0.683914754053,,,0.0598958333333,0.09130859375,0.0370715116935,,0.535606232922,free_space,,,,,,ALL,,,,
,,,0.0361840460664,,,,0,,,,,,0.00818850282435,,,0.0262190677734,phase,CONTROL_ACTION_ONLY__K64,1.06559240818,1536,0.285399938231,,,0.0403645833333,0.102132161458,0.381520243595,,0.513109533887,pre_contact,,,,,,ALL,,,,
,,,0.038110615446,,,,0,,,,,,0.00818850282435,,,0.0284591026952,phase,CONTROL_ACTION_ONLY__K64,1.06559240818,1536,0.284947664367,,,0.0384114583333,0.09521484375,0.376495536322,,0.514229551348,contact_onset,,,,,,ALL,,,,
,,,0.0297618347624,,,,0,,,,,,0.00818850282435,,,0.0221576120792,phase,CONTROL_ACTION_ONLY__K64,1.06559240818,1536,0.28874895419,,,0.0325520833333,0.099609375,0.35299413987,,0.51107880604,post_contact,,,,,,ALL,,,,
,,,0.637748733362,,,,5.9739004001,,,,,,0.0118304911578,,,0.493699504868,pooled,CONTROL_CONSEQUENCE_LABEL_SHUFFLED__FULL,12.6396847665,6144,0.614728172901,,,0.224934895833,0.37412516276,0.20868749447,,0.746849752434,ALL,,,,,,ALL,,,,
,,,0.531295630141,,,,5.99808505177,,,,,,0.0118304911578,,,0.413390312295,task,CONTROL_CONSEQUENCE_LABEL_SHUFFLED__FULL,12.6531111598,1536,0.492834434595,,,0.201822916667,0.3330078125,0.375695332845,,0.706695156147,ALL,,,,,,bowl_on_plate,,,,
,,,0.679118488234,,,,5.79738721251,,,,,,0.0118304911578,,,0.530499369133,task,CONTROL_CONSEQUENCE_LABEL_SHUFFLED__FULL,12.5989405513,1536,0.574997241455,,,0.22265625,0.363037109375,0.179761884142,,0.765249684567,ALL,,,,,,plate_push,,,,
,,,0.681577989073,,,,6.05895751715,,,,,,0.0118304911578,,,0.523866867459,task,CONTROL_CONSEQUENCE_LABEL_SHUFFLED__FULL,12.6376666427,1536,0.660075164914,,,0.203125,0.382893880208,0.145647272983,,0.76193343373,ALL,,,,,,stove_turn_on,,,,
,,,0.659002825999,,,,6.04117181897,,,,,,0.0118304911578,,,0.507041470585,task,CONTROL_CONSEQUENCE_LABEL_SHUFFLED__FULL,12.6690207124,1536,0.731005850641,,,0.272135416667,0.417561848958,0.133645487908,,0.753520735293,ALL,,,,,,wine_rack,,,,
,,,0.931091965189,,,,5.89459452033,,,,,,0.0118304911578,,,0.783210608692,phase,CONTROL_CONSEQUENCE_LABEL_SHUFFLED__FULL,12.7049987912,1536,0.974022477273,,,0.49609375,0.663167317708,0.00360285628437,,0.891605304346,free_space,,,,,,ALL,,,,
,,,0.491824236495,,,,5.86604738235,,,,,,0.0118304911578,,,0.353999679999,phase,CONTROL_CONSEQUENCE_LABEL_SHUFFLED__FULL,12.6620214581,1536,0.48111118855,,,0.127604166667,0.268229166667,0.303166118226,,0.67699984,pre_contact,,,,,,ALL,,,,
,,,0.515755583514,,,,6.0571668148,,,,,,0.0118304911578,,,0.379723347781,phase,CONTROL_CONSEQUENCE_LABEL_SHUFFLED__FULL,12.6006254554,1536,0.466788044697,,,0.1328125,0.26025390625,0.292654869363,,0.689861673891,contact_onset,,,,,,ALL,,,,
,,,0.612323148248,,,,6.07779288292,,,,,,0.0118304911578,,,0.457864383,phase,CONTROL_CONSEQUENCE_LABEL_SHUFFLED__FULL,12.5910933614,1536,0.536990981083,,,0.143229166667,0.304850260417,0.235326134005,,0.7289321915,post_contact,,,,,,ALL,,,,
,,,-0.000171986419596,,,,5.9739004001,,,,,,0.0118304911578,,,0.0182457006721,pooled,CONTROL_CONSEQUENCE_LABEL_SHUFFLED__K64,12.6396847665,6144,0.515817233382,,,0.119140625,0.214274088542,0.227212194919,,0.509122850336,ALL,,,,,,ALL,,,,
,,,0.00906325109396,,,,5.99808505177,,,,,,0.0118304911578,,,0.0217955249028,task,CONTROL_CONSEQUENCE_LABEL_SHUFFLED__K64,12.6531111598,1536,0.407975464108,,,0.106119791667,0.187662760417,0.392560961314,,0.510897762451,ALL,,,,,,bowl_on_plate,,,,
,,,0.0169443978374,,,,5.79738721251,,,,,,0.0118304911578,,,0.0338908516637,task,CONTROL_CONSEQUENCE_LABEL_SHUFFLED__K64,12.5989405513,1536,0.475850965195,,,0.125,0.2080078125,0.205688496634,,0.516945425832,ALL,,,,,,plate_push,,,,
,,,-0.0124330621602,,,,6.05895751715,,,,,,0.0118304911578,,,0.00970204877967,task,CONTROL_CONSEQUENCE_LABEL_SHUFFLED__K64,12.6376666427,1536,0.54475438199,,,0.102213541667,0.21923828125,0.171225807574,,0.50485102439,ALL,,,,,,stove_turn_on,,,,
,,,-0.0142625324495,,,,6.04117181897,,,,,,0.0118304911578,,,0.00759437734238,task,CONTROL_CONSEQUENCE_LABEL_SHUFFLED__K64,12.6690207124,1536,0.634688122235,,,0.143229166667,0.2421875,0.139373514153,,0.503797188671,ALL,,,,,,wine_rack,,,,
,,,-0.0176505184411,,,,5.89459452033,,,,,,0.0118304911578,,,0.0330367183474,phase,CONTROL_CONSEQUENCE_LABEL_SHUFFLED__K64,12.7049987912,1536,0.869489736845,,,0.213541666667,0.296875,0.00966590615709,,0.516518359174,free_space,,,,,,ALL,,,,
,,,-0.0129710016434,,,,5.86604738235,,,,,,0.0118304911578,,,-0.00314598959098,phase,CONTROL_CONSEQUENCE_LABEL_SHUFFLED__K64,12.6620214581,1536,0.380960037025,,,0.0970052083333,0.183430989583,0.315982945715,,0.498427005205,pre_contact,,,,,,ALL,,,,
,,,-0.00428236665806,,,,6.0571668148,,,,,,0.0118304911578,,,0.00672527953168,phase,CONTROL_CONSEQUENCE_LABEL_SHUFFLED__K64,12.6006254554,1536,0.382089743262,,,0.0826822916667,0.174886067708,0.32501720406,,0.503362639766,contact_onset,,,,,,ALL,,,,
,,,0.0342159410642,,,,6.07779288292,,,,,,0.0118304911578,,,0.0363667944005,phase,CONTROL_CONSEQUENCE_LABEL_SHUFFLED__K64,12.5910933614,1536,0.430729416395,,,0.0833333333333,0.201904296875,0.258182723743,,0.5181833972,post_contact,,,,,,ALL,,,,
,,,0.635643900982,,,,5.92776058614,,,,,,0.0207923909556,,,0.492189837556,pooled,CONTROL_CONTEXT_SHUFFLED__FULL,12.6015340835,6144,0.615751572119,,,0.224609375,0.370625813802,0.205569477293,,0.746094918778,ALL,,,,,,ALL,,,,
,,,0.525861608671,,,,5.96728876233,,,,,,0.0207923909556,,,0.407649643465,task,CONTROL_CONTEXT_SHUFFLED__FULL,12.5548682809,1536,0.491977676853,,,0.20703125,0.3291015625,0.368643100525,,0.703824821732,ALL,,,,,,bowl_on_plate,,,,
,,,0.678791788274,,,,5.70856916904,,,,,,0.0207923909556,,,0.531025936937,task,CONTROL_CONTEXT_SHUFFLED__FULL,12.5984815359,1536,0.578896897879,,,0.220052083333,0.361246744792,0.176682261911,,0.765512968469,ALL,,,,,,plate_push,,,,
,,,0.685143993342,,,,6.01365497708,,,,,,0.0207923909556,,,0.528078700391,task,CONTROL_CONTEXT_SHUFFLED__FULL,12.6391065717,1536,0.666343904113,,,0.203125,0.384195963542,0.142741650583,,0.764039350196,ALL,,,,,,stove_turn_on,,,,
,,,0.652778213642,,,,6.02152943611,,,,,,0.0207923909556,,,0.502005069429,task,CONTROL_CONTEXT_SHUFFLED__FULL,12.6136799455,1536,0.72578780963,,,0.268229166667,0.407958984375,0.134210896153,,0.751002534714,ALL,,,,,,wine_rack,,,,
,,,0.932076588679,,,,5.83831366897,,,,,,0.0207923909556,,,0.784156201756,phase,CONTROL_CONTEXT_SHUFFLED__FULL,12.6958832145,1536,0.974388758517,,,0.494791666667,0.662434895833,0.00360474019715,,0.892078100878,free_space,,,,,,ALL,,,,
,,,0.489450534085,,,,5.78950017691,,,,,,0.0207923909556,,,0.352437596631,phase,CONTROL_CONTEXT_SHUFFLED__FULL,12.6222430468,1536,0.479281854355,,,0.12890625,0.263346354167,0.300954907225,,0.676218798315,pre_contact,,,,,,ALL,,,,
,,,0.505448466265,,,,6.01215422153,,,,,,0.0207923909556,,,0.368889543956,phase,CONTROL_CONTEXT_SHUFFLED__FULL,12.5399827957,1536,0.465241141558,,,0.137369791667,0.251790364583,0.289697538503,,0.684444771978,contact_onset,,,,,,ALL,,,,
,,,0.615600014901,,,,6.07107427716,,,,,,0.0207923909556,,,0.463276007879,phase,CONTROL_CONTEXT_SHUFFLED__FULL,12.548027277,1536,0.544094534045,,,0.137369791667,0.304931640625,0.228020723246,,0.73163800394,post_contact,,,,,,ALL,,,,
,,,0.00206961378441,,,,5.92776058614,,,,,,0.0207923909556,,,0.0198039382362,pooled,CONTROL_CONTEXT_SHUFFLED__K64,12.6015340835,6144,0.516596212382,,,0.1171875,0.208964029948,0.231188385781,,0.509901969118,ALL,,,,,,ALL,,,,
,,,-0.0017345567614,,,,5.96728876233,,,,,,0.0207923909556,,,0.0144028810022,task,CONTROL_CONTEXT_SHUFFLED__K64,12.5548682809,1536,0.40587483559,,,0.109375,0.179606119792,0.403244508439,,0.507201440501,ALL,,,,,,bowl_on_plate,,,,
,,,0.025100656057,,,,5.70856916904,,,,,,0.0207923909556,,,0.0394716796346,task,CONTROL_CONTEXT_SHUFFLED__K64,12.5984815359,1536,0.473246671681,,,0.118489583333,0.205891927083,0.202805260266,,0.519735839817,ALL,,,,,,plate_push,,,,
,,,-0.00389952832341,,,,6.01365497708,,,,,,0.0207923909556,,,0.0159737036337,task,CONTROL_CONTEXT_SHUFFLED__K64,12.6391065717,1536,0.556855945696,,,0.0970052083333,0.2216796875,0.169874731811,,0.507986851817,ALL,,,,,,stove_turn_on,,,,
,,,-0.0111881158345,,,,6.02152943611,,,,,,0.0207923909556,,,0.00936748867401,task,CONTROL_CONTEXT_SHUFFLED__K64,12.6136799455,1536,0.630407396561,,,0.143880208333,0.228678385417,0.148829042607,,0.504683744337,ALL,,,,,,wine_rack,,,,
,,,-0.0153563344461,,,,5.83831366897,,,,,,0.0207923909556,,,0.035706361379,phase,CONTROL_CONTEXT_SHUFFLED__K64,12.6958832145,1536,0.869803341318,,,0.21484375,0.290608723958,0.00991008747872,,0.517853180689,free_space,,,,,,ALL,,,,
,,,-0.0172001715337,,,,5.78950017691,,,,,,0.0207923909556,,,-0.00608803026439,phase,CONTROL_CONTEXT_SHUFFLED__K64,12.6222430468,1536,0.37189193737,,,0.0755208333333,0.169759114583,0.336842163794,,0.496955984868,pre_contact,,,,,,ALL,,,,
,,,-0.00194669296708,,,,6.01215422153,,,,,,0.0207923909556,,,0.00619101825679,phase,CONTROL_CONTEXT_SHUFFLED__K64,12.5399827957,1536,0.383757274374,,,0.0891927083333,0.1708984375,0.328206008019,,0.503095509128,contact_onset,,,,,,ALL,,,,
,,,0.0427816540845,,,,6.07107427716,,,,,,0.0207923909556,,,0.0434064035732,phase,CONTROL_CONTEXT_SHUFFLED__K64,12.548027277,1536,0.440932296465,,,0.0891927083333,0.20458984375,0.249795283832,,0.521703201787,post_contact,,,,,,ALL,,,,
,,,0.651543012206,,,,1.9643285647,,,,,,0.00771243625448,,,0.508607885231,pooled,CONTROL_CURRENT_CONTACT_ONLY__FULL,4.56583504379,6144,0.622700659217,,,0.23046875,0.382588704427,0.204189365942,,0.754303942616,ALL,,,,,,ALL,,,,
,,,0.538958569233,,,,0.859895020723,,,,,,0.00771243625448,,,0.4190739509,task,CONTROL_CURRENT_CONTACT_ONLY__FULL,1.75930422544,1536,0.496391344225,,,0.208984375,0.335530598958,0.367784280634,,0.70953697545,ALL,,,,,,bowl_on_plate,,,,
,,,0.685078588174,,,,1.63473248482,,,,,,0.00771243625448,,,0.537657141855,task,CONTROL_CURRENT_CONTACT_ONLY__FULL,3.38613545895,1536,0.582017447928,,,0.220052083333,0.367594401042,0.178092418124,,0.768828570928,ALL,,,,,,plate_push,,,,
,,,0.711506179128,,,,3.33411645889,,,,,,0.00771243625448,,,0.554882979794,task,CONTROL_CURRENT_CONTACT_ONLY__FULL,9.09062147141,1536,0.678401737576,,,0.20703125,0.401448567708,0.139438595375,,0.777441489897,ALL,,,,,,stove_turn_on,,,,
,,,0.670628712289,,,,2.02857029438,,,,,,0.00771243625448,,,0.522817468374,task,CONTROL_CURRENT_CONTACT_ONLY__FULL,4.02727901936,1536,0.73399210714,,,0.285807291667,0.42578125,0.131442169634,,0.761408734187,ALL,,,,,,wine_rack,,,,
,,,0.943750726635,,,,1.8828047961,,,,,,0.00771243625448,,,0.803831520408,phase,CONTROL_CURRENT_CONTACT_ONLY__FULL,4.42988023162,1536,0.976954001746,,,0.516927083333,0.675699869792,0.00324825132706,,0.901915760204,free_space,,,,,,ALL,,,,
,,,0.497886389541,,,,1.8828047961,,,,,,0.00771243625448,,,0.359166040626,phase,CONTROL_CURRENT_CONTACT_ONLY__FULL,4.42988023162,1536,0.48427244465,,,0.123697916667,0.26953125,0.300475638451,,0.679583020313,pre_contact,,,,,,ALL,,,,
,,,0.528349001236,,,,2.04585233331,,,,,,0.00771243625448,,,0.388555823286,phase,CONTROL_CURRENT_CONTACT_ONLY__FULL,4.70178985596,1536,0.472335163213,,,0.135416666667,0.263346354167,0.290508104043,,0.694277911643,contact_onset,,,,,,ALL,,,,
,,,0.636185931412,,,,2.04585233331,,,,,,0.00771243625448,,,0.482878156605,phase,CONTROL_CURRENT_CONTACT_ONLY__FULL,4.70178985596,1536,0.557241027261,,,0.145833333333,0.32177734375,0.222525469945,,0.741439078302,post_contact,,,,,,ALL,,,,
,,,0.0015197924688,,,,1.9643285647,,,,,,0.00771243625448,,,0.0212687001173,pooled,CONTROL_CURRENT_CONTACT_ONLY__K64,4.56583504379,6144,0.52381385935,,,0.12939453125,0.215067545573,0.220855594158,,0.510634350059,ALL,,,,,,ALL,,,,
,,,0.00225409718172,,,,0.859895020723,,,,,,0.00771243625448,,,0.0180006454515,task,CONTROL_CURRENT_CONTACT_ONLY__K64,1.75930422544,1536,0.416103329534,,,0.106119791667,0.18701171875,0.368764083662,,0.509000322726,ALL,,,,,,bowl_on_plate,,,,
,,,0.0153309388382,,,,1.63473248482,,,,,,0.00771243625448,,,0.0334531152253,task,CONTROL_CURRENT_CONTACT_ONLY__K64,3.38613545895,1536,0.47823281798,,,0.130208333333,0.201334635417,0.202152151014,,0.516726557613,ALL,,,,,,plate_push,,,,
,,,0.013649807902,,,,3.33411645889,,,,,,0.00771243625448,,,0.0319145261256,task,CONTROL_CURRENT_CONTACT_ONLY__K64,9.09062147141,1536,0.567666561857,,,0.126953125,0.242268880208,0.157849823031,,0.515957263063,ALL,,,,,,stove_turn_on,,,,
,,,-0.0251556740467,,,,2.02857029438,,,,,,0.00771243625448,,,0.00170651366686,task,CONTROL_CURRENT_CONTACT_ONLY__K64,4.02727901936,1536,0.633252728028,,,0.154296875,0.229654947917,0.154656318924,,0.500853256833,ALL,,,,,,wine_rack,,,,
,,,-0.0159776625773,,,,1.8828047961,,,,,,0.00771243625448,,,0.0399848835981,phase,CONTROL_CURRENT_CONTACT_ONLY__K64,4.42988023162,1536,0.873881454339,,,0.253255208333,0.297119140625,0.00899168985237,,0.519992441799,free_space,,,,,,ALL,,,,
,,,-0.0136213427084,,,,1.8828047961,,,,,,0.00771243625448,,,-0.00334947875014,phase,CONTROL_CURRENT_CONTACT_ONLY__K64,4.42988023162,1536,0.381194392138,,,0.0859375,0.174072265625,0.313462612229,,0.498325260625,pre_contact,,,,,,ALL,,,,
,,,0.00600928363695,,,,2.04585233331,,,,,,0.00771243625448,,,0.0133050785058,phase,CONTROL_CURRENT_CONTACT_ONLY__K64,4.70178985596,1536,0.390314168732,,,0.0813802083333,0.177001953125,0.314558134103,,0.506652539253,contact_onset,,,,,,ALL,,,,
,,,0.0296688915239,,,,2.04585233331,,,,,,0.00771243625448,,,0.0351343171154,phase,CONTROL_CURRENT_CONTACT_ONLY__K64,4.70178985596,1536,0.449865422191,,,0.0970052083333,0.212076822917,0.246409940446,,0.517567158558,post_contact,,,,,,ALL,,,,
,,,0.628392595244,,,,5.94799294323,,,,,,0.0103086736153,,,0.485476389805,pooled,CONTROL_JOINT_STATE_NOMINAL_SHUFFLED__FULL,12.605021134,6144,0.612151630303,,,0.220540364583,0.368347167969,0.207825442842,,0.742738194903,ALL,,,,,,ALL,,,,
,,,0.52206987736,,,,6.03008291125,,,,,,0.0103086736153,,,0.405962926509,task,CONTROL_JOINT_STATE_NOMINAL_SHUFFLED__FULL,12.5954173803,1536,0.490039837593,,,0.212890625,0.329671223958,0.37013079162,,0.702981463255,ALL,,,,,,bowl_on_plate,,,,
,,,0.662626422372,,,,5.70350539684,,,,,,0.0103086736153,,,0.517828723936,task,CONTROL_JOINT_STATE_NOMINAL_SHUFFLED__FULL,12.5868960619,1536,0.570341615102,,,0.211588541667,0.354329427083,0.18275928885,,0.758914361968,ALL,,,,,,plate_push,,,,
,,,0.675506328001,,,,6.0513894856,,,,,,0.0103086736153,,,0.516729644248,task,CONTROL_JOINT_STATE_NOMINAL_SHUFFLED__FULL,12.6112193465,1536,0.658473777135,,,0.197916666667,0.376546223958,0.148682957493,,0.758364822124,ALL,,,,,,stove_turn_on,,,,
,,,0.653367753242,,,,6.00699397922,,,,,,0.0103086736153,,,0.501384264528,task,CONTROL_JOINT_STATE_NOMINAL_SHUFFLED__FULL,12.6265517473,1536,0.729751291382,,,0.259765625,0.412841796875,0.129728733403,,0.750692132264,ALL,,,,,,wine_rack,,,,
,,,0.930547218943,,,,5.83817440271,,,,,,0.0103086736153,,,0.7823378007,phase,CONTROL_JOINT_STATE_NOMINAL_SHUFFLED__FULL,12.6851661801,1536,0.973604873906,,,0.490885416667,0.660725911458,0.00370967882846,,0.89116890035,free_space,,,,,,ALL,,,,
,,,0.480326910734,,,,5.82368966937,,,,,,0.0103086736153,,,0.34521157685,phase,CONTROL_JOINT_STATE_NOMINAL_SHUFFLED__FULL,12.6303780675,1536,0.478247177877,,,0.127604166667,0.262288411458,0.295186915755,,0.672605788425,pre_contact,,,,,,ALL,,,,
,,,0.50425919347,,,,6.043987602,,,,,,0.0103086736153,,,0.369062318461,phase,CONTROL_JOINT_STATE_NOMINAL_SHUFFLED__FULL,12.5445573926,1536,0.467964219698,,,0.129557291667,0.25341796875,0.296975058697,,0.684531159231,contact_onset,,,,,,ALL,,,,
,,,0.598437057828,,,,6.08612009883,,,,,,0.0103086736153,,,0.44529386321,phase,CONTROL_JOINT_STATE_NOMINAL_SHUFFLED__FULL,12.5599828959,1536,0.52879024973,,,0.134114583333,0.296956380208,0.235430118087,,0.722646931605,post_contact,,,,,,ALL,,,,
,,,-0.0027951332626,,,,5.94799294323,,,,,,0.0103086736153,,,0.0152874034778,pooled,CONTROL_JOINT_STATE_NOMINAL_SHUFFLED__K64,12.605021134,6144,0.51284061666,,,0.113118489583,0.20908610026,0.228808746132,,0.507643701739,ALL,,,,,,ALL,,,,
,,,-0.000947536631327,,,,6.03008291125,,,,,,0.0103086736153,,,0.0139162822059,task,CONTROL_JOINT_STATE_NOMINAL_SHUFFLED__K64,12.5954173803,1536,0.408223992753,,,0.104817708333,0.1845703125,0.381756462622,,0.506958141103,ALL,,,,,,bowl_on_plate,,,,
,,,0.00346186192702,,,,5.70350539684,,,,,,0.0103086736153,,,0.023241742301,task,CONTROL_JOINT_STATE_NOMINAL_SHUFFLED__K64,12.5868960619,1536,0.463556057469,,,0.108723958333,0.195149739583,0.212248540063,,0.51162087115,ALL,,,,,,plate_push,,,,
,,,-0.00662702647749,,,,6.0513894856,,,,,,0.0103086736153,,,0.0129806751826,task,CONTROL_JOINT_STATE_NOMINAL_SHUFFLED__K64,12.6112193465,1536,0.548050722795,,,0.100260416667,0.222981770833,0.173326757205,,0.506490337591,ALL,,,,,,stove_turn_on,,,,
,,,-0.00706783186861,,,,6.00699397922,,,,,,0.0103086736153,,,0.0110109142216,task,CONTROL_JOINT_STATE_NOMINAL_SHUFFLED__K64,12.6265517473,1536,0.631531693622,,,0.138671875,0.233642578125,0.147903224636,,0.505505457111,ALL,,,,,,wine_rack,,,,
,,,-0.00800312665206,,,,5.83817440271,,,,,,0.0103086736153,,,0.0394258668959,phase,CONTROL_JOINT_STATE_NOMINAL_SHUFFLED__K64,12.6851661801,1536,0.869358677447,,,0.197916666667,0.290120442708,0.010676687504,,0.519712933448,free_space,,,,,,ALL,,,,
,,,-0.0238668107458,,,,5.82368966937,,,,,,0.0103086736153,,,-0.011569195008,phase,CONTROL_JOINT_STATE_NOMINAL_SHUFFLED__K64,12.6303780675,1536,0.370746735204,,,0.0872395833333,0.167724609375,0.325432616511,,0.494215402496,pre_contact,,,,,,ALL,,,,
,,,-0.0151295769001,,,,6.043987602,,,,,,0.0103086736153,,,-0.00259297819574,phase,CONTROL_JOINT_STATE_NOMINAL_SHUFFLED__K64,12.5445573926,1536,0.377451922173,,,0.0826822916667,0.174235026042,0.329380976646,,0.498703510902,contact_onset,,,,,,ALL,,,,
,,,0.0358189812475,,,,6.08612009883,,,,,,0.0103086736153,,,0.0358859202189,phase,CONTROL_JOINT_STATE_NOMINAL_SHUFFLED__K64,12.5599828959,1536,0.433805131815,,,0.0846354166667,0.204264322917,0.249744703866,,0.517942960109,post_contact,,,,,,ALL,,,,
,,,0.635126675363,,,,5.93426402658,,,,,,0.0100172508724,,,0.492033613468,pooled,CONTROL_NOMINAL_SHUFFLED__FULL,12.6272268742,6144,0.615637358223,,,0.224934895833,0.373209635417,0.206082964454,,0.746016806734,ALL,,,,,,ALL,,,,
,,,0.528685670294,,,,5.93280625343,,,,,,0.0100172508724,,,0.410882584379,task,CONTROL_NOMINAL_SHUFFLED__FULL,12.6342863441,1536,0.495323568496,,,0.203776041667,0.331624348958,0.365466085812,,0.70544129219,ALL,,,,,,bowl_on_plate,,,,
,,,0.671727947805,,,,5.76000764966,,,,,,0.0100172508724,,,0.526023776887,task,CONTROL_NOMINAL_SHUFFLED__FULL,12.5680350065,1536,0.575860717554,,,0.231770833333,0.360921223958,0.179124471286,,0.763011888443,ALL,,,,,,plate_push,,,,
,,,0.682180582262,,,,6.00190281868,,,,,,0.0100172508724,,,0.523912844901,task,CONTROL_NOMINAL_SHUFFLED__FULL,12.6232261658,1536,0.663229232078,,,0.192708333333,0.38427734375,0.145707514513,,0.761956422451,ALL,,,,,,stove_turn_on,,,,
,,,0.657912501091,,,,6.04233938456,,,,,,0.0100172508724,,,0.507315247703,task,CONTROL_NOMINAL_SHUFFLED__FULL,12.6833599806,1536,0.728135914764,,,0.271484375,0.416015625,0.134033786205,,0.753657623852,ALL,,,,,,wine_rack,,,,
,,,0.932356161863,,,,5.81745219231,,,,,,0.0100172508724,,,0.785619654159,phase,CONTROL_NOMINAL_SHUFFLED__FULL,12.6482156515,1536,0.975006069652,,,0.492838541667,0.666422526042,0.00360937030166,,0.892809827079,free_space,,,,,,ALL,,,,
,,,0.486422710848,,,,5.80703291297,,,,,,0.0100172508724,,,0.349742437555,phase,CONTROL_NOMINAL_SHUFFLED__FULL,12.6439144611,1536,0.479440592504,,,0.130208333333,0.261800130208,0.293813992731,,0.674871218778,pre_contact,,,,,,ALL,,,,
,,,0.514735626196,,,,6.03671479225,,,,,,0.0100172508724,,,0.377755805205,phase,CONTROL_NOMINAL_SHUFFLED__FULL,12.6149389148,1536,0.469076250183,,,0.130859375,0.259195963542,0.294529394855,,0.688877902603,contact_onset,,,,,,ALL,,,,
,,,0.606992202545,,,,6.0758562088,,,,,,0.0100172508724,,,0.455016556951,phase,CONTROL_NOMINAL_SHUFFLED__FULL,12.6018384695,1536,0.539026520552,,,0.145833333333,0.305419921875,0.232379099928,,0.727508278475,post_contact,,,,,,ALL,,,,
,,,0.000755055821732,,,,5.93426402658,,,,,,0.0100172508724,,,0.0189698042693,pooled,CONTROL_NOMINAL_SHUFFLED__K64,12.6272268742,6144,0.516272611631,,,0.118001302083,0.211018880208,0.234859863417,,0.509484902135,ALL,,,,,,ALL,,,,
,,,0.0152116561844,,,,5.93280625343,,,,,,0.0100172508724,,,0.0260988021855,task,CONTROL_NOMINAL_SHUFFLED__K64,12.6342863441,1536,0.412517352878,,,0.110026041667,0.18603515625,0.395269916616,,0.513049401093,ALL,,,,,,bowl_on_plate,,,,
,,,0.00159930063238,,,,5.76000764966,,,,,,0.0100172508724,,,0.0226739587978,task,CONTROL_NOMINAL_SHUFFLED__K64,12.5680350065,1536,0.469033254195,,,0.129557291667,0.203776041667,0.215560603212,,0.511336979399,ALL,,,,,,plate_push,,,,
,,,-0.00347383197317,,,,6.00190281868,,,,,,0.0100172508724,,,0.0164090415522,task,CONTROL_NOMINAL_SHUFFLED__K64,12.6232261658,1536,0.550212784828,,,0.0872395833333,0.223388671875,0.175996459215,,0.508204520776,ALL,,,,,,stove_turn_on,,,,
,,,-0.0103169015567,,,,6.04233938456,,,,,,0.0100172508724,,,0.0106974145415,task,CONTROL_NOMINAL_SHUFFLED__K64,12.6833599806,1536,0.633327054625,,,0.145182291667,0.230875651042,0.152612474627,,0.505348707271,ALL,,,,,,wine_rack,,,,
,,,-0.0127695149599,,,,5.81745219231,,,,,,0.0100172508724,,,0.0374576762215,phase,CONTROL_NOMINAL_SHUFFLED__K64,12.6482156515,1536,0.870700017468,,,0.20703125,0.289143880208,0.0102797738046,,0.518728838111,free_space,,,,,,ALL,,,,
,,,-0.0112354591327,,,,5.80703291297,,,,,,0.0100172508724,,,-0.00169191905548,phase,CONTROL_NOMINAL_SHUFFLED__K64,12.6439144611,1536,0.373087478156,,,0.0865885416667,0.175455729167,0.33904918428,,0.499154040472,pre_contact,,,,,,ALL,,,,
,,,0.0052664096794,,,,6.03671479225,,,,,,0.0100172508724,,,0.0124104866698,phase,CONTROL_NOMINAL_SHUFFLED__K64,12.6149389148,1536,0.385793846799,,,0.0833333333333,0.175455729167,0.331065273969,,0.506205243335,contact_onset,,,,,,ALL,,,,
,,,0.0217587877001,,,,6.0758562088,,,,,,0.0100172508724,,,0.0277029732412,phase,CONTROL_NOMINAL_SHUFFLED__K64,12.6018384695,1536,0.435509104102,,,0.0950520833333,0.204020182292,0.259045221615,,0.513851486621,post_contact,,,,,,ALL,,,,
,,,0.636525504587,,,,5.88384754956,,,,,,0.00895178569888,,,0.493274349108,pooled,CONTROL_NO_REVERSAL_LOSS__FULL,12.581068635,6144,0.616489163243,,,0.224283854167,0.373250325521,0.204141323855,,0.746637174554,ALL,,,,,,ALL,,,,
,,,0.53251823328,,,,5.89046397805,,,,,,0.00895178569888,,,0.414656191047,task,CONTROL_NO_REVERSAL_LOSS__FULL,12.5918689966,1536,0.494276320737,,,0.206380208333,0.332438151042,0.363350587834,,0.707328095524,ALL,,,,,,bowl_on_plate,,,,
,,,0.68215170851,,,,5.73882573843,,,,,,0.00895178569888,,,0.534208516298,task,CONTROL_NO_REVERSAL_LOSS__FULL,12.5553069115,1536,0.582038878635,,,0.223307291667,0.369547526042,0.17732782906,,0.767104258149,ALL,,,,,,plate_push,,,,
,,,0.675997219829,,,,5.88229185343,,,,,,0.00895178569888,,,0.517689752374,task,CONTROL_NO_REVERSAL_LOSS__FULL,12.6591927409,1536,0.661566405304,,,0.198567708333,0.379720052083,0.13816616026,,0.758844876187,ALL,,,,,,stove_turn_on,,,,
,,,0.65543485673,,,,6.02380862832,,,,,,0.00895178569888,,,0.506542936711,task,CONTROL_NO_REVERSAL_LOSS__FULL,12.5179058909,1536,0.728075048298,,,0.268880208333,0.411295572917,0.137720718266,,0.753271468355,ALL,,,,,,wine_rack,,,,
,,,0.935401528557,,,,5.62614652514,,,,,,0.00895178569888,,,0.790348838196,phase,CONTROL_NO_REVERSAL_LOSS__FULL,12.6771254539,1536,0.975676282836,,,0.507161458333,0.672526041667,0.0034924937991,,0.895174419098,free_space,,,,,,ALL,,,,
,,,0.488049111677,,,,5.73323354125,,,,,,0.00895178569888,,,0.351275685575,phase,CONTROL_NO_REVERSAL_LOSS__FULL,12.6125594974,1536,0.480151377972,,,0.122395833333,0.261149088542,0.300553915677,,0.675637842787,pre_contact,,,,,,ALL,,,,
,,,0.511843998941,,,,6.0620367527,,,,,,0.00895178569888,,,0.374007921319,phase,CONTROL_NO_REVERSAL_LOSS__FULL,12.5807656646,1536,0.468423057138,,,0.132161458333,0.25341796875,0.285179000893,,0.68700396066,contact_onset,,,,,,ALL,,,,
,,,0.610807379173,,,,6.11397337914,,,,,,0.00895178569888,,,0.45746495134,phase,CONTROL_NO_REVERSAL_LOSS__FULL,12.4538239241,1536,0.541705935028,,,0.135416666667,0.305908203125,0.22733988505,,0.72873247567,post_contact,,,,,,ALL,,,,
,,,0.00232779464492,,,,5.88384754956,,,,,,0.00895178569888,,,0.020487836379,pooled,CONTROL_NO_REVERSAL_LOSS__K64,12.581068635,6144,0.516985086629,,,0.11865234375,0.209676106771,0.22533988638,,0.51024391819,ALL,,,,,,ALL,,,,
,,,0.0105415533682,,,,5.89046397805,,,,,,0.00895178569888,,,0.0236190695949,task,CONTROL_NO_REVERSAL_LOSS__K64,12.5918689966,1536,0.410600641319,,,0.102864583333,0.185302734375,0.385092854258,,0.511809534797,ALL,,,,,,bowl_on_plate,,,,
,,,0.0151991724323,,,,5.73882573843,,,,,,0.00895178569888,,,0.0335531513487,task,CONTROL_NO_REVERSAL_LOSS__K64,12.5553069115,1536,0.476804482678,,,0.13671875,0.202067057292,0.20149461892,,0.516776575674,ALL,,,,,,plate_push,,,,
,,,-0.00355180936811,,,,5.88229185343,,,,,,0.00895178569888,,,0.015480727755,task,CONTROL_NO_REVERSAL_LOSS__K64,12.6591927409,1536,0.552865413931,,,0.0950520833333,0.223714192708,0.165937207692,,0.507740363877,ALL,,,,,,stove_turn_on,,,,
,,,-0.0128777378527,,,,6.02380862832,,,,,,0.00895178569888,,,0.00929839681758,task,CONTROL_NO_REVERSAL_LOSS__K64,12.5179058909,1536,0.627669808588,,,0.139973958333,0.227620442708,0.148834864648,,0.504649198409,ALL,,,,,,wine_rack,,,,
,,,-0.00962471823831,,,,5.62614652514,,,,,,0.00895178569888,,,0.0416177802059,phase,CONTROL_NO_REVERSAL_LOSS__K64,12.6771254539,1536,0.873824158367,,,0.229166666667,0.294596354167,0.00859379261991,,0.520808890103,free_space,,,,,,ALL,,,,
,,,-0.0134693183228,,,,5.73323354125,,,,,,0.00895178569888,,,-0.00349865472999,phase,CONTROL_NO_REVERSAL_LOSS__K64,12.6125594974,1536,0.380320336205,,,0.0865885416667,0.174153645833,0.31560032779,,0.498250672635,pre_contact,,,,,,ALL,,,,
,,,-0.0027487578944,,,,6.0620367527,,,,,,0.00895178569888,,,0.00655208209238,phase,CONTROL_NO_REVERSAL_LOSS__K64,12.5807656646,1536,0.380875833463,,,0.0794270833333,0.165283203125,0.316623041092,,0.503276041046,contact_onset,,,,,,ALL,,,,
,,,0.0351539730352,,,,6.11397337914,,,,,,0.00895178569888,,,0.0372801379479,phase,CONTROL_NO_REVERSAL_LOSS__K64,12.4538239241,1536,0.432920018481,,,0.0794270833333,0.204671223958,0.260542384016,,0.518640068974,post_contact,,,,,,ALL,,,,
,,,0.655450491377,,,,2.2012174353,,,,,,0.00972782378186,,,0.512507935275,pooled,CONTROL_PHASE_ONLY__FULL,4.69091944396,6144,0.623740053962,,,0.230631510417,0.384989420573,0.202971822856,,0.756253967637,ALL,,,,,,ALL,,,,
,,,0.541691860746,,,,1.57308793068,,,,,,0.00972782378186,,,0.420218328196,task,CONTROL_PHASE_ONLY__FULL,2.89156663418,1536,0.498204235151,,,0.209635416667,0.337972005208,0.364361218825,,0.710109164098,ALL,,,,,,bowl_on_plate,,,,
,,,0.691612792262,,,,2.03604796529,,,,,,0.00972782378186,,,0.544295555847,task,CONTROL_PHASE_ONLY__FULL,4.26284748316,1536,0.582105488886,,,0.217447916667,0.36962890625,0.179266766804,,0.772147777924,ALL,,,,,,plate_push,,,,
,,,0.716198239702,,,,3.39975088835,,,,,,0.00972782378186,,,0.562251337872,task,CONTROL_PHASE_ONLY__FULL,7.99768078327,1536,0.679912924353,,,0.211588541667,0.406087239583,0.136340551812,,0.781125668936,ALL,,,,,,stove_turn_on,,,,
,,,0.672299072798,,,,1.79598295689,,,,,,0.00972782378186,,,0.523266519183,task,CONTROL_PHASE_ONLY__FULL,3.61158287525,1536,0.734737567457,,,0.283854166667,0.42626953125,0.131918753983,,0.761633259592,ALL,,,,,,wine_rack,,,,
,,,0.947547111963,,,,2.67460942268,,,,,,0.00972782378186,,,0.809369969887,phase,CONTROL_PHASE_ONLY__FULL,5.07259440422,1536,0.978030737817,,,0.517578125,0.683349609375,0.00321378065098,,0.904684984943,free_space,,,,,,ALL,,,,
,,,0.49991775413,,,,1.94745323062,,,,,,0.00972782378186,,,0.360369762624,phase,CONTROL_PHASE_ONLY__FULL,4.25968468189,1536,0.485275702339,,,0.126302083333,0.268880208333,0.29787447957,,0.680184881312,pre_contact,,,,,,ALL,,,,
,,,0.534373865764,,,,1.82574763894,,,,,,0.00972782378186,,,0.39416938068,phase,CONTROL_PHASE_ONLY__FULL,4.17294031382,1536,0.474288950295,,,0.1328125,0.265869140625,0.288093552771,,0.69708469034,contact_onset,,,,,,ALL,,,,
,,,0.639963233651,,,,2.35705944896,,,,,,0.00972782378186,,,0.486122627907,phase,CONTROL_PHASE_ONLY__FULL,5.25845837593,1536,0.557364825397,,,0.145833333333,0.321858723958,0.222705478432,,0.743061313954,post_contact,,,,,,ALL,,,,
,,,0.0101489042534,,,,2.2012174353,,,,,,0.00972782378186,,,0.0275284167305,pooled,CONTROL_PHASE_ONLY__K64,4.69091944396,6144,0.527193465015,,,0.132649739583,0.221028645833,0.2160823355,,0.513764208365,ALL,,,,,,ALL,,,,
,,,0.0240468980362,,,,1.57308793068,,,,,,0.00972782378186,,,0.0326694561833,task,CONTROL_PHASE_ONLY__K64,2.89156663418,1536,0.423784246013,,,0.117838541667,0.199137369792,0.360383274282,,0.516334728092,ALL,,,,,,bowl_on_plate,,,,
,,,0.00530063892099,,,,2.03604796529,,,,,,0.00972782378186,,,0.0269797258497,task,CONTROL_PHASE_ONLY__K64,4.26284748316,1536,0.473939933854,,,0.113932291667,0.205973307292,0.205721600505,,0.513489862925,ALL,,,,,,plate_push,,,,
,,,0.0103807112218,,,,3.39975088835,,,,,,0.00972782378186,,,0.0310261222201,task,CONTROL_PHASE_ONLY__K64,7.99768078327,1536,0.566710530869,,,0.129557291667,0.235107421875,0.160871541256,,0.51551306111,ALL,,,,,,stove_turn_on,,,,
,,,0.000867368834596,,,,1.79598295689,,,,,,0.00972782378186,,,0.0194383626688,task,CONTROL_PHASE_ONLY__K64,3.61158287525,1536,0.644339149321,,,0.169270833333,0.243896484375,0.137352925957,,0.509719181334,ALL,,,,,,wine_rack,,,,
,,,0.00735921366167,,,,2.67460942268,,,,,,0.00972782378186,,,0.0553239204704,phase,CONTROL_PHASE_ONLY__K64,5.07259440422,1536,0.880142442782,,,0.2421875,0.306396484375,0.00938889672295,,0.527661960235,free_space,,,,,,ALL,,,,
,,,-0.025605921669,,,,1.94745323062,,,,,,0.00972782378186,,,-0.0116262776145,phase,CONTROL_PHASE_ONLY__K64,4.25968468189,1536,0.377614707955,,,0.09375,0.17333984375,0.317314776941,,0.494186861193,pre_contact,,,,,,ALL,,,,
,,,0.00910437237438,,,,1.82574763894,,,,,,0.00972782378186,,,0.016425479333,phase,CONTROL_PHASE_ONLY__K64,4.17294031382,1536,0.397050636098,,,0.0970052083333,0.188639322917,0.297335311646,,0.508212739667,contact_onset,,,,,,ALL,,,,
,,,0.0497379526466,,,,2.35705944896,,,,,,0.00972782378186,,,0.049990544733,phase,CONTROL_PHASE_ONLY__K64,5.25845837593,1536,0.453966073223,,,0.09765625,0.215738932292,0.240290356691,,0.524995272366,post_contact,,,,,,ALL,,,,
0.014523197109,128,0.322053860793,,0,26.598407595,0.957682291667,,0.758443147659,0.317137198274,0.196869493996,0.0788678850567,0.258951578978,0.00818850282435,,,,pooled,CONTROL_ACTION_ONLY__FULL,,6144,,0.207800059336,0.196869493996,,,,,,ALL,,,,,,ALL,0.00397144907589,0.258951578978,37,128
0.0145282964154,128,0.522898235016,,0,26.5228341963,0.907552083333,,1.16880008743,0.291390851046,0.502189385588,0.0827440422039,0.569366808816,0.00818850282435,,,,task,CONTROL_ACTION_ONLY__FULL,,1536,,0.207209642159,0.502189385588,,,,,,ALL,,,,,,bowl_on_plate,0.00356432603296,0.569366808816,36,128
0.0145269245881,128,0.274949656778,,0,26.7211596103,0.981770833333,,1.12479792985,0.0717775577794,0.0809025438296,0.000617869932276,0.096652382495,0.00818850282435,,,,task,CONTROL_ACTION_ONLY__FULL,,1536,,0.208759059456,0.0809025438296,,,,,,ALL,,,,,,plate_push,0.000131016412687,0.096652382495,36,128
0.0145165519673,128,0.281214578841,,0,26.7655910508,0.9765625,,0.272271770986,0.818600242084,0,0.180755811322,0.13444506981,0.00818850282435,,,,task,CONTROL_ACTION_ONLY__FULL,,1536,,0.209106180084,0,,,,,,ALL,,,,,,stove_turn_on,0.00290785389216,0.13444506981,37,128
0.014521015465,128,0.209152972536,,0,26.3840455225,0.96484375,,0.467902802367,0.0867801421884,0.204386046565,0.0513538167687,0.235342054793,0.00818850282435,,,,task,CONTROL_ACTION_ONLY__FULL,,1536,,0.206125355645,0.204386046565,,,,,,ALL,,,,,,wine_rack,0.00928259996575,0.235342054793,36,128
0.0145290859342,128,0.0418645887596,,0,26.5523690619,1,,0,4.68147523855e-08,1.44267604263e-29,1.20370621524e-31,0.209322896983,0.00818850282435,,,,phase,CONTROL_ACTION_ONLY__FULL,,1536,,0.207440383296,1.44267604263e-29,,,,,,free_space,,,,,,ALL,4.33680868994e-19,0.209322896983,36,128
0.0145229964564,128,0.455298837267,,0,26.6342852512,0.847005208333,,1.24040663803,0.301269064289,0.278011567763,0.111127961562,0.345678954689,0.00818850282435,,,,phase,CONTROL_ACTION_ONLY__FULL,,1536,,0.208080353525,0.278011567763,,,,,,pre_contact,,,,,,ALL,0.00101219956785,0.345678954689,36,128
0.0145167644935,128,0.41036390282,,0,26.5949963523,0.983723958333,,1.04589566258,0.401848083146,0.307068883499,0.0232915355139,0.273715349363,0.00818850282435,,,,phase,CONTROL_ACTION_ONLY__FULL,,1536,,0.207773409003,0.307068883499,,,,,,contact_onset,,,,,,ALL,0.00108101055339,0.273715349363,36,128
0.0145239415518,128,0.380688114325,,0,26.6119797145,1,,0.747470290026,0.565431598848,0.202397524721,0.181052043151,0.207089114878,0.00818850282435,,,,phase,CONTROL_ACTION_ONLY__FULL,,1536,,0.207906091519,0.202397524721,,,,,,post_contact,,,,,,ALL,0.0137925861823,0.207089114878,37,128
0.0163557269637,64,0.341745075141,,0,10.5594522009,0.95458984375,,0.794868887425,0.329366194211,0.214510628225,0.0836891368892,0.286290528955,0.00818850282435,,,,pooled,CONTROL_ACTION_ONLY__K64,,6144,,0.16499144064,0.214510628225,,,,,,ALL,,,,,,ALL,0.00438374461782,0.286290528955,53,128
0.0163983282456,64,0.534853903798,,0,10.5357051169,0.892578125,,1.17437628362,0.295461516412,0.520816031836,0.0828926579935,0.60072302913,0.00818850282435,,,,task,CONTROL_ACTION_ONLY__K64,,1536,,0.164620392451,0.520816031836,,,,,,ALL,,,,,,bowl_on_plate,0.00369412534304,0.60072302913,48,128
0.016170212093,64,0.310006269854,,0,10.9216586767,0.975260416667,,1.23656884773,0.0820825490252,0.115345972744,0.000868451576241,0.115165528195,0.00818850282435,,,,task,CONTROL_ACTION_ONLY__K64,,1536,,0.170650916823,0.115345972744,,,,,,ALL,,,,,,plate_push,0.000156788916335,0.115165528195,43,128
0.0163119411409,64,0.304398510765,,0,10.9332774932,0.981119791667,,0.308664986148,0.849705705147,0,0.192508741118,0.171113121411,0.00818850282435,,,,task,CONTROL_ACTION_ONLY__K64,,1536,,0.170832460832,0,,,,,,ALL,,,,,,stove_turn_on,0.00320431099103,0.171113121411,43,128
0.0165424263752,64,0.217721616147,,0,9.8471675169,0.969401041667,,0.459865432202,0.0902150062604,0.221880508321,0.0584866968689,0.258160437082,0.00818850282435,,,,task,CONTROL_ACTION_ONLY__K64,,1536,,0.153861992452,0.221880508321,,,,,,ALL,,,,,,wine_rack,0.0104797532209,0.258160437082,48,128
0.0162699331535,64,0.0521432158664,,0,10.931040617,1,,0,6.01468898495e-08,1.31219228623e-29,1.20370621524e-31,0.260716019185,0.00818850282435,,,,phase,CONTROL_ACTION_ONLY__K64,,1536,,0.17079750964,1.31219228623e-29,,,,,,free_space,,,,,,ALL,4.33680868994e-19,0.260716019185,43,128
0.0163637715778,64,0.468138040669,,0,10.4938547867,0.845052083333,,1.30315863426,0.285934262663,0.284406468554,0.100739428323,0.366451409549,0.00818850282435,,,,phase,CONTROL_ACTION_ONLY__K64,,1536,,0.163966481042,0.284406468554,,,,,,pre_contact,,,,,,ALL,0.000947234461779,0.366451409549,45,128
0.0163956209947,64,0.439869472624,,0,10.1901576393,0.973307291667,,1.11555277812,0.437460388175,0.333220796878,0.0274665434034,0.285646856545,0.00818850282435,,,,phase,CONTROL_ACTION_ONLY__K64,,1536,,0.159221213114,0.333220796878,,,,,,contact_onset,,,,,,ALL,0.00115808854618,0.285646856545,48,128
0.0163935821287,64,0.406829571405,,0,10.6227557608,1,,0.760764137326,0.59407006586,0.240415247469,0.206550575831,0.23234783054,0.00818850282435,,,,phase,CONTROL_ACTION_ONLY__K64,,1536,,0.165980558762,0.240415247469,,,,,,post_contact,,,,,,ALL,0.0154296554633,0.23234783054,43,128
0.0186441291884,128,0.263412212178,,0,32.7422352031,0.957845052083,,0.682491573057,0.208988633848,0.164814638877,0.063556307525,0.197209907581,0.0118304911578,,,,pooled,CONTROL_CONSEQUENCE_LABEL_SHUFFLED__FULL,,6144,,0.255798712525,0.164814638877,,,,,,ALL,,,,,,ALL,0.00388288709117,0.197209907581,73,128
0.0187070545179,128,0.480990178081,,0,32.2520415605,0.916015625,,1.15064208263,0.209906596147,0.468217926874,0.0874510313962,0.488733253356,0.0118304911578,,,,task,CONTROL_CONSEQUENCE_LABEL_SHUFFLED__FULL,,1536,,0.251969074692,0.468217926874,,,,,,ALL,,,,,,bowl_on_plate,0.00380486093842,0.488733253356,58,128
0.0182964474002,128,0.217543064702,,0,32.8917749915,0.979817708333,,0.955948804529,0.03412692635,0.0448162606303,0.000503193480004,0.0523201385209,0.0118304911578,,,,task,CONTROL_CONSEQUENCE_LABEL_SHUFFLED__FULL,,1536,,0.256966992121,0.0448162606303,,,,,,ALL,,,,,,plate_push,0.000104918059679,0.0523201385209,56,128
0.0186738365166,128,0.18193178012,,0,32.7221469552,0.971354166667,,0.21066362666,0.517197428825,0,0.111159657898,0.070638187215,0.0118304911578,,,,task,CONTROL_CONSEQUENCE_LABEL_SHUFFLED__FULL,,1536,,0.255641773088,0,,,,,,ALL,,,,,,stove_turn_on,0.00160627438658,0.070638187215,54,128
0.0188991783191,128,0.173183825808,,0,33.1029773053,0.964192708333,,0.412711778409,0.074723584071,0.146224368002,0.0551113473254,0.177148051233,0.0118304911578,,,,task,CONTROL_CONSEQUENCE_LABEL_SHUFFLED__FULL,,1536,,0.258617010198,0.146224368002,,,,,,ALL,,,,,,wine_rack,0.01001549498,0.177148051233,62,128
0.0183556603557,128,0.0186745604286,,0,32.3699534292,1,,0,5.61508113355e-08,1.15354520875e-29,1.40432391778e-31,0.0933727459924,0.0118304911578,,,,phase,CONTROL_CONSEQUENCE_LABEL_SHUFFLED__FULL,,1536,,0.252890261166,1.15354520875e-29,,,,,,free_space,,,,,,ALL,5.05961013827e-19,0.0933727459924,56,128
0.0186815251665,128,0.389783916806,,0,33.3203916543,0.850260416667,,1.07855797714,0.242846294507,0.247945734325,0.0866240559887,0.292945522064,0.0118304911578,,,,phase,CONTROL_CONSEQUENCE_LABEL_SHUFFLED__FULL,,1536,,0.260315559799,0.247945734325,,,,,,pre_contact,,,,,,ALL,0.000937976028092,0.292945522064,53,128
0.0189713876514,128,0.356028806276,,0,32.9521840775,0.981119791667,,0.951647645785,0.296312967784,0.256324238792,0.026020319116,0.249838859903,0.0118304911578,,,,phase,CONTROL_CONSEQUENCE_LABEL_SHUFFLED__FULL,,1536,,0.257438938106,0.256324238792,,,,,,contact_onset,,,,,,ALL,0.000965711228205,0.249838859903,58,128
0.0185679435801,128,0.2891615652,,0,32.3264116516,1,,0.699760669299,0.296795216952,0.154988582389,0.141580854995,0.152682502366,0.0118304911578,,,,phase,CONTROL_CONSEQUENCE_LABEL_SHUFFLED__FULL,,1536,,0.252550091028,0.154988582389,,,,,,post_contact,,,,,,ALL,0.0136278611084,0.152682502366,64,128
0.0203451487106,64,0.281936912202,,0,18.8585019629,0.957682291667,,0.708540500417,0.230531063928,0.179881946011,0.0696908117688,0.221040238884,0.0118304911578,,,,pooled,CONTROL_CONSEQUENCE_LABEL_SHUFFLED__K64,,6144,,0.294664093171,0.179881946011,,,,,,ALL,,,,,,ALL,0.00376045080902,0.221040238884,95,128
0.0204163732049,64,0.497855805961,,0,18.5559110501,0.90625,,1.13143408345,0.226911589789,0.498440921777,0.101399626531,0.531092808254,0.0118304911578,,,,task,CONTROL_CONSEQUENCE_LABEL_SHUFFLED__K64,,1536,,0.289936110157,0.498440921777,,,,,,ALL,,,,,,bowl_on_plate,0.00425432904721,0.531092808254,80,128
0.0204213982477,64,0.24346967655,,0,18.9584395703,0.982421875,,1.04603628195,0.047335580004,0.0569136469327,0.000707133998718,0.0663557398659,0.0118304911578,,,,task,CONTROL_CONSEQUENCE_LABEL_SHUFFLED__K64,,1536,,0.296225618285,0.0569136469327,,,,,,ALL,,,,,,plate_push,0.00011978045926,0.0663557398659,77,128
0.0204139766942,64,0.207510314287,,0,19.111539808,0.970052083333,,0.240431883903,0.577883686244,0,0.127138753931,0.0920972473565,0.0118304911578,,,,task,CONTROL_CONSEQUENCE_LABEL_SHUFFLED__K64,,1536,,0.2986178095,0,,,,,,ALL,,,,,,stove_turn_on,0.00174369332829,0.0920972473565,74,128
0.0201288466955,64,0.178911852008,,0,18.8081174235,0.972005208333,,0.416259752359,0.0699933996734,0.164173215334,0.049517732614,0.19461516006,0.0118304911578,,,,task,CONTROL_CONSEQUENCE_LABEL_SHUFFLED__K64,,1536,,0.293876834742,0.164173215334,,,,,,ALL,,,,,,wine_rack,0.00892400040132,0.19461516006,77,128
0.0204647773672,64,0.0247376103321,,0,19.7804918356,1,,0,7.80899058229e-08,1.01780962336e-29,1.0030885127e-31,0.123687973571,0.0118304911578,,,,phase,CONTROL_CONSEQUENCE_LABEL_SHUFFLED__K64,,1536,,0.309070184932,1.01780962336e-29,,,,,,free_space,,,,,,ALL,3.61400724162e-19,0.123687973571,70,128
0.020117245951,64,0.402600743607,,0,18.1631729118,0.852213541667,,1.09525490968,0.252057485777,0.259115586453,0.0920954041554,0.314480331972,0.0118304911578,,,,phase,CONTROL_CONSEQUENCE_LABEL_SHUFFLED__K64,,1536,,0.283799576748,0.259115586453,,,,,,pre_contact,,,,,,ALL,0.000949264961255,0.314480331972,74,128
0.0202614752623,64,0.388391140105,,0,17.7845920994,0.978515625,,1.04177720821,0.339272086487,0.271295205838,0.0328666595481,0.256744540448,0.0118304911578,,,,phase,CONTROL_CONSEQUENCE_LABEL_SHUFFLED__K64,,1536,,0.277884251554,0.271295205838,,,,,,contact_onset,,,,,,ALL,0.000970371273927,0.256744540448,82,128
0.0205370962618,64,0.312018154762,,0,19.7057510049,1,,0.697129883782,0.330794605357,0.189116991752,0.153801183372,0.189248109545,0.0118304911578,,,,phase,CONTROL_CONSEQUENCE_LABEL_SHUFFLED__K64,,1536,,0.307902359451,0.189116991752,,,,,,post_contact,,,,,,ALL,0.0131221670009,0.189248109545,81,128
0.0185660458726,128,0.260294194892,,0,33.3850131891,0.95654296875,,0.674985188009,0.207573635043,0.163664042512,0.0593597078404,0.195888401058,0.0207923909556,,,,pooled,CONTROL_CONTEXT_SHUFFLED__FULL,,6144,,0.26082041554,0.163664042512,,,,,,ALL,,,,,,ALL,0.00331516659038,0.195888401058,78,128
0.0185862853261,128,0.473937945465,,0,34.2058598514,0.910807291667,,1.13940418536,0.20241587155,0.45938768387,0.085765272987,0.482716713563,0.0207923909556,,,,task,CONTROL_CONTEXT_SHUFFLED__FULL,,1536,,0.267233280089,0.45938768387,,,,,,ALL,,,,,,bowl_on_plate,0.00371774595534,0.482716713563,62,128
0.0183542643834,128,0.214463442278,,0,33.2176271365,0.978515625,,0.941987460772,0.0337878349573,0.0451574748834,0.000499683431415,0.0508847573459,0.0207923909556,,,,task,CONTROL_CONTEXT_SHUFFLED__FULL,,1536,,0.259512712004,0.0451574748834,,,,,,ALL,,,,,,plate_push,0.000105345798846,0.0508847573459,57,128
0.018544636372,128,0.179026157638,,0,32.2500843104,0.969401041667,,0.207748308753,0.509543551131,0,0.107103158032,0.070735770274,0.0207923909556,,,,task,CONTROL_CONTEXT_SHUFFLED__FULL,,1536,,0.251953783675,0,,,,,,ALL,,,,,,stove_turn_on,0.00147274645571,0.070735770274,55,128
0.0187789974088,128,0.173749234189,,0,33.8664814583,0.967447916667,,0.410800797157,0.0845472825323,0.150111011294,0.0440707169112,0.179216363049,0.0207923909556,,,,task,CONTROL_CONTEXT_SHUFFLED__FULL,,1536,,0.264581886393,0.150111011294,,,,,,ALL,,,,,,wine_rack,0.00796482815163,0.179216363049,64,128
0.0184136670992,128,0.0186764443261,,0,32.7815109678,1,,0,5.39059647332e-08,1.15319031262e-29,1.20370621524e-31,0.0933821677245,0.0207923909556,,,,phase,CONTROL_CONTEXT_SHUFFLED__FULL,,1536,,0.256105554436,1.15319031262e-29,,,,,,free_space,,,,,,ALL,4.33680868994e-19,0.0933821677245,55,128
0.0185114748427,128,0.387572705556,,0,33.9447960891,0.845703125,,1.08247027963,0.230106687904,0.246310819587,0.0890956976879,0.289880042973,0.0207923909556,,,,phase,CONTROL_CONTEXT_SHUFFLED__FULL,,1536,,0.265193719446,0.246310819587,,,,,,pre_contact,,,,,,ALL,0.000898126266756,0.289880042973,57,128
0.0188465482626,128,0.353071475536,,0,34.4771064704,0.98046875,,0.928947097134,0.311228825223,0.255623942478,0.0218815602134,0.24767595263,0.0207923909556,,,,phase,CONTROL_CONTEXT_SHUFFLED__FULL,,1536,,0.2693523943,0.255623942478,,,,,,contact_onset,,,,,,ALL,0.000938078168307,0.24767595263,64,128
0.0184924932859,128,0.281856154152,,0,32.3366392293,1,,0.688523375275,0.288958973137,0.152721407981,0.12646157346,0.152615440904,0.0207923909556,,,,phase,CONTROL_CONTEXT_SHUFFLED__FULL,,1536,,0.252629993979,0.152721407981,,,,,,post_contact,,,,,,ALL,0.0114244619265,0.152615440904,67,128
0.0203536262199,64,0.28591310334,,0,19.4052661064,0.95654296875,,0.729278628163,0.227000851204,0.184142325968,0.0629940652637,0.226149646104,0.0207923909556,,,,pooled,CONTROL_CONTEXT_SHUFFLED__K64,,6144,,0.303207282912,0.184142325968,,,,,,ALL,,,,,,ALL,0.00373939973393,0.226149646104,97,128
0.0203103790591,64,0.508539353287,,0,18.713939732,0.908203125,,1.16961835207,0.242327454335,0.508640818934,0.0838076227597,0.538302518331,0.0207923909556,,,,task,CONTROL_CONTEXT_SHUFFLED__K64,,1536,,0.292405308313,0.508640818934,,,,,,ALL,,,,,,bowl_on_plate,0.00377282774603,0.538302518331,83,128
0.0205634719892,64,0.240586440371,,0,18.8990380713,0.983723958333,,1.03798743408,0.0388710591214,0.0602788214481,0.000646561295861,0.0651483259076,0.0207923909556,,,,task,CONTROL_CONTEXT_SHUFFLED__K64,,1536,,0.295297469865,0.0602788214481,,,,,,ALL,,,,,,plate_push,0.000123577222754,0.0651483259076,76,128
0.0202915891846,64,0.206159239042,,0,19.8887862072,0.969401041667,,0.268980196294,0.549718907058,0,0.114113765883,0.0979833259755,0.0207923909556,,,,task,CONTROL_CONTEXT_SHUFFLED__K64,,1536,,0.310762284488,0,,,,,,ALL,,,,,,stove_turn_on,0.00155752325971,0.0979833259755,77,128
0.0202490646465,64,0.188367380662,,0,20.1193004149,0.96484375,,0.440528530203,0.0770859843007,0.167649663489,0.0534083111159,0.203164414202,0.0207923909556,,,,task,CONTROL_CONTEXT_SHUFFLED__K64,,1536,,0.314364068983,0.167649663489,,,,,,ALL,,,,,,wine_rack,0.00950367070723,0.203164414202,77,128
0.020552383703,64,0.0249817916225,,0,19.3371651188,1,,0,8.31856387686e-08,1.55506933828e-29,1.0030885127e-31,0.124908874927,0.0207923909556,,,,phase,CONTROL_CONTEXT_SHUFFLED__K64,,1536,,0.302143204981,1.55506933828e-29,,,,,,free_space,,,,,,ALL,3.61400724162e-19,0.124908874927,71,128
0.0198513197972,64,0.423459961682,,0,18.9007564088,0.850911458333,,1.15261521556,0.266478572066,0.273036259978,0.0951958552994,0.32997390551,0.0207923909556,,,,phase,CONTROL_CONTEXT_SHUFFLED__K64,,1536,,0.295324318888,0.273036259978,,,,,,pre_contact,,,,,,ALL,0.000981950236767,0.32997390551,76,128
0.0207306706529,64,0.391579944816,,0,19.3296454655,0.975260416667,,1.07100224923,0.338040410767,0.268680133919,0.0205807453992,0.259596184765,0.0207923909556,,,,phase,CONTROL_CONTEXT_SHUFFLED__K64,,1536,,0.302025710399,0.268680133919,,,,,,contact_onset,,,,,,ALL,0.000938183696945,0.259596184765,78,128
0.0202801307264,64,0.30363071524,,0,20.0534974324,1,,0.693497047859,0.303484338796,0.194852909975,0.136199660356,0.190119619214,0.0207923909556,,,,phase,CONTROL_CONTEXT_SHUFFLED__K64,,1536,,0.313335897381,0.194852909975,,,,,,post_contact,,,,,,ALL,0.013037465002,0.190119619214,82,128
0.0185840221497,128,0.258914083593,,0,32.7570437451,0.957356770833,,0.672262123741,0.194817316117,0.165716707048,0.0639044813671,0.197869789694,0.00771243625448,,,,pooled,CONTROL_CURRENT_CONTACT_ONLY__FULL,,6144,,0.255914404259,0.165716707048,,,,,,ALL,,,,,,ALL,0.00375137773611,0.197869789694,66,128
0.0186488378433,128,0.473079125673,,0,32.4856748285,0.911458333333,,1.11396674219,0.195238396364,0.471419565369,0.0917655619585,0.493005362484,0.00771243625448,,,,task,CONTROL_CURRENT_CONTACT_ONLY__FULL,,1536,,0.253794334598,0.471419565369,,,,,,ALL,,,,,,bowl_on_plate,0.00397404957298,0.493005362484,51,128
0.0183284328732,128,0.215873598633,,0,32.6818874673,0.981770833333,,0.948528186956,0.0346458719604,0.044179614682,0.000530317859716,0.0514840017085,0.00771243625448,,,,task,CONTROL_CURRENT_CONTACT_ONLY__FULL,,1536,,0.255327245838,0.044179614682,,,,,,ALL,,,,,,plate_push,0.00011032803985,0.0514840017085,53,128
0.0187834764064,128,0.175723102488,,0,31.6298022739,0.968098958333,,0.218332504727,0.478016959788,0,0.111651133126,0.0706149148005,0.00771243625448,,,,task,CONTROL_CURRENT_CONTACT_ONLY__FULL,,1536,,0.247107830265,0,,,,,,ALL,,,,,,stove_turn_on,0.00150475013608,0.0706149148005,54,128
0.0185753414761,128,0.170980507579,,0,34.2308104108,0.968098958333,,0.408221061094,0.0713680363563,0.147267648139,0.0516709125243,0.176374879784,0.00771243625448,,,,task,CONTROL_CURRENT_CONTACT_ONLY__FULL,,1536,,0.267428206334,0.147267648139,,,,,,ALL,,,,,,wine_rack,0.00941638319553,0.176374879784,53,128
0.0184404899379,128,0.0183199554667,,0,32.6088175102,1,,0,5.16849984384e-08,1.19808623952e-29,1.40432391778e-31,0.0915997256485,0.00771243625448,,,,phase,CONTROL_CURRENT_CONTACT_ONLY__FULL,,1536,,0.254756386799,1.19808623952e-29,,,,,,free_space,,,,,,ALL,5.05961013827e-19,0.0915997256485,55,128
0.0185988833794,128,0.387093436837,,0,33.6701462011,0.84765625,,1.06950124983,0.230979289776,0.247935309915,0.0901483036262,0.296903031035,0.00771243625448,,,,phase,CONTROL_CURRENT_CONTACT_ONLY__FULL,,1536,,0.263048017196,0.247935309915,,,,,,pre_contact,,,,,,ALL,0.000920798513329,0.296903031035,53,128
0.018862183631,128,0.353882041081,,0,33.7338805245,0.981770833333,,0.945331427728,0.293743796682,0.257185164477,0.0269450707182,0.246204745799,0.00771243625448,,,,phase,CONTROL_CURRENT_CONTACT_ONLY__FULL,,1536,,0.263545941598,0.257185164477,,,,,,contact_onset,,,,,,ALL,0.00102899636222,0.246204745799,56,128
0.0184345316507,128,0.276360900989,,0,31.0153307447,1,,0.674215817405,0.254546126325,0.157746353798,0.138524551124,0.156771656295,0.00771243625448,,,,phase,CONTROL_CURRENT_CONTACT_ONLY__FULL,,1536,,0.242307271443,0.157746353798,,,,,,post_contact,,,,,,ALL,0.0130557160689,0.156771656295,59,128
0.0198588953332,64,0.275580311545,,0,18.675632603,0.957845052083,,0.708224854175,0.203817579775,0.17937596927,0.0699369024755,0.216546252031,0.00771243625448,,,,pooled,CONTROL_CURRENT_CONTACT_ONLY__K64,,6144,,0.291806759421,0.17937596927,,,,,,ALL,,,,,,ALL,0.00462160725626,0.216546252031,92,128
0.0200340673899,64,0.474058928646,,0,18.9424072837,0.909505208333,,1.10651289875,0.189541063622,0.484586086232,0.0804962692789,0.509158325349,0.00771243625448,,,,task,CONTROL_CURRENT_CONTACT_ONLY__K64,,1536,,0.295975113807,0.484586086232,,,,,,ALL,,,,,,bowl_on_plate,0.00353278687316,0.509158325349,75,128
0.0195484104528,64,0.239933331101,,0,19.0852017412,0.983072916667,,1.03675466792,0.0439343034556,0.0572749204838,0.000578668697761,0.0611240949499,0.00771243625448,,,,task,CONTROL_CURRENT_CONTACT_ONLY__K64,,1536,,0.298206277207,0.0572749204838,,,,,,ALL,,,,,,plate_push,0.000132296201264,0.0611240949499,74,128
0.0199569845734,64,0.194134329922,,0,19.0507346244,0.968098958333,,0.249927364544,0.505251111373,0,0.125445954496,0.0900472191972,0.00771243625448,,,,task,CONTROL_CURRENT_CONTACT_ONLY__K64,,1536,,0.297667728506,0,,,,,,ALL,,,,,,stove_turn_on,0.00154662170436,0.0900472191972,73,128
0.0198961189168,64,0.194194656512,,0,17.6241867626,0.970703125,,0.439704485489,0.0765438406488,0.175642870364,0.0732267174299,0.205855368629,0.00771243625448,,,,task,CONTROL_CURRENT_CONTACT_ONLY__K64,,1536,,0.275377918165,0.175642870364,,,,,,ALL,,,,,,wine_rack,0.0132747242462,0.205855368629,76,128
0.0199186754554,64,0.0240633939916,,0,18.1139562665,1,,0,6.43142710655e-08,1.1975490191e-29,2.40741243048e-31,0.120316905644,0.00771243625448,,,,phase,CONTROL_CURRENT_CONTACT_ONLY__K64,,1536,,0.283030566665,1.1975490191e-29,,,,,,free_space,,,,,,ALL,8.67361737988e-19,0.120316905644,66,128
0.0198689065185,64,0.400080410059,,0,18.3690654215,0.8515625,,1.11772952457,0.225380124425,0.254537273676,0.0962877574746,0.306467370149,0.00771243625448,,,,phase,CONTROL_CURRENT_CONTACT_ONLY__K64,,1536,,0.287016647211,0.254537273676,,,,,,pre_contact,,,,,,ALL,0.000910447723833,0.306467370149,79,128
0.020071245991,64,0.37793207082,,0,19.2451834928,0.979817708333,,1.02949280774,0.305324297458,0.271530309198,0.0307871644436,0.252525775261,0.00771243625448,,,,phase,CONTROL_CURRENT_CONTACT_ONLY__K64,,1536,,0.300705992075,0.271530309198,,,,,,contact_onset,,,,,,ALL,0.000965491872348,0.252525775261,83,128
0.0195767533681,64,0.30024537131,,0,18.974325231,1,,0.685677084387,0.284565832901,0.191436294206,0.152672687984,0.186874957071,0.00771243625448,,,,phase,CONTROL_CURRENT_CONTACT_ONLY__K64,,1536,,0.296473831735,0.191436294206,,,,,,post_contact,,,,,,ALL,0.0166104894288,0.186874957071,79,128
0.0186565453934,128,0.262550160513,,0,34.1093245971,0.9580078125,,0.678858197396,0.210086549622,0.165322188926,0.0610661456977,0.197417720922,0.0103086736153,,,,pooled,CONTROL_JOINT_STATE_NOMINAL_SHUFFLED__FULL,,6144,,0.266479098415,0.165322188926,,,,,,ALL,,,,,,ALL,0.00369620358363,0.197417720922,77,128
0.0186116148016,128,0.475425636832,,0,33.7668923828,0.916015625,,1.13219137171,0.201943721238,0.468884896075,0.0853950304394,0.488713164701,0.0103086736153,,,,task,CONTROL_JOINT_STATE_NOMINAL_SHUFFLED__FULL,,1536,,0.263803846741,0.468884896075,,,,,,ALL,,,,,,bowl_on_plate,0.00366660039348,0.488713164701,59,128
0.0185977204697,128,0.220540469036,,0,33.7015167202,0.981770833333,,0.962390679014,0.0413519187495,0.0448006645626,0.000754430357173,0.0534046524966,0.0103086736153,,,,task,CONTROL_JOINT_STATE_NOMINAL_SHUFFLED__FULL,,1536,,0.263293099377,0.0448006645626,,,,,,ALL,,,,,,plate_push,0.000101149988968,0.0534046524966,61,128
0.0187016727366,128,0.184967464844,,0,34.2231387669,0.970703125,,0.219257479975,0.526250621681,0,0.10615517056,0.0731740520042,0.0103086736153,,,,task,CONTROL_JOINT_STATE_NOMINAL_SHUFFLED__FULL,,1536,,0.267368271616,0,,,,,,ALL,,,,,,stove_turn_on,0.00160153231987,0.0731740520042,67,128
0.0187151735656,128,0.169267071338,,0,34.7457505184,0.963541666667,,0.401593258888,0.0707999368185,0.147603195065,0.0519599514342,0.174379014486,0.0103086736153,,,,task,CONTROL_JOINT_STATE_NOMINAL_SHUFFLED__FULL,,1536,,0.271451175925,0.147603195065,,,,,,ALL,,,,,,wine_rack,0.00941553163219,0.174379014486,64,128
0.0183558637364,128,0.018781382968,,0,33.1254964438,1,,0,5.67355529425e-08,1.10834659795e-29,1.40432391778e-31,0.0939068581043,0.0103086736153,,,,phase,CONTROL_JOINT_STATE_NOMINAL_SHUFFLED__FULL,,1536,,0.258792940967,1.10834659795e-29,,,,,,free_space,,,,,,ALL,5.05961013827e-19,0.0939068581043,57,128
0.0186537550747,128,0.381804713927,,0,34.5378104559,0.84765625,,1.06383616741,0.225357743699,0.245693819016,0.0842935152943,0.289842324215,0.0103086736153,,,,phase,CONTROL_JOINT_STATE_NOMINAL_SHUFFLED__FULL,,1536,,0.269826644187,0.245693819016,,,,,,pre_contact,,,,,,ALL,0.000902425711853,0.289842324215,60,128
0.0188688157417,128,0.360348995828,,0,35.543847988,0.984375,,0.947636662513,0.312375218351,0.263582033777,0.0254460038736,0.252705060627,0.0103086736153,,,,phase,CONTROL_JOINT_STATE_NOMINAL_SHUFFLED__FULL,,1536,,0.277686312406,0.263582033777,,,,,,contact_onset,,,,,,ALL,0.00103572638821,0.252705060627,65,128
0.0187477470208,128,0.289265549328,,0,33.2301435006,1,,0.703959959662,0.302613179702,0.15201290291,0.134525063623,0.153216640741,0.0103086736153,,,,phase,CONTROL_JOINT_STATE_NOMINAL_SHUFFLED__FULL,,1536,,0.259610496099,0.15201290291,,,,,,post_contact,,,,,,ALL,0.0128466622344,0.153216640741,61,128
0.0205534552809,64,0.283533463541,,0,19.3678252041,0.95703125,,0.718178089893,0.23204292556,0.179873199643,0.0635139707199,0.224059131892,0.0103086736153,,,,pooled,CONTROL_JOINT_STATE_NOMINAL_SHUFFLED__K64,,6144,,0.302622268814,0.179873199643,,,,,,ALL,,,,,,ALL,0.00366506496291,0.224059131892,98,128
0.0205499448322,64,0.487051307609,,0,18.4652854464,0.915364583333,,1.13144016709,0.225580408216,0.483121836928,0.0780833957134,0.517030730102,0.0103086736153,,,,task,CONTROL_JOINT_STATE_NOMINAL_SHUFFLED__K64,,1536,,0.288520085101,0.483121836928,,,,,,ALL,,,,,,bowl_on_plate,0.00337814136742,0.517030730102,79,128
0.0207393553315,64,0.250029720001,,0,19.5148910252,0.979166666667,,1.07115750051,0.0530947479437,0.0572294173576,0.00066845137021,0.0679984828211,0.0103086736153,,,,task,CONTROL_JOINT_STATE_NOMINAL_SHUFFLED__K64,,1536,,0.304920172269,0.0572294173576,,,,,,ALL,,,,,,plate_push,0.000107319453978,0.0679984828211,79,128
0.0203457741397,64,0.209611264062,,0,20.640631539,0.970703125,,0.246775028958,0.580508195645,0,0.122719087463,0.0980540082429,0.0103086736153,,,,task,CONTROL_JOINT_STATE_NOMINAL_SHUFFLED__K64,,1536,,0.322509867796,0,,,,,,ALL,,,,,,stove_turn_on,0.00168899951629,0.0980540082429,80,128
0.0205787468202,64,0.187441562493,,0,18.8504928058,0.962890625,,0.423339663012,0.068988350434,0.179141544285,0.0525849483325,0.213153306401,0.0103086736153,,,,task,CONTROL_JOINT_STATE_NOMINAL_SHUFFLED__K64,,1536,,0.29453895009,0.179141544285,,,,,,ALL,,,,,,wine_rack,0.00948579951398,0.213153306401,78,128
0.0205747135649,64,0.0257483916788,,0,19.6279845093,1,,0,7.97715662217e-08,1.06226275159e-29,1.0030885127e-31,0.128741878622,0.0103086736153,,,,phase,CONTROL_JOINT_STATE_NOMINAL_SHUFFLED__K64,,1536,,0.306687257958,1.06226275159e-29,,,,,,free_space,,,,,,ALL,3.61400724162e-19,0.128741878622,75,128
0.020365465377,64,0.412050414765,,0,18.6339622171,0.841796875,,1.12814862794,0.255302405348,0.265556174149,0.0920535083698,0.319191358022,0.0103086736153,,,,phase,CONTROL_JOINT_STATE_NOMINAL_SHUFFLED__K64,,1536,,0.291155659642,0.265556174149,,,,,,pre_contact,,,,,,ALL,0.000943474783135,0.319191358022,81,128
0.0204801902052,64,0.39275491309,,0,19.1583272608,0.986328125,,1.02178529212,0.356864910329,0.281459258673,0.0307431893984,0.272921914935,0.0103086736153,,,,phase,CONTROL_JOINT_STATE_NOMINAL_SHUFFLED__K64,,1536,,0.29934886345,0.281459258673,,,,,,contact_onset,,,,,,ALL,0.00102681756963,0.272921914935,83,128
0.0207934519765,64,0.303580134632,,0,20.0510268292,1,,0.72277843952,0.316004306791,0.172477365749,0.131259185111,0.175381375988,0.0103086736153,,,,phase,CONTROL_JOINT_STATE_NOMINAL_SHUFFLED__K64,,1536,,0.313297294206,0.172477365749,,,,,,post_contact,,,,,,ALL,0.0126899674989,0.175381375988,78,128
0.0186568318074,128,0.260807682064,,0,33.2261830867,0.95849609375,,0.673874762882,0.206530709576,0.163760105219,0.0621463548231,0.197726477818,0.0100172508724,,,,pooled,CONTROL_NOMINAL_SHUFFLED__FULL,,6144,,0.259579555365,0.163760105219,,,,,,ALL,,,,,,ALL,0.00352092089987,0.197726477818,74,128
0.0185698243042,128,0.470760931044,,0,33.7810683273,0.915364583333,,1.11823221575,0.201625020052,0.460475198076,0.0886557081431,0.484816513194,0.0100172508724,,,,task,CONTROL_NOMINAL_SHUFFLED__FULL,,1536,,0.263914596307,0.460475198076,,,,,,ALL,,,,,,bowl_on_plate,0.00380620594035,0.484816513194,62,128
0.0186584871763,128,0.21690565164,,0,33.4265168102,0.983072916667,,0.948871331355,0.0380689377392,0.0443468811919,0.00051785624396,0.0527232516708,0.0100172508724,,,,task,CONTROL_NOMINAL_SHUFFLED__FULL,,1536,,0.26114466258,0.0443468811919,,,,,,ALL,,,,,,plate_push,0.000100673433888,0.0527232516708,58,128
0.0187662759118,128,0.181992021473,,0,31.666546079,0.970703125,,0.21569711057,0.51062357676,0,0.112536178205,0.0711032418317,0.0100172508724,,,,task,CONTROL_NOMINAL_SHUFFLED__FULL,,1536,,0.247394891242,0,,,,,,ALL,,,,,,stove_turn_on,0.00164658007133,0.0711032418317,57,128
0.0186327398373,128,0.173572124097,,0,34.0306011305,0.96484375,,0.41269839385,0.0758053037508,0.150218341608,0.0468756767,0.182262904576,0.0100172508724,,,,task,CONTROL_NOMINAL_SHUFFLED__FULL,,1536,,0.265864071332,0.150218341608,,,,,,ALL,,,,,,wine_rack,0.0085302241539,0.182262904576,65,128
0.0186087597193,128,0.018681074425,,0,31.8999586569,1,,0,5.87009664515e-08,1.17444966285e-29,1.40432391778e-31,0.093405313424,0.0100172508724,,,,phase,CONTROL_NOMINAL_SHUFFLED__FULL,,1536,,0.249218427007,1.17444966285e-29,,,,,,free_space,,,,,,ALL,5.05961013827e-19,0.093405313424,55,128
0.0188674745149,128,0.380431791299,,0,34.1200753467,0.84765625,,1.06398816857,0.228580018607,0.237108986313,0.0856363664858,0.286845416522,0.0100172508724,,,,phase,CONTROL_NOMINAL_SHUFFLED__FULL,,1536,,0.266563088646,0.237108986313,,,,,,pre_contact,,,,,,ALL,0.000897228523793,0.286845416522,59,128
0.0187493739723,128,0.357903331679,,0,33.7055649108,0.986328125,,0.954597636828,0.298167140422,0.258374599013,0.0285530448069,0.249824237324,0.0100172508724,,,,phase,CONTROL_NOMINAL_SHUFFLED__FULL,,1536,,0.263324725866,0.258374599013,,,,,,contact_onset,,,,,,ALL,0.00102484663626,0.249824237324,61,128
0.0184017190231,128,0.286214530852,,0,33.1791334326,1,,0.676913246134,0.299375620572,0.159556835549,0.134396008,0.160830944002,0.0100172508724,,,,phase,CONTROL_NOMINAL_SHUFFLED__FULL,,1536,,0.259211979942,0.159556835549,,,,,,post_contact,,,,,,ALL,0.0121616084394,0.160830944002,66,128
0.0202098439466,64,0.289584580907,,0,19.3026940833,0.952473958333,,0.72970915662,0.238239986185,0.186120624056,0.0660088316434,0.227844306029,0.0100172508724,,,,pooled,CONTROL_NOMINAL_SHUFFLED__K64,,6144,,0.301604595052,0.186120624056,,,,,,ALL,,,,,,ALL,0.00363479607128,0.227844306029,97,128
0.0205100710089,64,0.500564761676,,0,18.8356314352,0.896484375,,1.12847454595,0.247643782343,0.512036270077,0.0802123740022,0.534456836006,0.0100172508724,,,,task,CONTROL_NOMINAL_SHUFFLED__K64,,1536,,0.294306741175,0.512036270077,,,,,,ALL,,,,,,bowl_on_plate,0.00351251461541,0.534456836006,77,128
0.0201144875129,64,0.253341783383,,0,19.5441384046,0.982421875,,1.09690010044,0.0504785808064,0.0549111241608,0.000608081775934,0.0638110297279,0.0100172508724,,,,task,CONTROL_NOMINAL_SHUFFLED__K64,,1536,,0.305377162571,0.0549111241608,,,,,,ALL,,,,,,plate_push,0.00011844268449,0.0638110297279,80,128
0.0202308222339,64,0.212280966098,,0,19.6406952367,0.961588541667,,0.262224847547,0.569228481016,0,0.132574904839,0.0973765970897,0.0100172508724,,,,task,CONTROL_NOMINAL_SHUFFLED__K64,,1536,,0.306885863073,0,,,,,,ALL,,,,,,stove_turn_on,0.00173862485288,0.0973765970897,81,128
0.0199839950305,64,0.19215081247,,0,19.1903112568,0.969401041667,,0.431237132537,0.0856091005758,0.177535101988,0.0506399659568,0.215732761294,0.0100172508724,,,,task,CONTROL_NOMINAL_SHUFFLED__K64,,1536,,0.299848613388,0.177535101988,,,,,,ALL,,,,,,wine_rack,0.00916960213234,0.215732761294,82,128
0.0200856359131,64,0.0253514779654,,0,20.0863640232,1,,0,1.19295972182e-07,8.13574329155e-30,1.0030885127e-31,0.126757270531,0.0100172508724,,,,phase,CONTROL_NOMINAL_SHUFFLED__K64,,1536,,0.313849437863,8.13574329155e-30,,,,,,free_space,,,,,,ALL,3.61400724162e-19,0.126757270531,74,128
0.0197588504993,64,0.425666982342,,0,19.1195257193,0.837239583333,,1.17748449658,0.267842060554,0.267492578413,0.0936893393432,0.321826436825,0.0100172508724,,,,phase,CONTROL_NOMINAL_SHUFFLED__K64,,1536,,0.298742589364,0.267492578413,,,,,,pre_contact,,,,,,ALL,0.000969024899008,0.321826436825,80,128
0.0201581238092,64,0.394439210274,,0,19.1471252587,0.97265625,,1.04315082734,0.348266044063,0.275893016626,0.0394390412,0.265447122143,0.0100172508724,,,,phase,CONTROL_NOMINAL_SHUFFLED__K64,,1536,,0.299173832167,0.275893016626,,,,,,contact_onset,,,,,,ALL,0.00108239729337,0.265447122143,80,128
0.0208367655646,64,0.312880653046,,0,18.8577613321,1,,0.698201302568,0.336851720829,0.201096901186,0.13090694603,0.197346394618,0.0100172508724,,,,phase,CONTROL_NOMINAL_SHUFFLED__K64,,1536,,0.294652520814,0.201096901186,,,,,,post_contact,,,,,,ALL,0.0124877620927,0.197346394618,83,128
0.0186556438894,128,0.258866041408,,0,33.7791945433,0.957845052083,,0.668525123019,0.200181726118,0.165665264885,0.0626360808937,0.197322012121,0.00895178569888,,,,pooled,CONTROL_NO_REVERSAL_LOSS__FULL,,6144,,0.263899957369,0.165665264885,,,,,,ALL,,,,,,ALL,0.00364933530548,0.197322012121,76,128
0.0187295956929,128,0.468645432787,,0,34.58427007,0.91796875,,1.1162421199,0.194780146466,0.461833677994,0.089848194131,0.48052302544,0.00895178569888,,,,task,CONTROL_NO_REVERSAL_LOSS__FULL,,1536,,0.270189609922,0.461833677994,,,,,,ALL,,,,,,bowl_on_plate,0.00385347732719,0.48052302544,60,128
0.018428156505,128,0.215109009417,,0,32.8249216661,0.979817708333,,0.943531766213,0.0337394542583,0.0455804142495,0.000558005836311,0.0521354065258,0.00895178569888,,,,task,CONTROL_NO_REVERSAL_LOSS__FULL,,1536,,0.256444700517,0.0455804142495,,,,,,ALL,,,,,,plate_push,0.000105269278906,0.0521354065258,55,128
0.0187160298295,128,0.174450667295,,0,33.6313900677,0.966796875,,0.2028925421,0.489095427019,0,0.109939829522,0.0703255378361,0.00895178569888,,,,task,CONTROL_NO_REVERSAL_LOSS__FULL,,1536,,0.262745234904,0,,,,,,ALL,,,,,,stove_turn_on,0.0015118340081,0.0703255378361,61,128
0.0187487935301,128,0.177259056131,,0,34.0761963693,0.966796875,,0.411434063862,0.0831118767305,0.155246967298,0.0501982940858,0.18630407868,0.00895178569888,,,,task,CONTROL_NO_REVERSAL_LOSS__FULL,,1536,,0.266220284135,0.155246967298,,,,,,ALL,,,,,,wine_rack,0.00912676060773,0.18630407868,60,128
0.0183247717076,128,0.0185641979424,,0,31.8856699861,1,,0,5.20538686147e-08,1.19859603931e-29,1.40432391778e-31,0.0928209376581,0.00895178569888,,,,phase,CONTROL_NO_REVERSAL_LOSS__FULL,,1536,,0.249106796766,1.19859603931e-29,,,,,,free_space,,,,,,ALL,5.05961013827e-19,0.0928209376581,57,128
0.0185178480323,128,0.387171713974,,0,33.6187535273,0.845703125,,1.06871238519,0.23402791872,0.248356273648,0.0912077321622,0.293554260152,0.00895178569888,,,,phase,CONTROL_NO_REVERSAL_LOSS__FULL,,1536,,0.262646511932,0.248356273648,,,,,,pre_contact,,,,,,ALL,0.000910393460462,0.293554260152,57,128
0.0190404020404,128,0.348552937705,,0,35.2516408899,0.985677083333,,0.938031406223,0.280215666219,0.256105688005,0.0221863879921,0.246225540087,0.00895178569888,,,,phase,CONTROL_NO_REVERSAL_LOSS__FULL,,1536,,0.275403444452,0.256105688005,,,,,,contact_onset,,,,,,ALL,0.000971149685252,0.246225540087,57,128
0.0187395537772,128,0.281175316009,,0,34.3607137698,1,,0.667356700667,0.286483267481,0.158199097889,0.137150203421,0.156687310586,0.00895178569888,,,,phase,CONTROL_NO_REVERSAL_LOSS__FULL,,1536,,0.268443076327,0.158199097889,,,,,,post_contact,,,,,,ALL,0.0127157980762,0.156687310586,63,128
0.0204783129179,64,0.280064603761,,0,18.9283977732,0.958333333333,,0.708241147193,0.231769078501,0.178275353916,0.0641071107599,0.217930328435,0.00895178569888,,,,pooled,CONTROL_NO_REVERSAL_LOSS__K64,,6144,,0.295756215206,0.178275353916,,,,,,ALL,,,,,,ALL,0.00403891421361,0.217930328435,96,128
0.0206619472982,64,0.490387699051,,0,17.9884923516,0.908854166667,,1.14531256828,0.227775364286,0.487204386253,0.0804753374153,0.51117083902,0.00895178569888,,,,task,CONTROL_NO_REVERSAL_LOSS__K64,,1536,,0.281070192994,0.487204386253,,,,,,ALL,,,,,,bowl_on_plate,0.00350017257254,0.51117083902,73,128
0.0205960574664,64,0.239275799101,,0,19.0744876665,0.983072916667,,1.01733125546,0.0527600851724,0.0590791050283,0.000737005314105,0.0664715445339,0.00895178569888,,,,task,CONTROL_NO_REVERSAL_LOSS__K64,,1536,,0.29803886979,0.0590791050283,,,,,,ALL,,,,,,plate_push,0.00012698122599,0.0664715445339,79,128
0.0204092400577,64,0.202221714703,,0,19.8916587121,0.971354166667,,0.237022132286,0.563441485641,0,0.114958864935,0.0956860906509,0.00895178569888,,,,task,CONTROL_NO_REVERSAL_LOSS__K64,,1536,,0.310807167376,0,,,,,,ALL,,,,,,stove_turn_on,0.00162263642672,0.0956860906509,78,128
0.0202460068492,64,0.188373202189,,0,18.7589523625,0.970052083333,,0.433298632749,0.0830993789029,0.166817924382,0.0602572353751,0.198392839536,0.00895178569888,,,,task,CONTROL_NO_REVERSAL_LOSS__K64,,1536,,0.293108630663,0.166817924382,,,,,,ALL,,,,,,wine_rack,0.0109058666292,0.198392839536,84,128
0.02011548694,64,0.0236654967997,,0,19.3184278098,1,,0,7.7520829022e-08,1.42169727247e-29,3.00926553811e-31,0.118327406477,0.00895178569888,,,,phase,CONTROL_NO_REVERSAL_LOSS__K64,,1536,,0.301850434527,1.42169727247e-29,,,,,,free_space,,,,,,ALL,1.08420217249e-18,0.118327406477,70,128
0.0209451032906,64,0.402218125677,,0,18.1247259424,0.852213541667,,1.10200808796,0.251957935225,0.254281212513,0.0950300994582,0.307813293231,0.00895178569888,,,,phase,CONTROL_NO_REVERSAL_LOSS__K64,,1536,,0.283198842849,0.254281212513,,,,,,pre_contact,,,,,,ALL,0.000923855390803,0.307813293231,84,128
0.0203488503417,64,0.379996977514,,0,18.597689842,0.981119791667,,1.0207049484,0.337981071228,0.267073171617,0.02161456411,0.252611132216,0.00895178569888,,,,phase,CONTROL_NO_REVERSAL_LOSS__K64,,1536,,0.290588903781,0.267073171617,,,,,,contact_onset,,,,,,ALL,0.000990510890674,0.252611132216,79,128
0.0205038110992,64,0.314377815053,,0,19.6727474986,1,,0.710251552415,0.337137230029,0.191747031533,0.139783779472,0.192969481817,0.00895178569888,,,,phase,CONTROL_NO_REVERSAL_LOSS__K64,,1536,,0.307386679665,0.191747031533,,,,,,post_contact,,,,,,ALL,0.014241290573,0.192969481817,81,128
0.0185516525376,128,0.257696540455,,0,32.4687202653,0.95751953125,,0.673679065414,0.193331620366,0.163828123117,0.062268077669,0.195375815707,0.00972782378186,,,,pooled,CONTROL_PHASE_ONLY__FULL,,6144,,0.253661877073,0.163828123117,,,,,,ALL,,,,,,ALL,0.00367853090122,0.195375815707,68,128
0.0186440631217,128,0.469656063645,,0,32.1939276017,0.912760416667,,1.11856174588,0.195068220656,0.460485542726,0.0916548738959,0.482509935064,0.00972782378186,,,,task,CONTROL_PHASE_ONLY__FULL,,1536,,0.251515059388,0.460485542726,,,,,,ALL,,,,,,bowl_on_plate,0.00396595803995,0.482509935064,52,128
0.018272379036,128,0.217047947366,,0,32.2352616061,0.981119791667,,0.954438085376,0.0334482353551,0.0452270175989,0.000526042453083,0.0516003560454,0.00972782378186,,,,task,CONTROL_PHASE_ONLY__FULL,,1536,,0.251837981297,0.0452270175989,,,,,,ALL,,,,,,plate_push,0.000109110260872,0.0516003560454,55,128
0.0187695201319,128,0.172625058914,,0,32.1916537788,0.969401041667,,0.212930126943,0.474384461371,0,0.106565296678,0.0692454095784,0.00972782378186,,,,task,CONTROL_PHASE_ONLY__FULL,,1536,,0.251497295147,0,,,,,,ALL,,,,,,stove_turn_on,0.00151493970414,0.0692454095784,57,128
0.0185206478607,128,0.171457091893,,0,33.2540380746,0.966796875,,0.408786303456,0.0704255640795,0.149599932143,0.0503260976493,0.17814756214,0.00972782378186,,,,task,CONTROL_PHASE_ONLY__FULL,,1536,,0.259797172458,0.149599932143,,,,,,ALL,,,,,,wine_rack,0.00912411559991,0.17814756214,56,128
0.0182997737865,128,0.0182854847859,,0,32.3009398786,1,,0,5.47515089463e-08,1.15335645113e-29,1.20370621524e-31,0.0914273691779,0.00972782378186,,,,phase,CONTROL_PHASE_ONLY__FULL,,1536,,0.252351092801,1.15335645113e-29,,,,,,free_space,,,,,,ALL,4.33680868994e-19,0.0914273691779,55,128
0.0186117715817,128,0.384492277928,,0,33.3602408019,0.847005208333,,1.0680854732,0.232362079789,0.244531544912,0.0850745438991,0.292407747839,0.00972782378186,,,,phase,CONTROL_PHASE_ONLY__FULL,,1536,,0.260626881265,0.244531544912,,,,,,pre_contact,,,,,,ALL,0.00091512767631,0.292407747839,53,128
0.018720909756,128,0.351467489627,,0,33.3096494129,0.983072916667,,0.953341395455,0.281173057943,0.254228135636,0.0260517822086,0.242543076893,0.00972782378186,,,,phase,CONTROL_PHASE_ONLY__FULL,,1536,,0.260231636038,0.254228135636,,,,,,contact_onset,,,,,,ALL,0.00100562772813,0.242543076893,52,128
0.0185741550262,128,0.276540909477,,0,30.9040509678,1,,0.673289393,0.259791288979,0.15655281192,0.137945984568,0.155125068917,0.00972782378186,,,,phase,CONTROL_PHASE_ONLY__FULL,,1536,,0.241437898186,0.15655281192,,,,,,post_contact,,,,,,ALL,0.0127933682004,0.155125068917,60,128
0.0202237355969,64,0.270807052846,,0,18.5779317405,0.958333333333,,0.705409696906,0.209163973983,0.169576276453,0.0597808224884,0.210104494399,0.00972782378186,,,,pooled,CONTROL_PHASE_ONLY__K64,,6144,,0.290280183446,0.169576276453,,,,,,ALL,,,,,,ALL,0.00312767545848,0.210104494399,93,128
0.0206431584276,64,0.46567811908,,0,18.4989980996,0.907552083333,,1.09883764,0.193748111741,0.457125024153,0.0857388205034,0.492940999004,0.00972782378186,,,,task,CONTROL_PHASE_ONLY__K64,,1536,,0.289046845307,0.457125024153,,,,,,ALL,,,,,,bowl_on_plate,0.0036545714679,0.492940999004,76,128
0.0202171227434,64,0.243502780492,,0,18.5956180907,0.984375,,1.04871406965,0.0431273676003,0.0590269385188,0.000632687192952,0.0660128394928,0.00972782378186,,,,task,CONTROL_PHASE_ONLY__K64,,1536,,0.290556532667,0.0590269385188,,,,,,ALL,,,,,,plate_push,0.000130490266753,0.0660128394928,70,128
0.0201552099385,64,0.197156048043,,0,18.6908946387,0.973307291667,,0.261859600231,0.52163515419,0,0.112948783171,0.0893367026212,0.00972782378186,,,,task,CONTROL_PHASE_ONLY__K64,,1536,,0.29204522873,0,,,,,,ALL,,,,,,stove_turn_on,0.00157456762472,0.0893367026212,76,128
0.0198794512782,64,0.176891263768,,0,18.5262161331,0.968098958333,,0.412227477739,0.0781452623994,0.162153143139,0.0398029990856,0.192127436476,0.00972782378186,,,,task,CONTROL_PHASE_ONLY__K64,,1536,,0.28947212708,0.162153143139,,,,,,ALL,,,,,,wine_rack,0.00715107247457,0.192127436476,68,128
0.0202476627276,64,0.0244606008672,,0,18.5147134277,1,,0,8.3496318613e-08,9.71638177625e-30,1.20370621524e-31,0.122302920839,0.00972782378186,,,,phase,CONTROL_PHASE_ONLY__K64,,1536,,0.289292397308,9.71638177625e-30,,,,,,free_space,,,,,,ALL,4.33680868994e-19,0.122302920839,66,128
0.0206395907673,64,0.403932574757,,0,17.8076185868,0.854166666667,,1.12470352103,0.234990641037,0.256093367926,0.0941947111654,0.309680632632,0.00972782378186,,,,phase,CONTROL_PHASE_ONLY__K64,,1536,,0.278244040419,0.256093367926,,,,,,pre_contact,,,,,,ALL,0.000945320710035,0.309680632632,76,128
0.020394028385,64,0.360709248288,,0,19.2101064288,0.979166666667,,1.01597533237,0.303062028759,0.239676967414,0.0192390107384,0.225592902159,0.00972782378186,,,,phase,CONTROL_PHASE_ONLY__K64,,1536,,0.300157912949,0.239676967414,,,,,,contact_onset,,,,,,ALL,0.000899751605035,0.225592902159,78,128
0.0196136605077,64,0.29412578747,,0,18.7792885189,1,,0.680959934226,0.298603142639,0.18253477047,0.12568956805,0.182841521963,0.00972782378186,,,,phase,CONTROL_PHASE_ONLY__K64,,1536,,0.293426383107,0.18253477047,,,,,,post_contact,,,,,,ALL,0.0106656295189,0.182841521963,76,128
,,,,,,,,,,,,,,B2_STATIC_CONSEQUENCE,,,pooled,P1_CONTEXT_GATED_PSD__FULL,,6144,,,,,,,,,ALL,selected_code_intervention,0.192057291667,,,,ALL,,,,
,,,,,,,,,,,,,,CONTROL_ACTION_ONLY,,,pooled,P1_CONTEXT_GATED_PSD__FULL,,6144,,,,,,,,,ALL,selected_code_intervention,0.826171875,,,,ALL,,,,
,,,,,,,,,,,,,,CONTROL_CONTEXT_SHUFFLED,,,pooled,P1_CONTEXT_GATED_PSD__FULL,,6144,,,,,,,,,ALL,selected_code_intervention,0.216634114583,,,,ALL,,,,
,,,,,,,,,,,,,,CONTROL_NOMINAL_SHUFFLED,,,pooled,P1_CONTEXT_GATED_PSD__FULL,,6144,,,,,,,,,ALL,selected_code_intervention,0.257161458333,,,,ALL,,,,
,,,,,,,,,,,,,,CONTROL_JOINT_STATE_NOMINAL_SHUFFLED,,,pooled,P1_CONTEXT_GATED_PSD__FULL,,6144,,,,,,,,,ALL,selected_code_intervention,0.276204427083,,,,ALL,,,,
,,,,,,,,,,,,,,CONTROL_CONSEQUENCE_LABEL_SHUFFLED,,,pooled,P1_CONTEXT_GATED_PSD__FULL,,6144,,,,,,,,,ALL,selected_code_intervention,0.239095052083,,,,ALL,,,,
,,,,,,,,,,,,,,CONTROL_NO_REVERSAL_LOSS,,,pooled,P1_CONTEXT_GATED_PSD__FULL,,6144,,,,,,,,,ALL,selected_code_intervention,0.217610677083,,,,ALL,,,,
,,,,,,,,,,,,,,CONTROL_PHASE_ONLY,,,pooled,P1_CONTEXT_GATED_PSD__FULL,,6144,,,,,,,,,ALL,selected_code_intervention,0.22802734375,,,,ALL,,,,
,,,,,,,,,,,,,,CONTROL_CURRENT_CONTACT_ONLY,,,pooled,P1_CONTEXT_GATED_PSD__FULL,,6144,,,,,,,,,ALL,selected_code_intervention,0.2294921875,,,,ALL,,,,
,,,,,,,,,,,,,,B2_STATIC_CONSEQUENCE,,,pooled,P1_CONTEXT_GATED_PSD__K64,,6144,,,,,,,,,ALL,selected_code_intervention,0.5673828125,,,,ALL,,,,
,,,,,,,,,,,,,,CONTROL_ACTION_ONLY,,,pooled,P1_CONTEXT_GATED_PSD__K64,,6144,,,,,,,,,ALL,selected_code_intervention,0.944010416667,,,,ALL,,,,
,,,,,,,,,,,,,,CONTROL_CONTEXT_SHUFFLED,,,pooled,P1_CONTEXT_GATED_PSD__K64,,6144,,,,,,,,,ALL,selected_code_intervention,0.592936197917,,,,ALL,,,,
,,,,,,,,,,,,,,CONTROL_NOMINAL_SHUFFLED,,,pooled,P1_CONTEXT_GATED_PSD__K64,,6144,,,,,,,,,ALL,selected_code_intervention,0.652994791667,,,,ALL,,,,
,,,,,,,,,,,,,,CONTROL_JOINT_STATE_NOMINAL_SHUFFLED,,,pooled,P1_CONTEXT_GATED_PSD__K64,,6144,,,,,,,,,ALL,selected_code_intervention,0.63671875,,,,ALL,,,,
,,,,,,,,,,,,,,CONTROL_CONSEQUENCE_LABEL_SHUFFLED,,,pooled,P1_CONTEXT_GATED_PSD__K64,,6144,,,,,,,,,ALL,selected_code_intervention,0.620442708333,,,,ALL,,,,
,,,,,,,,,,,,,,CONTROL_NO_REVERSAL_LOSS,,,pooled,P1_CONTEXT_GATED_PSD__K64,,6144,,,,,,,,,ALL,selected_code_intervention,0.548014322917,,,,ALL,,,,
,,,,,,,,,,,,,,CONTROL_PHASE_ONLY,,,pooled,P1_CONTEXT_GATED_PSD__K64,,6144,,,,,,,,,ALL,selected_code_intervention,0.59130859375,,,,ALL,,,,
,,,,,,,,,,,,,,CONTROL_CURRENT_CONTACT_ONLY,,,pooled,P1_CONTEXT_GATED_PSD__K64,,6144,,,,,,,,,ALL,selected_code_intervention,0.58984375,,,,ALL,,,,
,,,,,,,,,,,,,,,0.00063371356147,,reversal,B1_ACTION_ONLY,,,,,,,,,1578,,ALL,,,0.499683143219,0.472116603295,0.527249683143,ALL,,,,
,,,,,,,,,,,,,,,0.0297845373891,,reversal,B2_STATIC_CONSEQUENCE,,,,,,,,,1578,,ALL,,,0.505703422053,0.503802281369,0.507604562738,ALL,,,,
,,,,,,,,,,,,,,,0.041825095057,,reversal,P1_CONTEXT_GATED_PSD,,,,,,,,,1578,,ALL,,,0.50855513308,0.500633713561,0.516476552598,ALL,,,,
,,,,,,,,,,,,,,,0.00063371356147,,reversal,CONTROL_ACTION_ONLY,,,,,,,,,1578,,ALL,,,0.499683143219,0.472116603295,0.527249683143,ALL,,,,
,,,,,,,,,,,,,,,0.0335868187579,,reversal,CONTROL_CONTEXT_SHUFFLED,,,,,,,,,1578,,ALL,,,0.503485424588,0.501267427123,0.505703422053,ALL,,,,
,,,,,,,,,,,,,,,0.0291508238276,,reversal,CONTROL_NOMINAL_SHUFFLED,,,,,,,,,1578,,ALL,,,0.501901140684,0.498098859316,0.505703422053,ALL,,,,
,,,,,,,,,,,,,,,0.0348542458809,,reversal,CONTROL_JOINT_STATE_NOMINAL_SHUFFLED,,,,,,,,,1578,,ALL,,,0.50443599493,0.502534854246,0.506337135615,ALL,,,,
,,,,,,,,,,,,,,,0.0291508238276,,reversal,CONTROL_CONSEQUENCE_LABEL_SHUFFLED,,,,,,,,,1578,,ALL,,,0.499683143219,0.500633713561,0.498732572877,ALL,,,,
,,,,,,,,,,,,,,,0.0297845373891,,reversal,CONTROL_NO_REVERSAL_LOSS,,,,,,,,,1578,,ALL,,,0.500316856781,0.500633713561,0.5,ALL,,,,
,,,,,,,,,,,,,,,0.0221799746515,,reversal,CONTROL_PHASE_ONLY,,,,,,,,,1578,,ALL,,,0.501267427123,0.497465145754,0.505069708492,ALL,,,,
,,,,,,,,,,,,,,,0.0240811153359,,reversal,CONTROL_CURRENT_CONTACT_ONLY,,,,,,,,,1578,,ALL,,,0.505386565272,0.501267427123,0.509505703422,ALL,,,,
,,,,,,,,,,,,,,,0,,reversal,B0_CURRENT_CONTACT_KMEANS,,,,,,,,,1578,,ALL,,,0.5,0.491128010139,0.508871989861,ALL,,,,
