task_id,seed,success,steps,final_progress,checkpoint_sha256,trajectory_sha256,metric_scores_read
bowl_on_plate,131506000,False,500,0.27163568139076233,b48a4fee2c32c1107c3da2120df0068f974288e7424718dadb8978bdc9120f88,,False
bowl_on_plate,131506001,False,500,0.2115582376718521,b48a4fee2c32c1107c3da2120df0068f974288e7424718dadb8978bdc9120f88,,False
bowl_on_plate,131506002,False,500,0.24416452646255493,b48a4fee2c32c1107c3da2120df0068f974288e7424718dadb8978bdc9120f88,,False
bowl_on_plate,131506003,False,500,0.09624671190977097,b48a4fee2c32c1107c3da2120df0068f974288e7424718dadb8978bdc9120f88,,False
bowl_on_plate,131506004,False,500,0.35986465215682983,b48a4fee2c32c1107c3da2120df0068f974288e7424718dadb8978bdc9120f88,,False
bowl_on_plate,131506005,False,500,0.5517070889472961,b48a4fee2c32c1107c3da2120df0068f974288e7424718dadb8978bdc9120f88,,False
bowl_on_plate,131506006,False,500,0.32588720321655273,b48a4fee2c32c1107c3da2120df0068f974288e7424718dadb8978bdc9120f88,,False
bowl_on_plate,131506007,False,500,0.30805087089538574,b48a4fee2c32c1107c3da2120df0068f974288e7424718dadb8978bdc9120f88,,False
bowl_on_plate,131506008,False,500,0.11441170424222946,b48a4fee2c32c1107c3da2120df0068f974288e7424718dadb8978bdc9120f88,,False
bowl_on_plate,131506009,False,500,0.28106552362442017,b48a4fee2c32c1107c3da2120df0068f974288e7424718dadb8978bdc9120f88,,False
bowl_on_plate,131506010,False,500,0.5733326077461243,b48a4fee2c32c1107c3da2120df0068f974288e7424718dadb8978bdc9120f88,,False
bowl_on_plate,131506011,False,500,0.3820726275444031,b48a4fee2c32c1107c3da2120df0068f974288e7424718dadb8978bdc9120f88,,False
bowl_on_plate,131506012,False,500,0.2211359143257141,b48a4fee2c32c1107c3da2120df0068f974288e7424718dadb8978bdc9120f88,,False
bowl_on_plate,131506013,False,500,0.09443896263837814,b48a4fee2c32c1107c3da2120df0068f974288e7424718dadb8978bdc9120f88,,False
bowl_on_plate,131506014,False,500,0.07707785069942474,b48a4fee2c32c1107c3da2120df0068f974288e7424718dadb8978bdc9120f88,,False
bowl_on_plate,131506015,False,500,0.230158269405365,b48a4fee2c32c1107c3da2120df0068f974288e7424718dadb8978bdc9120f88,,False
bowl_on_plate,131506016,False,500,0.14975391328334808,b48a4fee2c32c1107c3da2120df0068f974288e7424718dadb8978bdc9120f88,,False
bowl_on_plate,131506017,False,500,0.12633433938026428,b48a4fee2c32c1107c3da2120df0068f974288e7424718dadb8978bdc9120f88,,False
bowl_on_plate,131506018,True,206,0.7725019454956055,b48a4fee2c32c1107c3da2120df0068f974288e7424718dadb8978bdc9120f88,9b8f4667ca738192f06fbd221801f7e764eac0bd3454afb1426f8607c684777b,False
bowl_on_plate,131506019,False,500,0.1565706431865692,b48a4fee2c32c1107c3da2120df0068f974288e7424718dadb8978bdc9120f88,,False
bowl_on_plate,131506020,False,500,0.2893107533454895,b48a4fee2c32c1107c3da2120df0068f974288e7424718dadb8978bdc9120f88,,False
bowl_on_plate,131506021,True,224,0.7817021608352661,b48a4fee2c32c1107c3da2120df0068f974288e7424718dadb8978bdc9120f88,d022479290a2123afdf229fa22235d4f85a9b49b5ab625b68b99be5334db82df,False
bowl_on_plate,131506022,False,500,0.2086426466703415,b48a4fee2c32c1107c3da2120df0068f974288e7424718dadb8978bdc9120f88,,False
bowl_on_plate,131506023,False,500,0.2116013467311859,b48a4fee2c32c1107c3da2120df0068f974288e7424718dadb8978bdc9120f88,,False
bowl_on_plate,131506024,False,500,0.13803766667842865,b48a4fee2c32c1107c3da2120df0068f974288e7424718dadb8978bdc9120f88,,False
bowl_on_plate,131506025,False,500,0.30526456236839294,b48a4fee2c32c1107c3da2120df0068f974288e7424718dadb8978bdc9120f88,,False
bowl_on_plate,131506026,False,500,0.3516214191913605,b48a4fee2c32c1107c3da2120df0068f974288e7424718dadb8978bdc9120f88,,False
bowl_on_plate,131506027,False,500,0.25369971990585327,b48a4fee2c32c1107c3da2120df0068f974288e7424718dadb8978bdc9120f88,,False
bowl_on_plate,131506028,False,500,0.26029521226882935,b48a4fee2c32c1107c3da2120df0068f974288e7424718dadb8978bdc9120f88,,False
bowl_on_plate,131506029,True,213,0.7621625065803528,b48a4fee2c32c1107c3da2120df0068f974288e7424718dadb8978bdc9120f88,11a93149f4d673f86ebbd762465e70e789bd17a737b21ef8e3eb6d82999e1dec,False
bowl_on_plate,131506030,False,500,0.20580512285232544,b48a4fee2c32c1107c3da2120df0068f974288e7424718dadb8978bdc9120f88,,False
bowl_on_plate,131506031,False,500,0.07950113713741302,b48a4fee2c32c1107c3da2120df0068f974288e7424718dadb8978bdc9120f88,,False
bowl_on_plate,131506032,True,200,0.7820020914077759,b48a4fee2c32c1107c3da2120df0068f974288e7424718dadb8978bdc9120f88,97b8038398a29c3fed6aa5898c09b66aab690706c15c1c4757c528e51c53b7ac,False
bowl_on_plate,131506033,False,500,0.13938727974891663,b48a4fee2c32c1107c3da2120df0068f974288e7424718dadb8978bdc9120f88,,False
bowl_on_plate,131506034,True,197,0.7400981783866882,b48a4fee2c32c1107c3da2120df0068f974288e7424718dadb8978bdc9120f88,3e139fb72e4de7a720970ef01f7ace1e7272ef00e456761b9fde8fbc56f6dcc4,False
bowl_on_plate,131506035,False,500,0.7483278512954712,b48a4fee2c32c1107c3da2120df0068f974288e7424718dadb8978bdc9120f88,,False
bowl_on_plate,131506036,False,500,0.17974621057510376,b48a4fee2c32c1107c3da2120df0068f974288e7424718dadb8978bdc9120f88,,False
bowl_on_plate,131506037,True,318,0.8393997550010681,b48a4fee2c32c1107c3da2120df0068f974288e7424718dadb8978bdc9120f88,6f5af9c796d92ecb8917f3cf0721c7380ae8a7aef016fbd37ba4c1668d1e84ed,False
bowl_on_plate,131506038,False,500,0.6472842693328857,b48a4fee2c32c1107c3da2120df0068f974288e7424718dadb8978bdc9120f88,,False
bowl_on_plate,131506039,False,500,0.3709758520126343,b48a4fee2c32c1107c3da2120df0068f974288e7424718dadb8978bdc9120f88,,False
bowl_on_plate,131506040,False,500,0.0901373028755188,b48a4fee2c32c1107c3da2120df0068f974288e7424718dadb8978bdc9120f88,,False
bowl_on_plate,131506041,False,500,0.12188506871461868,b48a4fee2c32c1107c3da2120df0068f974288e7424718dadb8978bdc9120f88,,False
bowl_on_plate,131506042,False,500,0.22106631100177765,b48a4fee2c32c1107c3da2120df0068f974288e7424718dadb8978bdc9120f88,,False
bowl_on_plate,131506043,True,177,0.8652648329734802,b48a4fee2c32c1107c3da2120df0068f974288e7424718dadb8978bdc9120f88,3f9621ada1f285b654da0616cee2e1b7b559165264196f4e48ee2cf9c8903aa1,False
bowl_on_plate,131506044,False,500,0.610967218875885,b48a4fee2c32c1107c3da2120df0068f974288e7424718dadb8978bdc9120f88,,False
bowl_on_plate,131506045,False,500,0.2897433936595917,b48a4fee2c32c1107c3da2120df0068f974288e7424718dadb8978bdc9120f88,,False
bowl_on_plate,131506046,False,500,0.05190001428127289,b48a4fee2c32c1107c3da2120df0068f974288e7424718dadb8978bdc9120f88,,False
bowl_on_plate,131506047,False,500,0.5791890025138855,b48a4fee2c32c1107c3da2120df0068f974288e7424718dadb8978bdc9120f88,,False
bowl_on_plate,131506048,False,500,0.35730448365211487,b48a4fee2c32c1107c3da2120df0068f974288e7424718dadb8978bdc9120f88,,False
bowl_on_plate,131506049,True,324,0.7722834944725037,b48a4fee2c32c1107c3da2120df0068f974288e7424718dadb8978bdc9120f88,0dd6c781f4657227b5d435ccf7adc2ae3de33b612c75d6385f5eaab926427256,False
bowl_on_plate,131506050,True,118,0.850922703742981,b48a4fee2c32c1107c3da2120df0068f974288e7424718dadb8978bdc9120f88,67db380d3b0b2815deffb6a541fa450a9ee3bfda6b1289b236bca91b8fbfa7b4,False
bowl_on_plate,131506051,False,500,0.23641516268253326,b48a4fee2c32c1107c3da2120df0068f974288e7424718dadb8978bdc9120f88,,False
bowl_on_plate,131506052,True,158,0.6997194290161133,b48a4fee2c32c1107c3da2120df0068f974288e7424718dadb8978bdc9120f88,9593ee390ae04f9b6f4c8b615d62a34474bd2a72db8f08b7b2e2a595755d0b86,False
bowl_on_plate,131506053,False,500,0.32000017166137695,b48a4fee2c32c1107c3da2120df0068f974288e7424718dadb8978bdc9120f88,,False
bowl_on_plate,131506054,False,500,0.17176617681980133,b48a4fee2c32c1107c3da2120df0068f974288e7424718dadb8978bdc9120f88,,False
bowl_on_plate,131506055,False,500,0.1624264270067215,b48a4fee2c32c1107c3da2120df0068f974288e7424718dadb8978bdc9120f88,,False
bowl_on_plate,131506056,False,500,0.22719116508960724,b48a4fee2c32c1107c3da2120df0068f974288e7424718dadb8978bdc9120f88,,False
bowl_on_plate,131506057,False,500,0.12092451006174088,b48a4fee2c32c1107c3da2120df0068f974288e7424718dadb8978bdc9120f88,,False
bowl_on_plate,131506058,False,500,0.2669745087623596,b48a4fee2c32c1107c3da2120df0068f974288e7424718dadb8978bdc9120f88,,False
bowl_on_plate,131506059,False,500,0.22808723151683807,b48a4fee2c32c1107c3da2120df0068f974288e7424718dadb8978bdc9120f88,,False
bowl_on_plate,131506060,False,500,0.4353729486465454,b48a4fee2c32c1107c3da2120df0068f974288e7424718dadb8978bdc9120f88,,False
bowl_on_plate,131506061,False,500,0.2335495799779892,b48a4fee2c32c1107c3da2120df0068f974288e7424718dadb8978bdc9120f88,,False
bowl_on_plate,131506062,False,500,0.3375363051891327,b48a4fee2c32c1107c3da2120df0068f974288e7424718dadb8978bdc9120f88,,False
bowl_on_plate,131506063,False,500,0.336750864982605,b48a4fee2c32c1107c3da2120df0068f974288e7424718dadb8978bdc9120f88,,False
bowl_on_plate,131506064,False,500,0.2941027879714966,b48a4fee2c32c1107c3da2120df0068f974288e7424718dadb8978bdc9120f88,,False
bowl_on_plate,131506065,False,500,0.1940392702817917,b48a4fee2c32c1107c3da2120df0068f974288e7424718dadb8978bdc9120f88,,False
bowl_on_plate,131506066,False,500,0.6257898807525635,b48a4fee2c32c1107c3da2120df0068f974288e7424718dadb8978bdc9120f88,,False
bowl_on_plate,131506067,False,500,0.28498774766921997,b48a4fee2c32c1107c3da2120df0068f974288e7424718dadb8978bdc9120f88,,False
bowl_on_plate,131506068,False,500,0.10106220841407776,b48a4fee2c32c1107c3da2120df0068f974288e7424718dadb8978bdc9120f88,,False
bowl_on_plate,131506069,False,500,0.41588833928108215,b48a4fee2c32c1107c3da2120df0068f974288e7424718dadb8978bdc9120f88,,False
bowl_on_plate,131506070,False,500,0.2510257363319397,b48a4fee2c32c1107c3da2120df0068f974288e7424718dadb8978bdc9120f88,,False
bowl_on_plate,131506071,False,500,0.0266961008310318,b48a4fee2c32c1107c3da2120df0068f974288e7424718dadb8978bdc9120f88,,False
bowl_on_plate,131506072,False,500,0.2568979561328888,b48a4fee2c32c1107c3da2120df0068f974288e7424718dadb8978bdc9120f88,,False
bowl_on_plate,131506073,False,500,0.25646474957466125,b48a4fee2c32c1107c3da2120df0068f974288e7424718dadb8978bdc9120f88,,False
bowl_on_plate,131506074,False,500,0.36120378971099854,b48a4fee2c32c1107c3da2120df0068f974288e7424718dadb8978bdc9120f88,,False
bowl_on_plate,131506075,True,155,0.7798325419425964,b48a4fee2c32c1107c3da2120df0068f974288e7424718dadb8978bdc9120f88,b724a9b227b828e28864d37dc917e41943b683611c4db3edc10e650a6e0dd7d5,False
bowl_on_plate,131506076,False,500,0.09823855757713318,b48a4fee2c32c1107c3da2120df0068f974288e7424718dadb8978bdc9120f88,,False
bowl_on_plate,131506077,False,500,0.2746347486972809,b48a4fee2c32c1107c3da2120df0068f974288e7424718dadb8978bdc9120f88,,False
bowl_on_plate,131506078,False,500,0.19344978034496307,b48a4fee2c32c1107c3da2120df0068f974288e7424718dadb8978bdc9120f88,,False
bowl_on_plate,131506079,False,500,0.369861364364624,b48a4fee2c32c1107c3da2120df0068f974288e7424718dadb8978bdc9120f88,,False
bowl_on_plate,131506080,False,500,0.3396591246128082,b48a4fee2c32c1107c3da2120df0068f974288e7424718dadb8978bdc9120f88,,False
bowl_on_plate,131506081,False,500,0.06631108373403549,b48a4fee2c32c1107c3da2120df0068f974288e7424718dadb8978bdc9120f88,,False
bowl_on_plate,131506082,False,500,0.17348411679267883,b48a4fee2c32c1107c3da2120df0068f974288e7424718dadb8978bdc9120f88,,False
bowl_on_plate,131506083,False,500,0.43126940727233887,b48a4fee2c32c1107c3da2120df0068f974288e7424718dadb8978bdc9120f88,,False
bowl_on_plate,131506084,True,161,0.7673360109329224,b48a4fee2c32c1107c3da2120df0068f974288e7424718dadb8978bdc9120f88,88cd162fdefc469e24a2cb2b99109874ec9fdf23fa7932424cddb2c3122db1ff,False
bowl_on_plate,131506085,False,500,0.39028581976890564,b48a4fee2c32c1107c3da2120df0068f974288e7424718dadb8978bdc9120f88,,False
bowl_on_plate,131506086,False,500,0.4190119206905365,b48a4fee2c32c1107c3da2120df0068f974288e7424718dadb8978bdc9120f88,,False
bowl_on_plate,131506087,False,500,0.12595272064208984,b48a4fee2c32c1107c3da2120df0068f974288e7424718dadb8978bdc9120f88,,False
bowl_on_plate,131506088,False,500,0.6369593739509583,b48a4fee2c32c1107c3da2120df0068f974288e7424718dadb8978bdc9120f88,,False
bowl_on_plate,131506089,True,197,0.6924349665641785,b48a4fee2c32c1107c3da2120df0068f974288e7424718dadb8978bdc9120f88,66b2ecd74ad2d9853833c0067632f751434ad6f2a28f519e54a0627296a245ed,False
bowl_on_plate,131506092,True,184,0.7548091411590576,b48a4fee2c32c1107c3da2120df0068f974288e7424718dadb8978bdc9120f88,957a032b4a7d08caab3aa8f35e2f8c528404b74ec788764a2690547a9e04e57d,False
bowl_on_plate,131506093,False,500,0.3408205807209015,b48a4fee2c32c1107c3da2120df0068f974288e7424718dadb8978bdc9120f88,,False
plate_push,131507000,False,500,0.08713977783918381,b48a4fee2c32c1107c3da2120df0068f974288e7424718dadb8978bdc9120f88,,False
plate_push,131507001,False,500,0.06418593972921371,b48a4fee2c32c1107c3da2120df0068f974288e7424718dadb8978bdc9120f88,,False
plate_push,131507002,False,500,0.027413999661803246,b48a4fee2c32c1107c3da2120df0068f974288e7424718dadb8978bdc9120f88,,False
plate_push,131507003,False,500,0.011543534696102142,b48a4fee2c32c1107c3da2120df0068f974288e7424718dadb8978bdc9120f88,,False
plate_push,131507004,False,500,0.00307254446670413,b48a4fee2c32c1107c3da2120df0068f974288e7424718dadb8978bdc9120f88,,False
plate_push,131507005,True,277,0.45060983300209045,b48a4fee2c32c1107c3da2120df0068f974288e7424718dadb8978bdc9120f88,d6e474000453a037dedc786d9c5525791e2b2f5c607a8a417962cbd2e7f56887,False
plate_push,131507006,False,500,0.11917316913604736,b48a4fee2c32c1107c3da2120df0068f974288e7424718dadb8978bdc9120f88,,False
plate_push,131507007,False,500,0.006470612250268459,b48a4fee2c32c1107c3da2120df0068f974288e7424718dadb8978bdc9120f88,,False
plate_push,131507008,False,500,0.05365410074591637,b48a4fee2c32c1107c3da2120df0068f974288e7424718dadb8978bdc9120f88,,False
plate_push,131507009,False,500,0.006429607979953289,b48a4fee2c32c1107c3da2120df0068f974288e7424718dadb8978bdc9120f88,,False
plate_push,131507010,False,500,0.017686201259493828,b48a4fee2c32c1107c3da2120df0068f974288e7424718dadb8978bdc9120f88,,False
plate_push,131507011,False,500,0.2849090099334717,b48a4fee2c32c1107c3da2120df0068f974288e7424718dadb8978bdc9120f88,,False
plate_push,131507012,False,500,0.18023529648780823,b48a4fee2c32c1107c3da2120df0068f974288e7424718dadb8978bdc9120f88,,False
plate_push,131507013,False,500,0.018102798610925674,b48a4fee2c32c1107c3da2120df0068f974288e7424718dadb8978bdc9120f88,,False
plate_push,131507014,False,500,0.06449772417545319,b48a4fee2c32c1107c3da2120df0068f974288e7424718dadb8978bdc9120f88,,False
plate_push,131507015,False,500,0.00931877177208662,b48a4fee2c32c1107c3da2120df0068f974288e7424718dadb8978bdc9120f88,,False
plate_push,131507016,False,500,0.06028120592236519,b48a4fee2c32c1107c3da2120df0068f974288e7424718dadb8978bdc9120f88,,False
plate_push,131507017,False,500,0.11847180128097534,b48a4fee2c32c1107c3da2120df0068f974288e7424718dadb8978bdc9120f88,,False
plate_push,131507018,False,500,0.014048141427338123,b48a4fee2c32c1107c3da2120df0068f974288e7424718dadb8978bdc9120f88,,False
plate_push,131507019,False,500,0.048328906297683716,b48a4fee2c32c1107c3da2120df0068f974288e7424718dadb8978bdc9120f88,,False
plate_push,131507020,False,500,0.026281697675585747,b48a4fee2c32c1107c3da2120df0068f974288e7424718dadb8978bdc9120f88,,False
plate_push,131507021,False,500,0.017371583729982376,b48a4fee2c32c1107c3da2120df0068f974288e7424718dadb8978bdc9120f88,,False
plate_push,131507022,False,500,0.0010405326029285789,b48a4fee2c32c1107c3da2120df0068f974288e7424718dadb8978bdc9120f88,,False
plate_push,131507023,False,500,0.011615864932537079,b48a4fee2c32c1107c3da2120df0068f974288e7424718dadb8978bdc9120f88,,False
plate_push,131507024,False,500,0.1958962082862854,b48a4fee2c32c1107c3da2120df0068f974288e7424718dadb8978bdc9120f88,,False
plate_push,131507025,False,500,0.007278176955878735,b48a4fee2c32c1107c3da2120df0068f974288e7424718dadb8978bdc9120f88,,False
plate_push,131507026,False,500,0.006690199486911297,b48a4fee2c32c1107c3da2120df0068f974288e7424718dadb8978bdc9120f88,,False
plate_push,131507027,False,500,0.013038006611168385,b48a4fee2c32c1107c3da2120df0068f974288e7424718dadb8978bdc9120f88,,False
plate_push,131507028,False,500,0.009939292445778847,b48a4fee2c32c1107c3da2120df0068f974288e7424718dadb8978bdc9120f88,,False
plate_push,131507029,False,500,0.13759641349315643,b48a4fee2c32c1107c3da2120df0068f974288e7424718dadb8978bdc9120f88,,False
plate_push,131507030,False,500,0.06937519460916519,b48a4fee2c32c1107c3da2120df0068f974288e7424718dadb8978bdc9120f88,,False
plate_push,131507031,False,500,0.022648101672530174,b48a4fee2c32c1107c3da2120df0068f974288e7424718dadb8978bdc9120f88,,False
plate_push,131507032,False,500,0.04310663416981697,b48a4fee2c32c1107c3da2120df0068f974288e7424718dadb8978bdc9120f88,,False
plate_push,131507033,False,500,0.10140923410654068,b48a4fee2c32c1107c3da2120df0068f974288e7424718dadb8978bdc9120f88,,False
plate_push,131507034,False,500,0.21628063917160034,b48a4fee2c32c1107c3da2120df0068f974288e7424718dadb8978bdc9120f88,,False
plate_push,131507035,False,500,0.007534992415457964,b48a4fee2c32c1107c3da2120df0068f974288e7424718dadb8978bdc9120f88,,False
plate_push,131507036,False,500,0.017445091158151627,b48a4fee2c32c1107c3da2120df0068f974288e7424718dadb8978bdc9120f88,,False
plate_push,131507037,False,500,0.004747861064970493,b48a4fee2c32c1107c3da2120df0068f974288e7424718dadb8978bdc9120f88,,False
plate_push,131507038,False,500,0.004328474868088961,b48a4fee2c32c1107c3da2120df0068f974288e7424718dadb8978bdc9120f88,,False
plate_push,131507039,False,500,0.027854714542627335,b48a4fee2c32c1107c3da2120df0068f974288e7424718dadb8978bdc9120f88,,False
plate_push,131507040,False,500,0.12210815399885178,b48a4fee2c32c1107c3da2120df0068f974288e7424718dadb8978bdc9120f88,,False
plate_push,131507041,False,500,0.01846284791827202,b48a4fee2c32c1107c3da2120df0068f974288e7424718dadb8978bdc9120f88,,False
plate_push,131507042,False,500,0.0060225618071854115,b48a4fee2c32c1107c3da2120df0068f974288e7424718dadb8978bdc9120f88,,False
plate_push,131507043,False,500,0.0162369254976511,b48a4fee2c32c1107c3da2120df0068f974288e7424718dadb8978bdc9120f88,,False
plate_push,131507044,False,500,0.016558010131120682,b48a4fee2c32c1107c3da2120df0068f974288e7424718dadb8978bdc9120f88,,False
plate_push,131507045,False,500,0.00626905495300889,b48a4fee2c32c1107c3da2120df0068f974288e7424718dadb8978bdc9120f88,,False
plate_push,131507046,False,500,0.006542459595948458,b48a4fee2c32c1107c3da2120df0068f974288e7424718dadb8978bdc9120f88,,False
plate_push,131507047,False,500,0.3274368643760681,b48a4fee2c32c1107c3da2120df0068f974288e7424718dadb8978bdc9120f88,,False
plate_push,131507048,False,500,0.01641121320426464,b48a4fee2c32c1107c3da2120df0068f974288e7424718dadb8978bdc9120f88,,False
plate_push,131507049,False,500,0.057445719838142395,b48a4fee2c32c1107c3da2120df0068f974288e7424718dadb8978bdc9120f88,,False
plate_push,131507050,False,500,0.031854789704084396,b48a4fee2c32c1107c3da2120df0068f974288e7424718dadb8978bdc9120f88,,False
plate_push,131507051,False,500,0.01307760737836361,b48a4fee2c32c1107c3da2120df0068f974288e7424718dadb8978bdc9120f88,,False
plate_push,131507052,False,500,0.0334952287375927,b48a4fee2c32c1107c3da2120df0068f974288e7424718dadb8978bdc9120f88,,False
plate_push,131507053,False,500,0.07347820699214935,b48a4fee2c32c1107c3da2120df0068f974288e7424718dadb8978bdc9120f88,,False
plate_push,131507054,False,500,0.07039244472980499,b48a4fee2c32c1107c3da2120df0068f974288e7424718dadb8978bdc9120f88,,False
plate_push,131507055,False,500,0.02378956414759159,b48a4fee2c32c1107c3da2120df0068f974288e7424718dadb8978bdc9120f88,,False
plate_push,131507056,False,500,0.002108639571815729,b48a4fee2c32c1107c3da2120df0068f974288e7424718dadb8978bdc9120f88,,False
plate_push,131507057,False,500,0.014591488055884838,b48a4fee2c32c1107c3da2120df0068f974288e7424718dadb8978bdc9120f88,,False
plate_push,131507058,False,500,0.003228500485420227,b48a4fee2c32c1107c3da2120df0068f974288e7424718dadb8978bdc9120f88,,False
plate_push,131507059,False,500,0.07259303331375122,b48a4fee2c32c1107c3da2120df0068f974288e7424718dadb8978bdc9120f88,,False
plate_push,131507060,False,500,0.006883041933178902,b48a4fee2c32c1107c3da2120df0068f974288e7424718dadb8978bdc9120f88,,False
plate_push,131507061,False,500,0.09911583364009857,b48a4fee2c32c1107c3da2120df0068f974288e7424718dadb8978bdc9120f88,,False
plate_push,131507062,False,500,0.17359454929828644,b48a4fee2c32c1107c3da2120df0068f974288e7424718dadb8978bdc9120f88,,False
plate_push,131507063,False,500,0.012452498078346252,b48a4fee2c32c1107c3da2120df0068f974288e7424718dadb8978bdc9120f88,,False
plate_push,131507064,False,500,0.005790355149656534,b48a4fee2c32c1107c3da2120df0068f974288e7424718dadb8978bdc9120f88,,False
plate_push,131507065,False,500,0.014644622802734375,b48a4fee2c32c1107c3da2120df0068f974288e7424718dadb8978bdc9120f88,,False
plate_push,131507066,False,500,0.004553761333227158,b48a4fee2c32c1107c3da2120df0068f974288e7424718dadb8978bdc9120f88,,False
plate_push,131507067,False,500,0.0391659140586853,b48a4fee2c32c1107c3da2120df0068f974288e7424718dadb8978bdc9120f88,,False
plate_push,131507068,False,500,0.015806807205080986,b48a4fee2c32c1107c3da2120df0068f974288e7424718dadb8978bdc9120f88,,False
plate_push,131507069,False,500,0.0050944495014846325,b48a4fee2c32c1107c3da2120df0068f974288e7424718dadb8978bdc9120f88,,False
plate_push,131507070,False,500,0.045279886573553085,b48a4fee2c32c1107c3da2120df0068f974288e7424718dadb8978bdc9120f88,,False
plate_push,131507071,False,500,0.008451518602669239,b48a4fee2c32c1107c3da2120df0068f974288e7424718dadb8978bdc9120f88,,False
plate_push,131507072,False,500,0.035296015441417694,b48a4fee2c32c1107c3da2120df0068f974288e7424718dadb8978bdc9120f88,,False
plate_push,131507073,False,500,0.304880291223526,b48a4fee2c32c1107c3da2120df0068f974288e7424718dadb8978bdc9120f88,,False
plate_push,131507074,False,500,0.0029662963934242725,b48a4fee2c32c1107c3da2120df0068f974288e7424718dadb8978bdc9120f88,,False
plate_push,131507075,False,500,0.002473222091794014,b48a4fee2c32c1107c3da2120df0068f974288e7424718dadb8978bdc9120f88,,False
plate_push,131507076,False,500,0.07616841793060303,b48a4fee2c32c1107c3da2120df0068f974288e7424718dadb8978bdc9120f88,,False
plate_push,131507077,False,500,0.010284850373864174,b48a4fee2c32c1107c3da2120df0068f974288e7424718dadb8978bdc9120f88,,False
plate_push,131507078,False,500,0.011893747374415398,b48a4fee2c32c1107c3da2120df0068f974288e7424718dadb8978bdc9120f88,,False
plate_push,131507079,False,500,0.12598635256290436,b48a4fee2c32c1107c3da2120df0068f974288e7424718dadb8978bdc9120f88,,False
plate_push,131507080,False,500,0.012334526516497135,b48a4fee2c32c1107c3da2120df0068f974288e7424718dadb8978bdc9120f88,,False
plate_push,131507081,False,500,0.011534811928868294,b48a4fee2c32c1107c3da2120df0068f974288e7424718dadb8978bdc9120f88,,False
plate_push,131507082,False,500,0.03154093399643898,b48a4fee2c32c1107c3da2120df0068f974288e7424718dadb8978bdc9120f88,,False
plate_push,131507083,False,500,0.05045585334300995,b48a4fee2c32c1107c3da2120df0068f974288e7424718dadb8978bdc9120f88,,False
plate_push,131507084,False,500,0.04028613865375519,b48a4fee2c32c1107c3da2120df0068f974288e7424718dadb8978bdc9120f88,,False
plate_push,131507085,False,500,0.00678592175245285,b48a4fee2c32c1107c3da2120df0068f974288e7424718dadb8978bdc9120f88,,False
plate_push,131507086,False,500,0.03356581926345825,b48a4fee2c32c1107c3da2120df0068f974288e7424718dadb8978bdc9120f88,,False
plate_push,131507087,False,500,0.07868266105651855,b48a4fee2c32c1107c3da2120df0068f974288e7424718dadb8978bdc9120f88,,False
plate_push,131507088,False,500,0.02056412398815155,b48a4fee2c32c1107c3da2120df0068f974288e7424718dadb8978bdc9120f88,,False
plate_push,131507089,False,500,0.01280687190592289,b48a4fee2c32c1107c3da2120df0068f974288e7424718dadb8978bdc9120f88,,False
plate_push,131507090,False,500,0.005820136517286301,b48a4fee2c32c1107c3da2120df0068f974288e7424718dadb8978bdc9120f88,,False
plate_push,131507091,False,500,0.0634123906493187,b48a4fee2c32c1107c3da2120df0068f974288e7424718dadb8978bdc9120f88,,False
plate_push,131507092,False,500,0.007200355175882578,b48a4fee2c32c1107c3da2120df0068f974288e7424718dadb8978bdc9120f88,,False
plate_push,131507093,False,500,0.003946216776967049,b48a4fee2c32c1107c3da2120df0068f974288e7424718dadb8978bdc9120f88,,False
plate_push,131507094,False,500,0.014429433271288872,b48a4fee2c32c1107c3da2120df0068f974288e7424718dadb8978bdc9120f88,,False
plate_push,131507095,False,500,0.01698422059416771,b48a4fee2c32c1107c3da2120df0068f974288e7424718dadb8978bdc9120f88,,False
plate_push,131507096,False,500,0.07333017140626907,b48a4fee2c32c1107c3da2120df0068f974288e7424718dadb8978bdc9120f88,,False
plate_push,131507097,False,500,0.020829733461141586,b48a4fee2c32c1107c3da2120df0068f974288e7424718dadb8978bdc9120f88,,False
plate_push,131507098,False,500,0.019623450934886932,b48a4fee2c32c1107c3da2120df0068f974288e7424718dadb8978bdc9120f88,,False
plate_push,131507099,False,500,0.005546648520976305,b48a4fee2c32c1107c3da2120df0068f974288e7424718dadb8978bdc9120f88,,False
plate_push,131507100,False,500,0.003850148059427738,b48a4fee2c32c1107c3da2120df0068f974288e7424718dadb8978bdc9120f88,,False
plate_push,131507101,False,500,0.0020533965434879065,b48a4fee2c32c1107c3da2120df0068f974288e7424718dadb8978bdc9120f88,,False
plate_push,131507102,False,500,0.016981350257992744,b48a4fee2c32c1107c3da2120df0068f974288e7424718dadb8978bdc9120f88,,False
plate_push,131507103,False,500,0.14086014032363892,b48a4fee2c32c1107c3da2120df0068f974288e7424718dadb8978bdc9120f88,,False
plate_push,131507104,False,500,0.0005937653477303684,b48a4fee2c32c1107c3da2120df0068f974288e7424718dadb8978bdc9120f88,,False
plate_push,131507105,False,500,0.07582644373178482,b48a4fee2c32c1107c3da2120df0068f974288e7424718dadb8978bdc9120f88,,False
plate_push,131507106,False,500,0.09312102198600769,b48a4fee2c32c1107c3da2120df0068f974288e7424718dadb8978bdc9120f88,,False
plate_push,131507107,False,500,0.01698891818523407,b48a4fee2c32c1107c3da2120df0068f974288e7424718dadb8978bdc9120f88,,False
plate_push,131507108,False,500,0.010512299835681915,b48a4fee2c32c1107c3da2120df0068f974288e7424718dadb8978bdc9120f88,,False
plate_push,131507109,False,500,0.3308892846107483,b48a4fee2c32c1107c3da2120df0068f974288e7424718dadb8978bdc9120f88,,False
plate_push,131507110,False,500,0.00048711965791881084,b48a4fee2c32c1107c3da2120df0068f974288e7424718dadb8978bdc9120f88,,False
plate_push,131507111,False,500,0.22861923277378082,b48a4fee2c32c1107c3da2120df0068f974288e7424718dadb8978bdc9120f88,,False
plate_push,131507112,False,500,0.013922469690442085,b48a4fee2c32c1107c3da2120df0068f974288e7424718dadb8978bdc9120f88,,False
plate_push,131507113,True,239,0.45168066024780273,b48a4fee2c32c1107c3da2120df0068f974288e7424718dadb8978bdc9120f88,156751369db56a0db327295c59fccd7a73a385680528f8125e5d46a839fda04e,False
plate_push,131507114,False,500,0.060276590287685394,b48a4fee2c32c1107c3da2120df0068f974288e7424718dadb8978bdc9120f88,,False
plate_push,131507115,False,500,0.005010900087654591,b48a4fee2c32c1107c3da2120df0068f974288e7424718dadb8978bdc9120f88,,False
plate_push,131507116,False,500,0.18778018653392792,b48a4fee2c32c1107c3da2120df0068f974288e7424718dadb8978bdc9120f88,,False
plate_push,131507117,False,500,0.04355403780937195,b48a4fee2c32c1107c3da2120df0068f974288e7424718dadb8978bdc9120f88,,False
plate_push,131507118,False,500,0.07780809700489044,b48a4fee2c32c1107c3da2120df0068f974288e7424718dadb8978bdc9120f88,,False
plate_push,131507119,False,500,0.004177083261311054,b48a4fee2c32c1107c3da2120df0068f974288e7424718dadb8978bdc9120f88,,False
plate_push,131507120,False,500,0.007378927432000637,b48a4fee2c32c1107c3da2120df0068f974288e7424718dadb8978bdc9120f88,,False
plate_push,131507121,False,500,0.10114490985870361,b48a4fee2c32c1107c3da2120df0068f974288e7424718dadb8978bdc9120f88,,False
plate_push,131507122,False,500,0.026212399825453758,b48a4fee2c32c1107c3da2120df0068f974288e7424718dadb8978bdc9120f88,,False
plate_push,131507123,False,500,0.11280237138271332,b48a4fee2c32c1107c3da2120df0068f974288e7424718dadb8978bdc9120f88,,False
plate_push,131507124,False,500,0.09800487756729126,b48a4fee2c32c1107c3da2120df0068f974288e7424718dadb8978bdc9120f88,,False
plate_push,131507125,False,500,0.0003592532593756914,b48a4fee2c32c1107c3da2120df0068f974288e7424718dadb8978bdc9120f88,,False
plate_push,131507126,False,500,0.051087867468595505,b48a4fee2c32c1107c3da2120df0068f974288e7424718dadb8978bdc9120f88,,False
plate_push,131507127,False,500,0.09234048426151276,b48a4fee2c32c1107c3da2120df0068f974288e7424718dadb8978bdc9120f88,,False
plate_push,131507128,False,500,0.05890344828367233,b48a4fee2c32c1107c3da2120df0068f974288e7424718dadb8978bdc9120f88,,False
plate_push,131507129,False,500,0.020106354728341103,b48a4fee2c32c1107c3da2120df0068f974288e7424718dadb8978bdc9120f88,,False
plate_push,131507130,False,500,0.017522642388939857,b48a4fee2c32c1107c3da2120df0068f974288e7424718dadb8978bdc9120f88,,False
plate_push,131507131,False,500,0.010584957897663116,b48a4fee2c32c1107c3da2120df0068f974288e7424718dadb8978bdc9120f88,,False
plate_push,131507132,False,500,0.04055507108569145,b48a4fee2c32c1107c3da2120df0068f974288e7424718dadb8978bdc9120f88,,False
plate_push,131507133,False,500,0.003525210777297616,b48a4fee2c32c1107c3da2120df0068f974288e7424718dadb8978bdc9120f88,,False
plate_push,131507134,False,500,0.008973709307610989,b48a4fee2c32c1107c3da2120df0068f974288e7424718dadb8978bdc9120f88,,False
plate_push,131507135,False,500,0.06487715989351273,b48a4fee2c32c1107c3da2120df0068f974288e7424718dadb8978bdc9120f88,,False
plate_push,131507136,False,500,0.03053121641278267,b48a4fee2c32c1107c3da2120df0068f974288e7424718dadb8978bdc9120f88,,False
plate_push,131507137,False,500,0.009109332226216793,b48a4fee2c32c1107c3da2120df0068f974288e7424718dadb8978bdc9120f88,,False
plate_push,131507138,False,500,0.004745201673358679,b48a4fee2c32c1107c3da2120df0068f974288e7424718dadb8978bdc9120f88,,False
plate_push,131507139,False,500,0.004807102959603071,b48a4fee2c32c1107c3da2120df0068f974288e7424718dadb8978bdc9120f88,,False
plate_push,131507140,False,500,0.0024052425287663937,b48a4fee2c32c1107c3da2120df0068f974288e7424718dadb8978bdc9120f88,,False
plate_push,131507141,False,500,0.0068327318876981735,b48a4fee2c32c1107c3da2120df0068f974288e7424718dadb8978bdc9120f88,,False
plate_push,131507142,False,500,0.0033204953651875257,b48a4fee2c32c1107c3da2120df0068f974288e7424718dadb8978bdc9120f88,,False
plate_push,131507143,False,500,0.07872326672077179,b48a4fee2c32c1107c3da2120df0068f974288e7424718dadb8978bdc9120f88,,False
plate_push,131507144,False,500,0.0489184707403183,b48a4fee2c32c1107c3da2120df0068f974288e7424718dadb8978bdc9120f88,,False
plate_push,131507145,False,500,0.012394746765494347,b48a4fee2c32c1107c3da2120df0068f974288e7424718dadb8978bdc9120f88,,False
plate_push,131507146,False,500,0.020756904035806656,b48a4fee2c32c1107c3da2120df0068f974288e7424718dadb8978bdc9120f88,,False
plate_push,131507147,False,500,0.05561880022287369,b48a4fee2c32c1107c3da2120df0068f974288e7424718dadb8978bdc9120f88,,False
plate_push,131507148,False,500,0.005618239752948284,b48a4fee2c32c1107c3da2120df0068f974288e7424718dadb8978bdc9120f88,,False
plate_push,131507149,False,500,0.01883660815656185,b48a4fee2c32c1107c3da2120df0068f974288e7424718dadb8978bdc9120f88,,False
plate_push,131507150,False,500,0.009827587753534317,b48a4fee2c32c1107c3da2120df0068f974288e7424718dadb8978bdc9120f88,,False
plate_push,131507151,False,500,0.047636449337005615,b48a4fee2c32c1107c3da2120df0068f974288e7424718dadb8978bdc9120f88,,False
plate_push,131507152,False,500,0.07803357392549515,b48a4fee2c32c1107c3da2120df0068f974288e7424718dadb8978bdc9120f88,,False
plate_push,131507153,False,500,0.015568212606012821,b48a4fee2c32c1107c3da2120df0068f974288e7424718dadb8978bdc9120f88,,False
plate_push,131507154,False,500,0.0038497508503496647,b48a4fee2c32c1107c3da2120df0068f974288e7424718dadb8978bdc9120f88,,False
plate_push,131507155,False,500,0.05700169876217842,b48a4fee2c32c1107c3da2120df0068f974288e7424718dadb8978bdc9120f88,,False
plate_push,131507156,False,500,0.0006581756751984358,b48a4fee2c32c1107c3da2120df0068f974288e7424718dadb8978bdc9120f88,,False
plate_push,131507157,False,500,0.03086044080555439,b48a4fee2c32c1107c3da2120df0068f974288e7424718dadb8978bdc9120f88,,False
plate_push,131507158,False,500,0.31427115201950073,b48a4fee2c32c1107c3da2120df0068f974288e7424718dadb8978bdc9120f88,,False
plate_push,131507159,False,500,0.03274514898657799,b48a4fee2c32c1107c3da2120df0068f974288e7424718dadb8978bdc9120f88,,False
plate_push,131507160,False,500,0.004145510960370302,b48a4fee2c32c1107c3da2120df0068f974288e7424718dadb8978bdc9120f88,,False
plate_push,131507161,False,500,0.006167340092360973,b48a4fee2c32c1107c3da2120df0068f974288e7424718dadb8978bdc9120f88,,False
plate_push,131507162,False,500,0.011231298558413982,b48a4fee2c32c1107c3da2120df0068f974288e7424718dadb8978bdc9120f88,,False
plate_push,131507163,False,500,0.04628423973917961,b48a4fee2c32c1107c3da2120df0068f974288e7424718dadb8978bdc9120f88,,False
plate_push,131507164,False,500,0.0002759225317277014,b48a4fee2c32c1107c3da2120df0068f974288e7424718dadb8978bdc9120f88,,False
plate_push,131507165,False,500,0.009557892568409443,b48a4fee2c32c1107c3da2120df0068f974288e7424718dadb8978bdc9120f88,,False
plate_push,131507166,False,500,0.01957850530743599,b48a4fee2c32c1107c3da2120df0068f974288e7424718dadb8978bdc9120f88,,False
plate_push,131507167,False,500,0.005365293938666582,b48a4fee2c32c1107c3da2120df0068f974288e7424718dadb8978bdc9120f88,,False
plate_push,131507168,False,500,0.012347245588898659,b48a4fee2c32c1107c3da2120df0068f974288e7424718dadb8978bdc9120f88,,False
plate_push,131507169,False,500,0.0027777710929512978,b48a4fee2c32c1107c3da2120df0068f974288e7424718dadb8978bdc9120f88,,False
plate_push,131507170,False,500,0.1266985386610031,b48a4fee2c32c1107c3da2120df0068f974288e7424718dadb8978bdc9120f88,,False
plate_push,131507171,False,500,0.019214320927858353,b48a4fee2c32c1107c3da2120df0068f974288e7424718dadb8978bdc9120f88,,False
plate_push,131507172,False,500,0.301344633102417,b48a4fee2c32c1107c3da2120df0068f974288e7424718dadb8978bdc9120f88,,False
plate_push,131507173,False,500,0.010796182788908482,b48a4fee2c32c1107c3da2120df0068f974288e7424718dadb8978bdc9120f88,,False
plate_push,131507174,False,500,0.0017478920053690672,b48a4fee2c32c1107c3da2120df0068f974288e7424718dadb8978bdc9120f88,,False
plate_push,131507175,False,500,0.036514684557914734,b48a4fee2c32c1107c3da2120df0068f974288e7424718dadb8978bdc9120f88,,False
plate_push,131507176,False,500,0.06509014964103699,b48a4fee2c32c1107c3da2120df0068f974288e7424718dadb8978bdc9120f88,,False
plate_push,131507177,True,316,0.4576915502548218,b48a4fee2c32c1107c3da2120df0068f974288e7424718dadb8978bdc9120f88,12a8f2aac9cb0c98f8a5793f747ae1d4665fb4c1f7f9e1a277f82f96c8c918bc,False
plate_push,131507178,False,500,0.06366094201803207,b48a4fee2c32c1107c3da2120df0068f974288e7424718dadb8978bdc9120f88,,False
plate_push,131507179,False,500,0.00658216280862689,b48a4fee2c32c1107c3da2120df0068f974288e7424718dadb8978bdc9120f88,,False
plate_push,131507180,False,500,0.06709235906600952,b48a4fee2c32c1107c3da2120df0068f974288e7424718dadb8978bdc9120f88,,False
plate_push,131507181,False,500,0.015888601541519165,b48a4fee2c32c1107c3da2120df0068f974288e7424718dadb8978bdc9120f88,,False
plate_push,131507182,False,500,0.09884089231491089,b48a4fee2c32c1107c3da2120df0068f974288e7424718dadb8978bdc9120f88,,False
plate_push,131507183,False,500,0.05298515036702156,b48a4fee2c32c1107c3da2120df0068f974288e7424718dadb8978bdc9120f88,,False
plate_push,131507184,False,500,0.033497538417577744,b48a4fee2c32c1107c3da2120df0068f974288e7424718dadb8978bdc9120f88,,False
plate_push,131507185,False,500,0.018042273819446564,b48a4fee2c32c1107c3da2120df0068f974288e7424718dadb8978bdc9120f88,,False
plate_push,131507186,False,500,0.01833854429423809,b48a4fee2c32c1107c3da2120df0068f974288e7424718dadb8978bdc9120f88,,False
plate_push,131507187,False,500,0.1266479343175888,b48a4fee2c32c1107c3da2120df0068f974288e7424718dadb8978bdc9120f88,,False
plate_push,131507188,False,500,0.026588354259729385,b48a4fee2c32c1107c3da2120df0068f974288e7424718dadb8978bdc9120f88,,False
plate_push,131507189,False,500,0.007321165408939123,b48a4fee2c32c1107c3da2120df0068f974288e7424718dadb8978bdc9120f88,,False
plate_push,131507190,False,500,0.11943863332271576,b48a4fee2c32c1107c3da2120df0068f974288e7424718dadb8978bdc9120f88,,False
plate_push,131507191,False,500,0.018172232434153557,b48a4fee2c32c1107c3da2120df0068f974288e7424718dadb8978bdc9120f88,,False
plate_push,131507192,False,500,0.03315430507063866,b48a4fee2c32c1107c3da2120df0068f974288e7424718dadb8978bdc9120f88,,False
plate_push,131507193,False,500,0.05096832662820816,b48a4fee2c32c1107c3da2120df0068f974288e7424718dadb8978bdc9120f88,,False
plate_push,131507194,False,500,0.007382627576589584,b48a4fee2c32c1107c3da2120df0068f974288e7424718dadb8978bdc9120f88,,False
plate_push,131507195,False,500,0.06059427931904793,b48a4fee2c32c1107c3da2120df0068f974288e7424718dadb8978bdc9120f88,,False
plate_push,131507196,False,500,0.010131154209375381,b48a4fee2c32c1107c3da2120df0068f974288e7424718dadb8978bdc9120f88,,False
plate_push,131507197,False,500,0.2682148516178131,b48a4fee2c32c1107c3da2120df0068f974288e7424718dadb8978bdc9120f88,,False
plate_push,131507198,False,500,0.2961365878582001,b48a4fee2c32c1107c3da2120df0068f974288e7424718dadb8978bdc9120f88,,False
plate_push,131507199,False,500,0.010397274047136307,b48a4fee2c32c1107c3da2120df0068f974288e7424718dadb8978bdc9120f88,,False
stove_turn_on,131508000,True,108,0.9818604588508606,b48a4fee2c32c1107c3da2120df0068f974288e7424718dadb8978bdc9120f88,790630ebbed1507ebf4e93b25b3674031fa74105fedeed9a9b21170fed05cf37,False
stove_turn_on,131508001,True,96,0.9932992458343506,b48a4fee2c32c1107c3da2120df0068f974288e7424718dadb8978bdc9120f88,2283c97adc95a3641abc5bb8497e286c7ffdbe43a296ad663162f4bc55f082b4,False
stove_turn_on,131508002,True,89,0.990679144859314,b48a4fee2c32c1107c3da2120df0068f974288e7424718dadb8978bdc9120f88,c405abe64d336a0d5e5da6de1e8767feeb5f48dc53138313c4f397f1b0bbc247,False
stove_turn_on,131508003,True,86,0.9595901370048523,b48a4fee2c32c1107c3da2120df0068f974288e7424718dadb8978bdc9120f88,6cb7eae1e1f6ee05ff33457177cd8648f4bfbd9276458f057425f62bb38a8709,False
stove_turn_on,131508004,True,114,0.9970604777336121,b48a4fee2c32c1107c3da2120df0068f974288e7424718dadb8978bdc9120f88,864b48fd9f7f7f1c06df62c74f2b2b134f3f92ed17170f0da3b6762632f4ec33,False
stove_turn_on,131508005,True,81,0.9629191160202026,b48a4fee2c32c1107c3da2120df0068f974288e7424718dadb8978bdc9120f88,03bc6ca5498e0fed8048b4274c7592bd61325e3776a75d0fa11871350fa48bef,False
stove_turn_on,131508006,True,114,0.9917147159576416,b48a4fee2c32c1107c3da2120df0068f974288e7424718dadb8978bdc9120f88,c399fc90238e57a2d6be809367ae516176c0b1c2e583ed725a1eb926db88d701,False
stove_turn_on,131508007,True,83,0.9656131267547607,b48a4fee2c32c1107c3da2120df0068f974288e7424718dadb8978bdc9120f88,477271fe61a4b9afe31e5d4a35fc6212ed358c03fe39a12c52d246dccf4c7821,False
stove_turn_on,131508008,True,88,0.9877723455429077,b48a4fee2c32c1107c3da2120df0068f974288e7424718dadb8978bdc9120f88,6fe8edd9ca15b3302ed7c8fff5d65ffbbc26221856df77888f45614a8e599abc,False
stove_turn_on,131508009,True,92,0.9683371186256409,b48a4fee2c32c1107c3da2120df0068f974288e7424718dadb8978bdc9120f88,eb8add9132d3b49b32f95d0af55949b761e46a8bbf5966a92ab48e64fd64ad7d,False
stove_turn_on,131508010,True,114,0.9974921941757202,b48a4fee2c32c1107c3da2120df0068f974288e7424718dadb8978bdc9120f88,b317a7d53f69d10df200d8cffd7ba00da4ceb73ae32eaa1ab9e2438fdebd22fb,False
stove_turn_on,131508011,True,87,0.9742624163627625,b48a4fee2c32c1107c3da2120df0068f974288e7424718dadb8978bdc9120f88,c283aaf4c980d4ed8441175e45fadb17a2196fde5d9d1dce04de994fb367361b,False
wine_rack,131509000,False,500,0.06212693080306053,b48a4fee2c32c1107c3da2120df0068f974288e7424718dadb8978bdc9120f88,,False
wine_rack,131509001,False,500,0.06676556169986725,b48a4fee2c32c1107c3da2120df0068f974288e7424718dadb8978bdc9120f88,,False
wine_rack,131509002,False,500,0.06828054785728455,b48a4fee2c32c1107c3da2120df0068f974288e7424718dadb8978bdc9120f88,,False
wine_rack,131509003,False,500,0.07091700285673141,b48a4fee2c32c1107c3da2120df0068f974288e7424718dadb8978bdc9120f88,,False
wine_rack,131509004,False,500,0.08470086008310318,b48a4fee2c32c1107c3da2120df0068f974288e7424718dadb8978bdc9120f88,,False
wine_rack,131509005,False,500,0.06491637974977493,b48a4fee2c32c1107c3da2120df0068f974288e7424718dadb8978bdc9120f88,,False
wine_rack,131509006,False,500,0.06774155050516129,b48a4fee2c32c1107c3da2120df0068f974288e7424718dadb8978bdc9120f88,,False
wine_rack,131509007,False,500,0.06458865106105804,b48a4fee2c32c1107c3da2120df0068f974288e7424718dadb8978bdc9120f88,,False
wine_rack,131509008,False,500,0.06554874032735825,b48a4fee2c32c1107c3da2120df0068f974288e7424718dadb8978bdc9120f88,,False
wine_rack,131509009,False,500,0.06543077528476715,b48a4fee2c32c1107c3da2120df0068f974288e7424718dadb8978bdc9120f88,,False
wine_rack,131509010,False,500,0.06450827419757843,b48a4fee2c32c1107c3da2120df0068f974288e7424718dadb8978bdc9120f88,,False
wine_rack,131509011,False,500,0.06856376677751541,b48a4fee2c32c1107c3da2120df0068f974288e7424718dadb8978bdc9120f88,,False
wine_rack,131509012,False,500,0.06392819434404373,b48a4fee2c32c1107c3da2120df0068f974288e7424718dadb8978bdc9120f88,,False
wine_rack,131509013,False,500,0.07008705288171768,b48a4fee2c32c1107c3da2120df0068f974288e7424718dadb8978bdc9120f88,,False
wine_rack,131509014,False,500,0.06565112620592117,b48a4fee2c32c1107c3da2120df0068f974288e7424718dadb8978bdc9120f88,,False
wine_rack,131509015,False,500,0.07305409014225006,b48a4fee2c32c1107c3da2120df0068f974288e7424718dadb8978bdc9120f88,,False
wine_rack,131509016,False,500,0.07402443140745163,b48a4fee2c32c1107c3da2120df0068f974288e7424718dadb8978bdc9120f88,,False
wine_rack,131509017,False,500,0.07006379216909409,b48a4fee2c32c1107c3da2120df0068f974288e7424718dadb8978bdc9120f88,,False
wine_rack,131509018,False,500,0.06583218276500702,b48a4fee2c32c1107c3da2120df0068f974288e7424718dadb8978bdc9120f88,,False
wine_rack,131509019,False,500,0.06840511411428452,b48a4fee2c32c1107c3da2120df0068f974288e7424718dadb8978bdc9120f88,,False
wine_rack,131509020,False,500,0.06897924840450287,b48a4fee2c32c1107c3da2120df0068f974288e7424718dadb8978bdc9120f88,,False
wine_rack,131509021,False,500,0.06958955526351929,b48a4fee2c32c1107c3da2120df0068f974288e7424718dadb8978bdc9120f88,,False
wine_rack,131509022,False,500,0.07091226428747177,b48a4fee2c32c1107c3da2120df0068f974288e7424718dadb8978bdc9120f88,,False
wine_rack,131509023,False,500,0.06479276716709137,b48a4fee2c32c1107c3da2120df0068f974288e7424718dadb8978bdc9120f88,,False
wine_rack,131509024,False,500,0.06635305285453796,b48a4fee2c32c1107c3da2120df0068f974288e7424718dadb8978bdc9120f88,,False
wine_rack,131509025,False,500,0.06138819456100464,b48a4fee2c32c1107c3da2120df0068f974288e7424718dadb8978bdc9120f88,,False
wine_rack,131509026,False,500,0.06279454380273819,b48a4fee2c32c1107c3da2120df0068f974288e7424718dadb8978bdc9120f88,,False
wine_rack,131509027,False,500,0.07127390056848526,b48a4fee2c32c1107c3da2120df0068f974288e7424718dadb8978bdc9120f88,,False
wine_rack,131509028,False,500,0.06513985246419907,b48a4fee2c32c1107c3da2120df0068f974288e7424718dadb8978bdc9120f88,,False
wine_rack,131509029,False,500,0.07011524587869644,b48a4fee2c32c1107c3da2120df0068f974288e7424718dadb8978bdc9120f88,,False
wine_rack,131509030,False,500,0.06689650565385818,b48a4fee2c32c1107c3da2120df0068f974288e7424718dadb8978bdc9120f88,,False
wine_rack,131509031,False,500,0.06687235832214355,b48a4fee2c32c1107c3da2120df0068f974288e7424718dadb8978bdc9120f88,,False
wine_rack,131509032,False,500,0.0704987645149231,b48a4fee2c32c1107c3da2120df0068f974288e7424718dadb8978bdc9120f88,,False
wine_rack,131509033,False,500,0.06451109051704407,b48a4fee2c32c1107c3da2120df0068f974288e7424718dadb8978bdc9120f88,,False
wine_rack,131509034,False,500,0.06395997107028961,b48a4fee2c32c1107c3da2120df0068f974288e7424718dadb8978bdc9120f88,,False
wine_rack,131509035,False,500,0.06333553791046143,b48a4fee2c32c1107c3da2120df0068f974288e7424718dadb8978bdc9120f88,,False
wine_rack,131509036,False,500,0.06561310589313507,b48a4fee2c32c1107c3da2120df0068f974288e7424718dadb8978bdc9120f88,,False
wine_rack,131509037,False,500,0.06906025111675262,b48a4fee2c32c1107c3da2120df0068f974288e7424718dadb8978bdc9120f88,,False
wine_rack,131509038,False,500,0.06184393912553787,b48a4fee2c32c1107c3da2120df0068f974288e7424718dadb8978bdc9120f88,,False
wine_rack,131509039,False,500,0.06453720480203629,b48a4fee2c32c1107c3da2120df0068f974288e7424718dadb8978bdc9120f88,,False
wine_rack,131509040,False,500,0.07005182653665543,b48a4fee2c32c1107c3da2120df0068f974288e7424718dadb8978bdc9120f88,,False
wine_rack,131509041,False,500,0.06300970911979675,b48a4fee2c32c1107c3da2120df0068f974288e7424718dadb8978bdc9120f88,,False
wine_rack,131509042,False,500,0.06897029280662537,b48a4fee2c32c1107c3da2120df0068f974288e7424718dadb8978bdc9120f88,,False
wine_rack,131509043,False,500,0.06348764896392822,b48a4fee2c32c1107c3da2120df0068f974288e7424718dadb8978bdc9120f88,,False
wine_rack,131509044,False,500,0.06944485008716583,b48a4fee2c32c1107c3da2120df0068f974288e7424718dadb8978bdc9120f88,,False
wine_rack,131509045,False,500,0.07015447318553925,b48a4fee2c32c1107c3da2120df0068f974288e7424718dadb8978bdc9120f88,,False
wine_rack,131509046,False,500,0.06153147667646408,b48a4fee2c32c1107c3da2120df0068f974288e7424718dadb8978bdc9120f88,,False
wine_rack,131509047,False,500,0.06786732375621796,b48a4fee2c32c1107c3da2120df0068f974288e7424718dadb8978bdc9120f88,,False
wine_rack,131509048,False,500,0.06858421862125397,b48a4fee2c32c1107c3da2120df0068f974288e7424718dadb8978bdc9120f88,,False
wine_rack,131509049,False,500,0.06135924905538559,b48a4fee2c32c1107c3da2120df0068f974288e7424718dadb8978bdc9120f88,,False
wine_rack,131509050,False,500,0.06681191921234131,b48a4fee2c32c1107c3da2120df0068f974288e7424718dadb8978bdc9120f88,,False
wine_rack,131509051,False,500,0.06397231668233871,b48a4fee2c32c1107c3da2120df0068f974288e7424718dadb8978bdc9120f88,,False
wine_rack,131509052,False,500,0.06846384704113007,b48a4fee2c32c1107c3da2120df0068f974288e7424718dadb8978bdc9120f88,,False
wine_rack,131509053,False,500,0.07077018171548843,b48a4fee2c32c1107c3da2120df0068f974288e7424718dadb8978bdc9120f88,,False
wine_rack,131509054,False,500,0.06794124841690063,b48a4fee2c32c1107c3da2120df0068f974288e7424718dadb8978bdc9120f88,,False
wine_rack,131509055,False,500,0.06253521889448166,b48a4fee2c32c1107c3da2120df0068f974288e7424718dadb8978bdc9120f88,,False
wine_rack,131509056,False,500,0.06297360360622406,b48a4fee2c32c1107c3da2120df0068f974288e7424718dadb8978bdc9120f88,,False
wine_rack,131509057,False,500,0.06605388224124908,b48a4fee2c32c1107c3da2120df0068f974288e7424718dadb8978bdc9120f88,,False
wine_rack,131509058,False,500,0.0655084028840065,b48a4fee2c32c1107c3da2120df0068f974288e7424718dadb8978bdc9120f88,,False
wine_rack,131509059,False,500,0.0686371698975563,b48a4fee2c32c1107c3da2120df0068f974288e7424718dadb8978bdc9120f88,,False
wine_rack,131509060,False,500,0.06738293170928955,b48a4fee2c32c1107c3da2120df0068f974288e7424718dadb8978bdc9120f88,,False
wine_rack,131509061,False,500,0.06846871972084045,b48a4fee2c32c1107c3da2120df0068f974288e7424718dadb8978bdc9120f88,,False
wine_rack,131509062,False,500,0.07199907302856445,b48a4fee2c32c1107c3da2120df0068f974288e7424718dadb8978bdc9120f88,,False
wine_rack,131509063,False,500,0.06850867718458176,b48a4fee2c32c1107c3da2120df0068f974288e7424718dadb8978bdc9120f88,,False
wine_rack,131509064,False,500,0.06968780606985092,b48a4fee2c32c1107c3da2120df0068f974288e7424718dadb8978bdc9120f88,,False
wine_rack,131509065,False,500,0.06554601341485977,b48a4fee2c32c1107c3da2120df0068f974288e7424718dadb8978bdc9120f88,,False
wine_rack,131509066,False,500,0.07068662345409393,b48a4fee2c32c1107c3da2120df0068f974288e7424718dadb8978bdc9120f88,,False
wine_rack,131509067,False,500,0.06556642800569534,b48a4fee2c32c1107c3da2120df0068f974288e7424718dadb8978bdc9120f88,,False
wine_rack,131509068,False,500,0.06842786073684692,b48a4fee2c32c1107c3da2120df0068f974288e7424718dadb8978bdc9120f88,,False
wine_rack,131509069,False,500,0.06939816474914551,b48a4fee2c32c1107c3da2120df0068f974288e7424718dadb8978bdc9120f88,,False
wine_rack,131509070,False,500,0.0663217306137085,b48a4fee2c32c1107c3da2120df0068f974288e7424718dadb8978bdc9120f88,,False
wine_rack,131509071,False,500,0.06704143434762955,b48a4fee2c32c1107c3da2120df0068f974288e7424718dadb8978bdc9120f88,,False
wine_rack,131509072,False,500,0.06314117461442947,b48a4fee2c32c1107c3da2120df0068f974288e7424718dadb8978bdc9120f88,,False
wine_rack,131509073,False,500,0.07013729959726334,b48a4fee2c32c1107c3da2120df0068f974288e7424718dadb8978bdc9120f88,,False
wine_rack,131509074,False,500,0.0721781775355339,b48a4fee2c32c1107c3da2120df0068f974288e7424718dadb8978bdc9120f88,,False
wine_rack,131509075,False,500,0.06026923656463623,b48a4fee2c32c1107c3da2120df0068f974288e7424718dadb8978bdc9120f88,,False
wine_rack,131509076,False,500,0.06493572890758514,b48a4fee2c32c1107c3da2120df0068f974288e7424718dadb8978bdc9120f88,,False
wine_rack,131509077,False,500,0.06960488110780716,b48a4fee2c32c1107c3da2120df0068f974288e7424718dadb8978bdc9120f88,,False
wine_rack,131509078,False,500,0.06747407466173172,b48a4fee2c32c1107c3da2120df0068f974288e7424718dadb8978bdc9120f88,,False
wine_rack,131509079,False,500,0.06333696097135544,b48a4fee2c32c1107c3da2120df0068f974288e7424718dadb8978bdc9120f88,,False
wine_rack,131509080,False,500,0.07017919421195984,b48a4fee2c32c1107c3da2120df0068f974288e7424718dadb8978bdc9120f88,,False
wine_rack,131509081,False,500,0.0657544881105423,b48a4fee2c32c1107c3da2120df0068f974288e7424718dadb8978bdc9120f88,,False
wine_rack,131509082,False,500,0.07298384606838226,b48a4fee2c32c1107c3da2120df0068f974288e7424718dadb8978bdc9120f88,,False
wine_rack,131509083,False,500,0.07175855338573456,b48a4fee2c32c1107c3da2120df0068f974288e7424718dadb8978bdc9120f88,,False
wine_rack,131509084,False,500,0.06573202461004257,b48a4fee2c32c1107c3da2120df0068f974288e7424718dadb8978bdc9120f88,,False
wine_rack,131509085,False,500,0.06952465325593948,b48a4fee2c32c1107c3da2120df0068f974288e7424718dadb8978bdc9120f88,,False
wine_rack,131509086,False,500,0.07391010224819183,b48a4fee2c32c1107c3da2120df0068f974288e7424718dadb8978bdc9120f88,,False
wine_rack,131509087,False,500,0.06739893555641174,b48a4fee2c32c1107c3da2120df0068f974288e7424718dadb8978bdc9120f88,,False
wine_rack,131509088,False,500,0.06298709660768509,b48a4fee2c32c1107c3da2120df0068f974288e7424718dadb8978bdc9120f88,,False
wine_rack,131509089,False,500,0.06770959496498108,b48a4fee2c32c1107c3da2120df0068f974288e7424718dadb8978bdc9120f88,,False
wine_rack,131509090,False,500,0.07051601260900497,b48a4fee2c32c1107c3da2120df0068f974288e7424718dadb8978bdc9120f88,,False
wine_rack,131509091,False,500,0.06332167237997055,b48a4fee2c32c1107c3da2120df0068f974288e7424718dadb8978bdc9120f88,,False
wine_rack,131509092,False,500,0.07271885126829147,b48a4fee2c32c1107c3da2120df0068f974288e7424718dadb8978bdc9120f88,,False
wine_rack,131509093,False,500,0.06785297393798828,b48a4fee2c32c1107c3da2120df0068f974288e7424718dadb8978bdc9120f88,,False
wine_rack,131509094,False,500,0.06393817812204361,b48a4fee2c32c1107c3da2120df0068f974288e7424718dadb8978bdc9120f88,,False
wine_rack,131509095,False,500,0.0701553001999855,b48a4fee2c32c1107c3da2120df0068f974288e7424718dadb8978bdc9120f88,,False
wine_rack,131509096,False,500,0.07307706773281097,b48a4fee2c32c1107c3da2120df0068f974288e7424718dadb8978bdc9120f88,,False
wine_rack,131509097,False,500,0.0679628849029541,b48a4fee2c32c1107c3da2120df0068f974288e7424718dadb8978bdc9120f88,,False
wine_rack,131509098,False,500,0.0713341012597084,b48a4fee2c32c1107c3da2120df0068f974288e7424718dadb8978bdc9120f88,,False
wine_rack,131509099,False,500,0.06504678726196289,b48a4fee2c32c1107c3da2120df0068f974288e7424718dadb8978bdc9120f88,,False
wine_rack,131509100,False,500,0.06096229702234268,b48a4fee2c32c1107c3da2120df0068f974288e7424718dadb8978bdc9120f88,,False
wine_rack,131509101,False,500,0.07174159586429596,b48a4fee2c32c1107c3da2120df0068f974288e7424718dadb8978bdc9120f88,,False
wine_rack,131509102,False,500,0.06981601566076279,b48a4fee2c32c1107c3da2120df0068f974288e7424718dadb8978bdc9120f88,,False
wine_rack,131509103,False,500,0.06531430035829544,b48a4fee2c32c1107c3da2120df0068f974288e7424718dadb8978bdc9120f88,,False
wine_rack,131509104,False,500,0.06816006451845169,b48a4fee2c32c1107c3da2120df0068f974288e7424718dadb8978bdc9120f88,,False
wine_rack,131509105,False,500,0.07043902575969696,b48a4fee2c32c1107c3da2120df0068f974288e7424718dadb8978bdc9120f88,,False
wine_rack,131509106,False,500,0.06738145649433136,b48a4fee2c32c1107c3da2120df0068f974288e7424718dadb8978bdc9120f88,,False
wine_rack,131509107,False,500,0.06822942197322845,b48a4fee2c32c1107c3da2120df0068f974288e7424718dadb8978bdc9120f88,,False
wine_rack,131509108,False,500,0.06930003315210342,b48a4fee2c32c1107c3da2120df0068f974288e7424718dadb8978bdc9120f88,,False
wine_rack,131509109,False,500,0.06853185594081879,b48a4fee2c32c1107c3da2120df0068f974288e7424718dadb8978bdc9120f88,,False
wine_rack,131509110,False,500,0.062182698398828506,b48a4fee2c32c1107c3da2120df0068f974288e7424718dadb8978bdc9120f88,,False
wine_rack,131509111,False,500,0.07400386035442352,b48a4fee2c32c1107c3da2120df0068f974288e7424718dadb8978bdc9120f88,,False
wine_rack,131509112,False,500,0.06487952172756195,b48a4fee2c32c1107c3da2120df0068f974288e7424718dadb8978bdc9120f88,,False
wine_rack,131509113,False,500,0.06416431814432144,b48a4fee2c32c1107c3da2120df0068f974288e7424718dadb8978bdc9120f88,,False
wine_rack,131509114,False,500,0.06512981653213501,b48a4fee2c32c1107c3da2120df0068f974288e7424718dadb8978bdc9120f88,,False
wine_rack,131509115,False,500,0.06873735040426254,b48a4fee2c32c1107c3da2120df0068f974288e7424718dadb8978bdc9120f88,,False
wine_rack,131509116,False,500,0.07029556483030319,b48a4fee2c32c1107c3da2120df0068f974288e7424718dadb8978bdc9120f88,,False
wine_rack,131509117,False,500,0.06405479460954666,b48a4fee2c32c1107c3da2120df0068f974288e7424718dadb8978bdc9120f88,,False
wine_rack,131509118,False,500,0.06183944642543793,b48a4fee2c32c1107c3da2120df0068f974288e7424718dadb8978bdc9120f88,,False
wine_rack,131509119,False,500,0.06804659217596054,b48a4fee2c32c1107c3da2120df0068f974288e7424718dadb8978bdc9120f88,,False
wine_rack,131509120,False,500,0.07196983695030212,b48a4fee2c32c1107c3da2120df0068f974288e7424718dadb8978bdc9120f88,,False
wine_rack,131509121,False,500,0.06730049103498459,b48a4fee2c32c1107c3da2120df0068f974288e7424718dadb8978bdc9120f88,,False
wine_rack,131509122,False,500,0.0730770006775856,b48a4fee2c32c1107c3da2120df0068f974288e7424718dadb8978bdc9120f88,,False
wine_rack,131509123,False,500,0.06525514274835587,b48a4fee2c32c1107c3da2120df0068f974288e7424718dadb8978bdc9120f88,,False
wine_rack,131509124,False,500,0.07321732491254807,b48a4fee2c32c1107c3da2120df0068f974288e7424718dadb8978bdc9120f88,,False
wine_rack,131509125,False,500,0.06785312294960022,b48a4fee2c32c1107c3da2120df0068f974288e7424718dadb8978bdc9120f88,,False
wine_rack,131509126,False,500,0.0648021399974823,b48a4fee2c32c1107c3da2120df0068f974288e7424718dadb8978bdc9120f88,,False
wine_rack,131509127,False,500,0.06779737770557404,b48a4fee2c32c1107c3da2120df0068f974288e7424718dadb8978bdc9120f88,,False
wine_rack,131509128,False,500,0.0674620270729065,b48a4fee2c32c1107c3da2120df0068f974288e7424718dadb8978bdc9120f88,,False
wine_rack,131509129,False,500,0.06635110825300217,b48a4fee2c32c1107c3da2120df0068f974288e7424718dadb8978bdc9120f88,,False
wine_rack,131509130,False,500,0.07521624863147736,b48a4fee2c32c1107c3da2120df0068f974288e7424718dadb8978bdc9120f88,,False
wine_rack,131509131,False,500,0.06683115661144257,b48a4fee2c32c1107c3da2120df0068f974288e7424718dadb8978bdc9120f88,,False
wine_rack,131509132,False,500,0.07041554898023605,b48a4fee2c32c1107c3da2120df0068f974288e7424718dadb8978bdc9120f88,,False
wine_rack,131509133,False,500,0.06926055997610092,b48a4fee2c32c1107c3da2120df0068f974288e7424718dadb8978bdc9120f88,,False
wine_rack,131509134,False,500,0.06689722090959549,b48a4fee2c32c1107c3da2120df0068f974288e7424718dadb8978bdc9120f88,,False
wine_rack,131509135,False,500,0.06196924299001694,b48a4fee2c32c1107c3da2120df0068f974288e7424718dadb8978bdc9120f88,,False
wine_rack,131509136,False,500,0.06643187254667282,b48a4fee2c32c1107c3da2120df0068f974288e7424718dadb8978bdc9120f88,,False
wine_rack,131509137,False,500,0.07397373765707016,b48a4fee2c32c1107c3da2120df0068f974288e7424718dadb8978bdc9120f88,,False
wine_rack,131509138,False,500,0.07133376598358154,b48a4fee2c32c1107c3da2120df0068f974288e7424718dadb8978bdc9120f88,,False
wine_rack,131509139,False,500,0.06932663917541504,b48a4fee2c32c1107c3da2120df0068f974288e7424718dadb8978bdc9120f88,,False
wine_rack,131509140,False,500,0.06562241166830063,b48a4fee2c32c1107c3da2120df0068f974288e7424718dadb8978bdc9120f88,,False
wine_rack,131509141,False,500,0.06544249504804611,b48a4fee2c32c1107c3da2120df0068f974288e7424718dadb8978bdc9120f88,,False
wine_rack,131509142,False,500,0.07203561812639236,b48a4fee2c32c1107c3da2120df0068f974288e7424718dadb8978bdc9120f88,,False
wine_rack,131509143,False,500,0.06405950337648392,b48a4fee2c32c1107c3da2120df0068f974288e7424718dadb8978bdc9120f88,,False
wine_rack,131509144,False,500,0.06718350946903229,b48a4fee2c32c1107c3da2120df0068f974288e7424718dadb8978bdc9120f88,,False
wine_rack,131509145,False,500,0.07209321856498718,b48a4fee2c32c1107c3da2120df0068f974288e7424718dadb8978bdc9120f88,,False
wine_rack,131509146,False,500,0.06845558434724808,b48a4fee2c32c1107c3da2120df0068f974288e7424718dadb8978bdc9120f88,,False
wine_rack,131509147,False,500,0.07060588896274567,b48a4fee2c32c1107c3da2120df0068f974288e7424718dadb8978bdc9120f88,,False
wine_rack,131509148,False,500,0.06235983595252037,b48a4fee2c32c1107c3da2120df0068f974288e7424718dadb8978bdc9120f88,,False
wine_rack,131509149,False,500,0.06619235128164291,b48a4fee2c32c1107c3da2120df0068f974288e7424718dadb8978bdc9120f88,,False
wine_rack,131509150,False,500,0.06696249544620514,b48a4fee2c32c1107c3da2120df0068f974288e7424718dadb8978bdc9120f88,,False
wine_rack,131509151,False,500,0.06104734539985657,b48a4fee2c32c1107c3da2120df0068f974288e7424718dadb8978bdc9120f88,,False
wine_rack,131509152,False,500,0.07261291891336441,b48a4fee2c32c1107c3da2120df0068f974288e7424718dadb8978bdc9120f88,,False
wine_rack,131509153,False,500,0.06748882681131363,b48a4fee2c32c1107c3da2120df0068f974288e7424718dadb8978bdc9120f88,,False
wine_rack,131509154,False,500,0.06672356277704239,b48a4fee2c32c1107c3da2120df0068f974288e7424718dadb8978bdc9120f88,,False
wine_rack,131509155,False,500,0.0682167187333107,b48a4fee2c32c1107c3da2120df0068f974288e7424718dadb8978bdc9120f88,,False
wine_rack,131509156,False,500,0.06650975346565247,b48a4fee2c32c1107c3da2120df0068f974288e7424718dadb8978bdc9120f88,,False
wine_rack,131509157,False,500,0.0627899169921875,b48a4fee2c32c1107c3da2120df0068f974288e7424718dadb8978bdc9120f88,,False
wine_rack,131509158,False,500,0.06249721720814705,b48a4fee2c32c1107c3da2120df0068f974288e7424718dadb8978bdc9120f88,,False
wine_rack,131509159,False,500,0.07093216478824615,b48a4fee2c32c1107c3da2120df0068f974288e7424718dadb8978bdc9120f88,,False
wine_rack,131509160,False,500,0.06818374246358871,b48a4fee2c32c1107c3da2120df0068f974288e7424718dadb8978bdc9120f88,,False
wine_rack,131509161,False,500,0.0691629946231842,b48a4fee2c32c1107c3da2120df0068f974288e7424718dadb8978bdc9120f88,,False
wine_rack,131509162,False,500,0.06487182527780533,b48a4fee2c32c1107c3da2120df0068f974288e7424718dadb8978bdc9120f88,,False
wine_rack,131509163,False,500,0.06910305470228195,b48a4fee2c32c1107c3da2120df0068f974288e7424718dadb8978bdc9120f88,,False
wine_rack,131509164,False,500,0.06939639151096344,b48a4fee2c32c1107c3da2120df0068f974288e7424718dadb8978bdc9120f88,,False
wine_rack,131509165,False,500,0.06688549369573593,b48a4fee2c32c1107c3da2120df0068f974288e7424718dadb8978bdc9120f88,,False
wine_rack,131509166,False,500,0.06329144537448883,b48a4fee2c32c1107c3da2120df0068f974288e7424718dadb8978bdc9120f88,,False
wine_rack,131509167,False,500,0.07173179090023041,b48a4fee2c32c1107c3da2120df0068f974288e7424718dadb8978bdc9120f88,,False
wine_rack,131509168,False,500,0.06273398548364639,b48a4fee2c32c1107c3da2120df0068f974288e7424718dadb8978bdc9120f88,,False
wine_rack,131509169,False,500,0.06554803252220154,b48a4fee2c32c1107c3da2120df0068f974288e7424718dadb8978bdc9120f88,,False
wine_rack,131509170,False,500,0.0727451965212822,b48a4fee2c32c1107c3da2120df0068f974288e7424718dadb8978bdc9120f88,,False
wine_rack,131509171,False,500,0.06879620254039764,b48a4fee2c32c1107c3da2120df0068f974288e7424718dadb8978bdc9120f88,,False
wine_rack,131509172,False,500,0.06290445476770401,b48a4fee2c32c1107c3da2120df0068f974288e7424718dadb8978bdc9120f88,,False
wine_rack,131509173,False,500,0.06369509547948837,b48a4fee2c32c1107c3da2120df0068f974288e7424718dadb8978bdc9120f88,,False
wine_rack,131509174,False,500,0.07213011384010315,b48a4fee2c32c1107c3da2120df0068f974288e7424718dadb8978bdc9120f88,,False
wine_rack,131509175,False,500,0.07113338261842728,b48a4fee2c32c1107c3da2120df0068f974288e7424718dadb8978bdc9120f88,,False
wine_rack,131509176,False,500,0.07269377261400223,b48a4fee2c32c1107c3da2120df0068f974288e7424718dadb8978bdc9120f88,,False
wine_rack,131509177,False,500,0.06921099871397018,b48a4fee2c32c1107c3da2120df0068f974288e7424718dadb8978bdc9120f88,,False
wine_rack,131509178,False,500,0.06786037981510162,b48a4fee2c32c1107c3da2120df0068f974288e7424718dadb8978bdc9120f88,,False
wine_rack,131509179,False,500,0.07127957791090012,b48a4fee2c32c1107c3da2120df0068f974288e7424718dadb8978bdc9120f88,,False
wine_rack,131509180,False,500,0.06804795563220978,b48a4fee2c32c1107c3da2120df0068f974288e7424718dadb8978bdc9120f88,,False
wine_rack,131509181,False,500,0.07113726437091827,b48a4fee2c32c1107c3da2120df0068f974288e7424718dadb8978bdc9120f88,,False
wine_rack,131509182,False,500,0.06553681939840317,b48a4fee2c32c1107c3da2120df0068f974288e7424718dadb8978bdc9120f88,,False
wine_rack,131509183,False,500,0.0636911690235138,b48a4fee2c32c1107c3da2120df0068f974288e7424718dadb8978bdc9120f88,,False
wine_rack,131509184,False,500,0.060423411428928375,b48a4fee2c32c1107c3da2120df0068f974288e7424718dadb8978bdc9120f88,,False
wine_rack,131509185,False,500,0.0693497508764267,b48a4fee2c32c1107c3da2120df0068f974288e7424718dadb8978bdc9120f88,,False
wine_rack,131509186,False,500,0.07006373256444931,b48a4fee2c32c1107c3da2120df0068f974288e7424718dadb8978bdc9120f88,,False
wine_rack,131509187,False,500,0.06332796066999435,b48a4fee2c32c1107c3da2120df0068f974288e7424718dadb8978bdc9120f88,,False
wine_rack,131509188,False,500,0.0627213716506958,b48a4fee2c32c1107c3da2120df0068f974288e7424718dadb8978bdc9120f88,,False
wine_rack,131509189,False,500,0.06605517119169235,b48a4fee2c32c1107c3da2120df0068f974288e7424718dadb8978bdc9120f88,,False
wine_rack,131509190,False,500,0.06717412173748016,b48a4fee2c32c1107c3da2120df0068f974288e7424718dadb8978bdc9120f88,,False
wine_rack,131509191,False,500,0.06984049081802368,b48a4fee2c32c1107c3da2120df0068f974288e7424718dadb8978bdc9120f88,,False
wine_rack,131509192,False,500,0.06864116340875626,b48a4fee2c32c1107c3da2120df0068f974288e7424718dadb8978bdc9120f88,,False
wine_rack,131509193,False,500,0.061467405408620834,b48a4fee2c32c1107c3da2120df0068f974288e7424718dadb8978bdc9120f88,,False
wine_rack,131509194,False,500,0.06936294585466385,b48a4fee2c32c1107c3da2120df0068f974288e7424718dadb8978bdc9120f88,,False
wine_rack,131509195,False,500,0.06862851232290268,b48a4fee2c32c1107c3da2120df0068f974288e7424718dadb8978bdc9120f88,,False
wine_rack,131509196,False,500,0.06253183633089066,b48a4fee2c32c1107c3da2120df0068f974288e7424718dadb8978bdc9120f88,,False
wine_rack,131509197,False,500,0.06489779055118561,b48a4fee2c32c1107c3da2120df0068f974288e7424718dadb8978bdc9120f88,,False
wine_rack,131509198,False,500,0.06670919805765152,b48a4fee2c32c1107c3da2120df0068f974288e7424718dadb8978bdc9120f88,,False
wine_rack,131509199,False,500,0.06472186744213104,b48a4fee2c32c1107c3da2120df0068f974288e7424718dadb8978bdc9120f88,,False
