action_reconstruction_rmse,atlas_size,balanced_task_effect_error,candidate_distance_spearman,clipped,code_perplexity,contact_mode_preserved,context_modulation_norm,error_group_contact_mode_and_penetration,error_group_gripper_and_articulation,error_group_object_pose,error_group_task_progress_and_constraint,error_group_tcp_object_relative_pose,inference_latency_ms,intervention,kendall_tau,level,method,metric_condition_number,n,ndcg_at_16,normalized_code_utilization,object_pose_error,oracle_neighbor_recall_at_1,oracle_neighbor_recall_at_8,oracle_regret,pairwise_accuracy,phase,row_type,selected_code_change_fraction,task_id,task_progress_abs_error,tcp_object_relative_pose_error,unique_codes,valid_bank_size
,,,0.123893265327,,,,0,,,,,,0.0033392207696,,0.0849671352016,pooled,CONTROL_ACTION_ONLY__FULL,1.06559240818,15360,0.469771450973,,,0.0662760416667,0.171769205729,0.251320429725,0.542483567601,ALL,,,ALL,,,,
,,,0.137206079134,,,,0,,,,,,0.0033392207696,,0.0928702644339,task,CONTROL_ACTION_ONLY__FULL,1.06559240818,3840,0.464205037774,,,0.0598958333333,0.171028645833,0.26400173973,0.546435132217,ALL,,,bowl_on_plate,,,,
,,,0.120331132314,,,,0,,,,,,0.0033392207696,,0.0822960956525,task,CONTROL_ACTION_ONLY__FULL,1.06559240818,3840,0.441795994294,,,0.0598958333333,0.165494791667,0.249697630999,0.541148047826,ALL,,,plate_push,,,,
,,,0.0919244614553,,,,0,,,,,,0.0033392207696,,0.0632644652654,task,CONTROL_ACTION_ONLY__FULL,1.06559240818,3840,0.463966498323,,,0.0609375,0.164225260417,0.243096538935,0.531632232633,ALL,,,stove_turn_on,,,,
,,,0.146111388405,,,,0,,,,,,0.0033392207696,,0.101437715454,task,CONTROL_ACTION_ONLY__FULL,1.06559240818,3840,0.5091182735,,,0.084375,0.186328125,0.248485809237,0.550718857727,ALL,,,wine_rack,,,,
,,,0.133337343713,,,,0,,,,,,0.0033392207696,,0.0933290082736,phase,CONTROL_ACTION_ONLY__FULL,1.06559240818,3840,0.811662028566,,,0.105989583333,0.235481770833,0.0240133966783,0.546664504137,free_space,,,ALL,,,,
,,,0.144978169946,,,,0,,,,,,0.0033392207696,,0.0987361438467,phase,CONTROL_ACTION_ONLY__FULL,1.06559240818,3840,0.366331558867,,,0.0591145833333,0.16201171875,0.309646428401,0.549368071923,pre_contact,,,ALL,,,,
,,,0.10497926561,,,,0,,,,,,0.0033392207696,,0.0716168960517,phase,CONTROL_ACTION_ONLY__FULL,1.06559240818,3840,0.356833875079,,,0.0424479166667,0.142805989583,0.323561238394,0.535808448026,contact_onset,,,ALL,,,,
,,,0.11227828204,,,,0,,,,,,0.0033392207696,,0.0761864926341,phase,CONTROL_ACTION_ONLY__FULL,1.06559240818,3840,0.34425834138,,,0.0575520833333,0.14677734375,0.348060655429,0.538093246317,post_contact,,,ALL,,,,
,,,0.0446824408446,,,,0,,,,,,0.0033392207696,,0.0323771931907,pooled,CONTROL_ACTION_ONLY__K64,1.06559240818,15360,0.371209619647,,,0.0399739583333,0.0939208984375,0.28181844388,0.516188596595,ALL,,,ALL,,,,
,,,0.0357689498225,,,,0,,,,,,0.0033392207696,,0.0257397112381,task,CONTROL_ACTION_ONLY__K64,1.06559240818,3840,0.360401669919,,,0.03828125,0.0951822916667,0.292156593492,0.512869855619,ALL,,,bowl_on_plate,,,,
,,,0.0565150851456,,,,0,,,,,,0.0033392207696,,0.040962603369,task,CONTROL_ACTION_ONLY__K64,1.06559240818,3840,0.351743002964,,,0.0369791666667,0.0933268229167,0.274026954962,0.520481301685,ALL,,,plate_push,,,,
,,,0.0629578806779,,,,0,,,,,,0.0033392207696,,0.0457469394475,task,CONTROL_ACTION_ONLY__K64,1.06559240818,3840,0.37418414232,,,0.0403645833333,0.0892903645833,0.278047170675,0.522873469724,ALL,,,stove_turn_on,,,,
,,,0.0234878477323,,,,0,,,,,,0.0033392207696,,0.0170595187082,task,CONTROL_ACTION_ONLY__K64,1.06559240818,3840,0.398509663384,,,0.0442708333333,0.0978841145833,0.283043056391,0.508529759354,ALL,,,wine_rack,,,,
,,,0.0934516178199,,,,0,,,,,,0.0033392207696,,0.0674578911934,phase,CONTROL_ACTION_ONLY__K64,1.06559240818,3840,0.679241738827,,,0.0325520833333,0.09990234375,0.0375820592774,0.533728945597,free_space,,,ALL,,,,
,,,0.0213444224727,,,,0,,,,,,0.0033392207696,,0.0154670447497,phase,CONTROL_ACTION_ONLY__K64,1.06559240818,3840,0.273407664308,,,0.04375,0.09658203125,0.357733475467,0.507733522375,pre_contact,,,ALL,,,,
,,,0.0288289759256,,,,0,,,,,,0.0033392207696,,0.0210912689922,phase,CONTROL_ACTION_ONLY__K64,1.06559240818,3840,0.267294522783,,,0.040625,0.08603515625,0.348755369445,0.510545634496,contact_onset,,,ALL,,,,
,,,0.0351047471601,,,,0,,,,,,0.0033392207696,,0.0254925678275,phase,CONTROL_ACTION_ONLY__K64,1.06559240818,3840,0.264894552669,,,0.04296875,0.0931640625,0.383202871331,0.512746283914,post_contact,,,ALL,,,,
,,,0.634808422587,,,,5.97624947131,,,,,,0.00564240101792,,0.487944675773,pooled,CONTROL_CONSEQUENCE_LABEL_SHUFFLED__FULL,12.6335234523,15360,0.608963604216,,,0.207421875,0.365738932292,0.187245122611,0.743972337887,ALL,,,ALL,,,,
,,,0.598345368647,,,,6.04420137405,,,,,,0.00564240101792,,0.459879676486,task,CONTROL_CONSEQUENCE_LABEL_SHUFFLED__FULL,12.6461040258,3840,0.586154374687,,,0.209375,0.357454427083,0.200622880111,0.729939838243,ALL,,,bowl_on_plate,,,,
,,,0.684876508269,,,,5.79188096523,,,,,,0.00564240101792,,0.538369571446,task,CONTROL_CONSEQUENCE_LABEL_SHUFFLED__FULL,12.598149848,3840,0.583836359893,,,0.204427083333,0.362565104167,0.178689949762,0.769184785723,ALL,,,plate_push,,,,
,,,0.644321880072,,,,6.04600701332,,,,,,0.00564240101792,,0.485940525329,task,CONTROL_CONSEQUENCE_LABEL_SHUFFLED__FULL,12.6192058086,3840,0.638726527997,,,0.20234375,0.366796875,0.140783740797,0.742970262664,ALL,,,stove_turn_on,,,,
,,,0.611689933359,,,,6.02290853262,,,,,,0.00564240101792,,0.467588929831,task,CONTROL_CONSEQUENCE_LABEL_SHUFFLED__FULL,12.6706341267,3840,0.627137154286,,,0.213541666667,0.376139322917,0.228883919775,0.733794464915,ALL,,,wine_rack,,,,
,,,0.925986483154,,,,5.89562761784,,,,,,0.00564240101792,,0.771916311211,phase,CONTROL_CONSEQUENCE_LABEL_SHUFFLED__FULL,12.6936975718,3840,0.973448352221,,,0.43359375,0.661653645833,0.00348177405161,0.885958155605,free_space,,,ALL,,,,
,,,0.522813650508,,,,5.88653091192,,,,,,0.00564240101792,,0.381819992666,phase,CONTROL_CONSEQUENCE_LABEL_SHUFFLED__FULL,12.6614035606,3840,0.476400640574,,,0.125520833333,0.261881510417,0.268220618543,0.690909996333,pre_contact,,,ALL,,,,
,,,0.540278846443,,,,6.06481571198,,,,,,0.00564240101792,,0.397063060416,phase,CONTROL_CONSEQUENCE_LABEL_SHUFFLED__FULL,12.594536376,3840,0.486660568609,,,0.137760416667,0.263444010417,0.234492613213,0.698531530208,contact_onset,,,ALL,,,,
,,,0.550154710243,,,,6.05802364349,,,,,,0.00564240101792,,0.400979338799,phase,CONTROL_CONSEQUENCE_LABEL_SHUFFLED__FULL,12.5844563007,3840,0.499344855458,,,0.1328125,0.2759765625,0.242785484637,0.700489669399,post_contact,,,ALL,,,,
,,,-0.0153089921128,,,,5.97624947131,,,,,,0.00564240101792,,0.00680790418258,pooled,CONTROL_CONSEQUENCE_LABEL_SHUFFLED__K64,12.6335234523,15360,0.506905584502,,,0.118359375,0.2029296875,0.213222405874,0.503403952091,ALL,,,ALL,,,,
,,,-0.00859695891765,,,,6.04420137405,,,,,,0.00564240101792,,0.010449423136,task,CONTROL_CONSEQUENCE_LABEL_SHUFFLED__K64,12.6461040258,3840,0.493900971184,,,0.113541666667,0.198990885417,0.231466203161,0.505224711568,ALL,,,bowl_on_plate,,,,
,,,0.00444341309104,,,,5.79188096523,,,,,,0.00564240101792,,0.0257890356428,task,CONTROL_CONSEQUENCE_LABEL_SHUFFLED__K64,12.598149848,3840,0.486342068381,,,0.122916666667,0.207649739583,0.206131567102,0.512894517821,ALL,,,plate_push,,,,
,,,-0.0232650529693,,,,6.04600701332,,,,,,0.00564240101792,,-0.00107010856306,task,CONTROL_CONSEQUENCE_LABEL_SHUFFLED__K64,12.6192058086,3840,0.52010165081,,,0.114322916667,0.20341796875,0.173152677074,0.499464945718,ALL,,,stove_turn_on,,,,
,,,-0.0338173696551,,,,6.02290853262,,,,,,0.00564240101792,,-0.00793673348546,task,CONTROL_CONSEQUENCE_LABEL_SHUFFLED__K64,12.6706341267,3840,0.527277647633,,,0.12265625,0.20166015625,0.24213917616,0.496031633257,ALL,,,wine_rack,,,,
,,,-0.0377174277851,,,,5.89562761784,,,,,,0.00564240101792,,0.0178801226948,phase,CONTROL_CONSEQUENCE_LABEL_SHUFFLED__K64,12.6936975718,3840,0.868098723559,,,0.194010416667,0.274641927083,0.00905593868383,0.508940061347,free_space,,,ALL,,,,
,,,-0.0192066462089,,,,5.88653091192,,,,,,0.00564240101792,,-0.00576144830835,phase,CONTROL_CONSEQUENCE_LABEL_SHUFFLED__K64,12.6614035606,3840,0.377321654463,,,0.0901041666667,0.172233072917,0.294518055786,0.497119275846,pre_contact,,,ALL,,,,
,,,-0.0130323332923,,,,6.06481571198,,,,,,0.00564240101792,,0.000279766547266,phase,CONTROL_CONSEQUENCE_LABEL_SHUFFLED__K64,12.594536376,3840,0.392222784587,,,0.0955729166667,0.175944010417,0.262988019184,0.500139883274,contact_onset,,,ALL,,,,
,,,0.00872043883523,,,,6.05802364349,,,,,,0.00564240101792,,0.0148331757966,phase,CONTROL_CONSEQUENCE_LABEL_SHUFFLED__K64,12.5844563007,3840,0.389979175399,,,0.09375,0.188899739583,0.286327609842,0.507416587898,post_contact,,,ALL,,,,
,,,0.636433848011,,,,5.9359082371,,,,,,0.00295104826414,,0.488540758115,pooled,CONTROL_CONTEXT_SHUFFLED__FULL,12.5980481088,15360,0.610468740645,,,0.2087890625,0.365128580729,0.186977460867,0.744270379057,ALL,,,ALL,,,,
,,,0.596948871542,,,,6.00478625298,,,,,,0.00295104826414,,0.457822128649,task,CONTROL_CONTEXT_SHUFFLED__FULL,12.60756917,3840,0.584307637404,,,0.210677083333,0.353938802083,0.208916162595,0.728911064325,ALL,,,bowl_on_plate,,,,
,,,0.682953905734,,,,5.71718089581,,,,,,0.00295104826414,,0.535132435379,task,CONTROL_CONTEXT_SHUFFLED__FULL,12.5967999458,3840,0.584041542945,,,0.19765625,0.361328125,0.179683501311,0.767566217689,ALL,,,plate_push,,,,
,,,0.655441571875,,,,6.01865563393,,,,,,0.00295104826414,,0.494916404724,task,CONTROL_CONTEXT_SHUFFLED__FULL,12.5895783663,3840,0.650421118997,,,0.215625,0.3755859375,0.136987695131,0.747458202362,ALL,,,stove_turn_on,,,,
,,,0.610391042893,,,,6.00301016569,,,,,,0.00295104826414,,0.466292063708,task,CONTROL_CONTEXT_SHUFFLED__FULL,12.5982449532,3840,0.623104663233,,,0.211197916667,0.369661458333,0.22232248443,0.733146031854,ALL,,,wine_rack,,,,
,,,0.925547748641,,,,5.82266352177,,,,,,0.00295104826414,,0.770659254616,phase,CONTROL_CONTEXT_SHUFFLED__FULL,12.6946383476,3840,0.973852098239,,,0.4421875,0.6638671875,0.00334661104301,0.885329627308,free_space,,,ALL,,,,
,,,0.527349184104,,,,5.81093994379,,,,,,0.00295104826414,,0.3853535742,phase,CONTROL_CONTEXT_SHUFFLED__FULL,12.6090754986,3840,0.477459195425,,,0.127604166667,0.259798177083,0.264134017077,0.6926767871,pre_contact,,,ALL,,,,
,,,0.539393956066,,,,6.03894762993,,,,,,0.00295104826414,,0.394055222774,phase,CONTROL_CONTEXT_SHUFFLED__FULL,12.5392460823,3840,0.485616426715,,,0.136979166667,0.258561197917,0.232582678719,0.697027611387,contact_onset,,,ALL,,,,
,,,0.553444503232,,,,6.07108185291,,,,,,0.00295104826414,,0.40409498087,phase,CONTROL_CONTEXT_SHUFFLED__FULL,12.5492325068,3840,0.504947242199,,,0.128385416667,0.278287760417,0.247846536628,0.702047490435,post_contact,,,ALL,,,,
,,,-0.0178713298182,,,,5.9359082371,,,,,,0.00295104826414,,0.00477309248163,pooled,CONTROL_CONTEXT_SHUFFLED__K64,12.5980481088,15360,0.507102603226,,,0.1169921875,0.203857421875,0.208950732023,0.502386546241,ALL,,,ALL,,,,
,,,-0.0188222577495,,,,6.00478625298,,,,,,0.00295104826414,,0.00306309625156,task,CONTROL_CONTEXT_SHUFFLED__K64,12.60756917,3840,0.489641656362,,,0.1125,0.199544270833,0.224164218184,0.501531548126,ALL,,,bowl_on_plate,,,,
,,,0.0100182051163,,,,5.71718089581,,,,,,0.00295104826414,,0.0291409877269,task,CONTROL_CONTEXT_SHUFFLED__K64,12.5967999458,3840,0.486111505927,,,0.114322916667,0.204752604167,0.202690960278,0.514570493863,ALL,,,plate_push,,,,
,,,-0.0272002468679,,,,6.01865563393,,,,,,0.00295104826414,,-0.00381686260334,task,CONTROL_CONTEXT_SHUFFLED__K64,12.5895783663,3840,0.529398822413,,,0.116666666667,0.212727864583,0.170590230302,0.498091568698,ALL,,,stove_turn_on,,,,
,,,-0.0354810197718,,,,6.00301016569,,,,,,0.00295104826414,,-0.00929485144857,task,CONTROL_CONTEXT_SHUFFLED__K64,12.5982449532,3840,0.523258428201,,,0.124479166667,0.198404947917,0.238357519327,0.495352574276,ALL,,,wine_rack,,,,
,,,-0.0488082575807,,,,5.82266352177,,,,,,0.00295104826414,,0.0102758058521,phase,CONTROL_CONTEXT_SHUFFLED__K64,12.6946383476,3840,0.867432917842,,,0.20078125,0.278971354167,0.00871737462194,0.505137902926,free_space,,,ALL,,,,
,,,-0.0238137053646,,,,5.81093994379,,,,,,0.00295104826414,,-0.00884641799822,phase,CONTROL_CONTEXT_SHUFFLED__K64,12.6090754986,3840,0.375008638086,,,0.0830729166667,0.171744791667,0.299334242191,0.495576791001,pre_contact,,,ALL,,,,
,,,-0.00972198429796,,,,6.03894762993,,,,,,0.00295104826414,,0.00157182097366,phase,CONTROL_CONTEXT_SHUFFLED__K64,12.5392460823,3840,0.388314922723,,,0.0877604166667,0.173763020833,0.260732914159,0.500785910487,contact_onset,,,ALL,,,,
,,,0.0108586279703,,,,6.07108185291,,,,,,0.00295104826414,,0.016091161099,phase,CONTROL_CONTEXT_SHUFFLED__K64,12.5492325068,3840,0.397653934253,,,0.0963541666667,0.190950520833,0.267018397118,0.508045580549,post_contact,,,ALL,,,,
,,,0.650129354649,,,,1.9643285647,,,,,,0.00362133216135,,0.502609236042,pooled,CONTROL_CURRENT_CONTACT_ONLY__FULL,4.56583504379,15360,0.615833333223,,,0.212565104167,0.375024414062,0.186070553489,0.751304618021,ALL,,,ALL,,,,
,,,0.60636171638,,,,0.859895020723,,,,,,0.00362133216135,,0.466144929977,task,CONTROL_CURRENT_CONTACT_ONLY__FULL,1.75930422544,3840,0.588244686775,,,0.210677083333,0.356315104167,0.20754130032,0.733072464989,ALL,,,bowl_on_plate,,,,
,,,0.693992907632,,,,1.63473248482,,,,,,0.00362133216135,,0.545862703963,task,CONTROL_CURRENT_CONTACT_ONLY__FULL,3.38613545895,3840,0.588576917177,,,0.208333333333,0.369889322917,0.179126189007,0.772931351981,ALL,,,plate_push,,,,
,,,0.671235004637,,,,3.33411645889,,,,,,0.00362133216135,,0.510904239998,task,CONTROL_CURRENT_CONTACT_ONLY__FULL,9.09062147141,3840,0.655826190336,,,0.206510416667,0.383333333333,0.133351095582,0.755452119999,ALL,,,stove_turn_on,,,,
,,,0.628927789946,,,,2.02857029438,,,,,,0.00362133216135,,0.48752507023,task,CONTROL_CURRENT_CONTACT_ONLY__FULL,4.02727901936,3840,0.630685538604,,,0.224739583333,0.390559895833,0.224263629046,0.743762535115,ALL,,,wine_rack,,,,
,,,0.938101060013,,,,1.8828047961,,,,,,0.00362133216135,,0.79170580406,phase,CONTROL_CURRENT_CONTACT_ONLY__FULL,4.42988023162,3840,0.976195498448,,,0.451041666667,0.68076171875,0.00320626696342,0.89585290203,free_space,,,ALL,,,,
,,,0.534037222428,,,,1.8828047961,,,,,,0.00362133216135,,0.390999387445,phase,CONTROL_CURRENT_CONTACT_ONLY__FULL,4.42988023162,3840,0.48073535618,,,0.126041666667,0.264485677083,0.26547928851,0.695499693723,pre_contact,,,ALL,,,,
,,,0.553513482755,,,,2.04585233331,,,,,,0.00362133216135,,0.405957532757,phase,CONTROL_CURRENT_CONTACT_ONLY__FULL,4.70178985596,3840,0.491943973215,,,0.13671875,0.268326822917,0.235662458669,0.702978766379,contact_onset,,,ALL,,,,
,,,0.574865653398,,,,2.04585233331,,,,,,0.00362133216135,,0.421774219906,phase,CONTROL_CURRENT_CONTACT_ONLY__FULL,4.70178985596,3840,0.514458505048,,,0.136458333333,0.2865234375,0.239934199812,0.710887109953,post_contact,,,ALL,,,,
,,,-0.0203321378509,,,,1.9643285647,,,,,,0.00362133216135,,0.00485372220558,pooled,CONTROL_CURRENT_CONTACT_ONLY__K64,4.56583504379,15360,0.511500102556,,,0.11875,0.206396484375,0.212186011715,0.502426861103,ALL,,,ALL,,,,
,,,-0.0270865202939,,,,0.859895020723,,,,,,0.00362133216135,,-0.00201064689674,task,CONTROL_CURRENT_CONTACT_ONLY__K64,1.75930422544,3840,0.487546386802,,,0.11484375,0.20068359375,0.229725270271,0.498994676552,ALL,,,bowl_on_plate,,,,
,,,-0.0034434375373,,,,1.63473248482,,,,,,0.00362133216135,,0.0207378284586,task,CONTROL_CURRENT_CONTACT_ONLY__K64,3.38613545895,3840,0.488497593736,,,0.112239583333,0.206119791667,0.211147008283,0.510368914229,ALL,,,plate_push,,,,
,,,-0.0131116019631,,,,3.33411645889,,,,,,0.00362133216135,,0.00825858568895,task,CONTROL_CURRENT_CONTACT_ONLY__K64,9.09062147141,3840,0.538755831219,,,0.119010416667,0.2166015625,0.164151375811,0.504129292844,ALL,,,stove_turn_on,,,,
,,,-0.0376869916094,,,,2.02857029438,,,,,,0.00362133216135,,-0.00757087842846,task,CONTROL_CURRENT_CONTACT_ONLY__K64,4.02727901936,3840,0.531200598465,,,0.12890625,0.202180989583,0.243720392495,0.496214560786,ALL,,,wine_rack,,,,
,,,-0.0446496070223,,,,1.8828047961,,,,,,0.00362133216135,,0.0181418628591,phase,CONTROL_CURRENT_CONTACT_ONLY__K64,4.42988023162,3840,0.870422512597,,,0.209895833333,0.281705729167,0.00865904387377,0.50907093143,free_space,,,ALL,,,,
,,,-0.0253944931302,,,,1.8828047961,,,,,,0.00362133216135,,-0.00958751210493,phase,CONTROL_CURRENT_CONTACT_ONLY__K64,4.42988023162,3840,0.38336456293,,,0.0885416666667,0.179720052083,0.293278225079,0.495206243948,pre_contact,,,ALL,,,,
,,,-0.0201965861861,,,,2.04585233331,,,,,,0.00362133216135,,-0.00473131456154,phase,CONTROL_CURRENT_CONTACT_ONLY__K64,4.70178985596,3840,0.38800507224,,,0.0854166666667,0.171126302083,0.26956479439,0.497634342719,contact_onset,,,ALL,,,,
,,,0.00891213493501,,,,2.04585233331,,,,,,0.00362133216135,,0.0155918526297,phase,CONTROL_CURRENT_CONTACT_ONLY__K64,4.70178985596,3840,0.404208262455,,,0.0911458333333,0.193033854167,0.277241983517,0.507795926315,post_contact,,,ALL,,,,
,,,0.629633337234,,,,5.94772416651,,,,,,0.00332681905396,,0.482674375244,pooled,CONTROL_JOINT_STATE_NOMINAL_SHUFFLED__FULL,12.5999770164,15360,0.606855155818,,,0.206966145833,0.362190755208,0.189928130593,0.741337187622,ALL,,,ALL,,,,
,,,0.591687925904,,,,6.04071396589,,,,,,0.00332681905396,,0.45330793613,task,CONTROL_JOINT_STATE_NOMINAL_SHUFFLED__FULL,12.6089771509,3840,0.583951414064,,,0.204947916667,0.351236979167,0.208966653065,0.726653968065,ALL,,,bowl_on_plate,,,,
,,,0.673421912943,,,,5.70185022354,,,,,,0.00332681905396,,0.5282227354,task,CONTROL_JOINT_STATE_NOMINAL_SHUFFLED__FULL,12.5844722986,3840,0.578876407179,,,0.20234375,0.356608072917,0.182934937004,0.7641113677,ALL,,,plate_push,,,,
,,,0.644966806443,,,,6.04006334543,,,,,,0.00332681905396,,0.485038695329,task,CONTROL_JOINT_STATE_NOMINAL_SHUFFLED__FULL,12.5874271393,3840,0.63740324991,,,0.205729166667,0.365299479167,0.141813763437,0.742519347665,ALL,,,stove_turn_on,,,,
,,,0.608456703645,,,,6.00826913118,,,,,,0.00332681905396,,0.464128134116,task,CONTROL_JOINT_STATE_NOMINAL_SHUFFLED__FULL,12.619031477,3840,0.627189552119,,,0.21484375,0.375618489583,0.225997168866,0.732064067058,ALL,,,wine_rack,,,,
,,,0.92448204642,,,,5.83537452221,,,,,,0.00332681905396,,0.769650460238,phase,CONTROL_JOINT_STATE_NOMINAL_SHUFFLED__FULL,12.6876599312,3840,0.973402349038,,,0.431510416667,0.657356770833,0.00341350434904,0.884825230119,free_space,,,ALL,,,,
,,,0.521184840927,,,,5.81047253609,,,,,,0.00332681905396,,0.379439369962,phase,CONTROL_JOINT_STATE_NOMINAL_SHUFFLED__FULL,12.6132941008,3840,0.475282301477,,,0.128125,0.258723958333,0.267931580342,0.689719684981,pre_contact,,,ALL,,,,
,,,0.528670611673,,,,6.06625590324,,,,,,0.00332681905396,,0.386371366782,phase,CONTROL_JOINT_STATE_NOMINAL_SHUFFLED__FULL,12.5434082508,3840,0.483491456166,,,0.1375,0.2611328125,0.235763999926,0.693185683391,contact_onset,,,ALL,,,,
,,,0.544195849916,,,,6.07879370451,,,,,,0.00332681905396,,0.395236303995,phase,CONTROL_JOINT_STATE_NOMINAL_SHUFFLED__FULL,12.555545783,3840,0.495244516591,,,0.130729166667,0.271549479167,0.252603437756,0.697618151997,post_contact,,,ALL,,,,
,,,-0.0207502144848,,,,5.94772416651,,,,,,0.00332681905396,,0.00230772342483,pooled,CONTROL_JOINT_STATE_NOMINAL_SHUFFLED__K64,12.5999770164,15360,0.504371170428,,,0.1099609375,0.201985677083,0.210039996155,0.501153861712,ALL,,,ALL,,,,
,,,-0.0188466071169,,,,6.04071396589,,,,,,0.00332681905396,,0.00296356054596,task,CONTROL_JOINT_STATE_NOMINAL_SHUFFLED__K64,12.6089771509,3840,0.48748231369,,,0.11015625,0.194954427083,0.222466973802,0.501481780273,ALL,,,bowl_on_plate,,,,
,,,-0.00370967385991,,,,5.70185022354,,,,,,0.00332681905396,,0.018988177251,task,CONTROL_JOINT_STATE_NOMINAL_SHUFFLED__K64,12.5844722986,3840,0.481613315682,,,0.112239583333,0.2037109375,0.205935106697,0.509494088625,ALL,,,plate_push,,,,
,,,-0.0371471450508,,,,6.04006334543,,,,,,0.00332681905396,,-0.0116700946968,task,CONTROL_JOINT_STATE_NOMINAL_SHUFFLED__K64,12.5874271393,3840,0.516207218024,,,0.09765625,0.203483072917,0.182953719362,0.494164952652,ALL,,,stove_turn_on,,,,
,,,-0.0232974319116,,,,6.00826913118,,,,,,0.00332681905396,,-0.00105074940082,task,CONTROL_JOINT_STATE_NOMINAL_SHUFFLED__K64,12.619031477,3840,0.532181834316,,,0.119791666667,0.205794270833,0.22880418476,0.4994746253,ALL,,,wine_rack,,,,
,,,-0.04077205845,,,,5.83537452221,,,,,,0.00332681905396,,0.0154486419536,phase,CONTROL_JOINT_STATE_NOMINAL_SHUFFLED__K64,12.6876599312,3840,0.867509870599,,,0.186458333333,0.278450520833,0.00926604007342,0.507724320977,free_space,,,ALL,,,,
,,,-0.0294338427705,,,,5.81047253609,,,,,,0.00332681905396,,-0.0138393211307,phase,CONTROL_JOINT_STATE_NOMINAL_SHUFFLED__K64,12.6132941008,3840,0.374763612694,,,0.0864583333333,0.172623697917,0.286385370068,0.493080339435,pre_contact,,,ALL,,,,
,,,-0.019413492154,,,,6.06625590324,,,,,,0.00332681905396,,-0.00493249246195,phase,CONTROL_JOINT_STATE_NOMINAL_SHUFFLED__K64,12.5434082508,3840,0.383955998105,,,0.0802083333333,0.16953125,0.270674341527,0.497533753769,contact_onset,,,ALL,,,,
,,,0.00661853543538,,,,6.07879370451,,,,,,0.00332681905396,,0.0125540653384,phase,CONTROL_JOINT_STATE_NOMINAL_SHUFFLED__K64,12.555545783,3840,0.391255200314,,,0.08671875,0.187337239583,0.273834232954,0.506277032669,post_contact,,,ALL,,,,
,,,0.635585549781,,,,5.94508106709,,,,,,0.00298608702249,,0.488386683792,pooled,CONTROL_NOMINAL_SHUFFLED__FULL,12.6252943575,15360,0.609061459072,,,0.205729166667,0.365112304688,0.186749531611,0.744193341896,ALL,,,ALL,,,,
,,,0.595587229389,,,,5.96534996033,,,,,,0.00298608702249,,0.456821577515,task,CONTROL_NOMINAL_SHUFFLED__FULL,12.6277640343,3840,0.584261184087,,,0.208333333333,0.353971354167,0.205000810032,0.728410788757,ALL,,,bowl_on_plate,,,,
,,,0.680961406238,,,,5.76890895367,,,,,,0.00298608702249,,0.536855348922,task,CONTROL_NOMINAL_SHUFFLED__FULL,12.5694587708,3840,0.583035341885,,,0.203385416667,0.366438802083,0.177680094544,0.768427674461,ALL,,,plate_push,,,,
,,,0.65006370001,,,,6.01114199162,,,,,,0.00298608702249,,0.489250671198,task,CONTROL_NOMINAL_SHUFFLED__FULL,12.6173015118,3840,0.641988840555,,,0.19453125,0.367740885417,0.143534266548,0.744625335599,ALL,,,stove_turn_on,,,,
,,,0.615729863488,,,,6.03492336273,,,,,,0.00298608702249,,0.470619137532,task,CONTROL_NOMINAL_SHUFFLED__FULL,12.6866531134,3840,0.626960469762,,,0.216666666667,0.372298177083,0.22078295532,0.735309568766,ALL,,,wine_rack,,,,
,,,0.92734414888,,,,5.82010778189,,,,,,0.00298608702249,,0.77454901505,phase,CONTROL_NOMINAL_SHUFFLED__FULL,12.6510795355,3840,0.973950053907,,,0.436458333333,0.662662760417,0.00347208193898,0.887274507525,free_space,,,ALL,,,,
,,,0.522382772603,,,,5.81646220684,,,,,,0.00298608702249,,0.380585923837,phase,CONTROL_NOMINAL_SHUFFLED__FULL,12.6350598574,3840,0.475061415942,,,0.123958333333,0.258463541667,0.265106125228,0.690292961918,pre_contact,,,ALL,,,,
,,,0.544340609336,,,,6.0595998168,,,,,,0.00298608702249,,0.39898543128,phase,CONTROL_NOMINAL_SHUFFLED__FULL,12.6107297421,3840,0.486587573702,,,0.129947916667,0.262565104167,0.230824117252,0.69949271564,contact_onset,,,ALL,,,,
,,,0.548274668305,,,,6.08415446281,,,,,,0.00298608702249,,0.399426365,phase,CONTROL_NOMINAL_SHUFFLED__FULL,12.6043082952,3840,0.500646792739,,,0.132552083333,0.2767578125,0.247595802026,0.6997131825,post_contact,,,ALL,,,,
,,,-0.0165591357112,,,,5.94508106709,,,,,,0.00298608702249,,0.00592336243852,pooled,CONTROL_NOMINAL_SHUFFLED__K64,12.6252943575,15360,0.507833835356,,,0.114322916667,0.202563476563,0.212199181997,0.502961681219,ALL,,,ALL,,,,
,,,-0.0170053312632,,,,5.96534996033,,,,,,0.00298608702249,,0.00470020551782,task,CONTROL_NOMINAL_SHUFFLED__K64,12.6277640343,3840,0.489075204668,,,0.109895833333,0.198990885417,0.231448311241,0.502350102759,ALL,,,bowl_on_plate,,,,
,,,0.00667386935501,,,,5.76890895367,,,,,,0.00298608702249,,0.0275631799371,task,CONTROL_NOMINAL_SHUFFLED__K64,12.5694587708,3840,0.489726502818,,,0.11640625,0.2041015625,0.199956892479,0.513781589969,ALL,,,plate_push,,,,
,,,-0.0249280203568,,,,6.01114199162,,,,,,0.00298608702249,,-0.00273374209549,task,CONTROL_NOMINAL_SHUFFLED__K64,12.6173015118,3840,0.523202791687,,,0.109895833333,0.209440104167,0.179518128129,0.498633128952,ALL,,,stove_turn_on,,,,
,,,-0.0309770605799,,,,6.03492336273,,,,,,0.00298608702249,,-0.00583619360538,task,CONTROL_NOMINAL_SHUFFLED__K64,12.6866531134,3840,0.52933084225,,,0.12109375,0.197721354167,0.23787339614,0.497081903197,ALL,,,wine_rack,,,,
,,,-0.0404746857397,,,,5.82010778189,,,,,,0.00298608702249,,0.0169969297804,phase,CONTROL_NOMINAL_SHUFFLED__K64,12.6510795355,3840,0.867991384066,,,0.185416666667,0.276041666667,0.00940311671848,0.50849846489,free_space,,,ALL,,,,
,,,-0.02256372772,,,,5.81646220684,,,,,,0.00298608702249,,-0.00881726580136,phase,CONTROL_NOMINAL_SHUFFLED__K64,12.6350598574,3840,0.376334877685,,,0.0890625,0.170963541667,0.298119306809,0.495591367099,pre_contact,,,ALL,,,,
,,,-0.0118387916633,,,,6.0595998168,,,,,,0.00298608702249,,0.00144254161972,phase,CONTROL_NOMINAL_SHUFFLED__K64,12.6107297421,3840,0.392605985045,,,0.0859375,0.17568359375,0.260600231312,0.50072127081,contact_onset,,,ALL,,,,
,,,0.00864066227818,,,,6.08415446281,,,,,,0.00298608702249,,0.0140712441553,phase,CONTROL_NOMINAL_SHUFFLED__K64,12.6043082952,3840,0.394403094627,,,0.096875,0.187565104167,0.280674073149,0.507035622078,post_contact,,,ALL,,,,
,,,0.637824920702,,,,5.8853140831,,,,,,0.00547811772928,,0.490618860007,pooled,CONTROL_NO_REVERSAL_LOSS__FULL,12.5922250092,15360,0.609125230665,,,0.207552083333,0.365657552083,0.188443395855,0.745309430003,ALL,,,ALL,,,,
,,,0.606864161924,,,,5.88331359625,,,,,,0.00547811772928,,0.46592302034,task,CONTROL_NO_REVERSAL_LOSS__FULL,12.6089118242,3840,0.586659290352,,,0.1984375,0.353450520833,0.207571570605,0.73296151017,ALL,,,bowl_on_plate,,,,
,,,0.686796746455,,,,5.7432104826,,,,,,0.00547811772928,,0.540942302146,task,CONTROL_NO_REVERSAL_LOSS__FULL,12.5512145519,3840,0.585478530038,,,0.20859375,0.366341145833,0.177601124404,0.770471151073,ALL,,,plate_push,,,,
,,,0.644149340336,,,,5.89443506002,,,,,,0.00547811772928,,0.484760518588,task,CONTROL_NO_REVERSAL_LOSS__FULL,12.6110015154,3840,0.638106412787,,,0.200520833333,0.363444010417,0.14494957562,0.742380259294,ALL,,,stove_turn_on,,,,
,,,0.613489434092,,,,6.02029719353,,,,,,0.00547811772928,,0.470849598953,task,CONTROL_NO_REVERSAL_LOSS__FULL,12.5977721453,3840,0.626256689484,,,0.22265625,0.37939453125,0.22365131279,0.735424799476,ALL,,,wine_rack,,,,
,,,0.929927205684,,,,5.64453479052,,,,,,0.00547811772928,,0.778128098652,phase,CONTROL_NO_REVERSAL_LOSS__FULL,12.6816055059,3840,0.975189716059,,,0.44296875,0.668912760417,0.00337589910375,0.889064049326,free_space,,,ALL,,,,
,,,0.525057874628,,,,5.72025232315,,,,,,0.00547811772928,,0.383797751138,phase,CONTROL_NO_REVERSAL_LOSS__FULL,12.5961075544,3840,0.476227214734,,,0.129166666667,0.258268229167,0.267671238246,0.691898875569,pre_contact,,,ALL,,,,
,,,0.536630308748,,,,6.0695055604,,,,,,0.00547811772928,,0.392117462685,phase,CONTROL_NO_REVERSAL_LOSS__FULL,12.5556558847,3840,0.484035857385,,,0.129947916667,0.261100260417,0.236854059737,0.696058731343,contact_onset,,,ALL,,,,
,,,0.559684293748,,,,6.10696365833,,,,,,0.00547811772928,,0.408432127551,phase,CONTROL_NO_REVERSAL_LOSS__FULL,12.5355310917,3840,0.501048134483,,,0.128125,0.274348958333,0.245872386332,0.704216063776,post_contact,,,ALL,,,,
,,,-0.0185495910975,,,,5.8853140831,,,,,,0.00547811772928,,0.0046146722516,pooled,CONTROL_NO_REVERSAL_LOSS__K64,12.5922250092,15360,0.505634982161,,,0.112760416667,0.204207356771,0.213836617129,0.502307336126,ALL,,,ALL,,,,
,,,-0.0159366148073,,,,5.88331359625,,,,,,0.00547811772928,,0.00539215801196,task,CONTROL_NO_REVERSAL_LOSS__K64,12.6089118242,3840,0.490738331795,,,0.1109375,0.20087890625,0.229472816225,0.502696079006,ALL,,,bowl_on_plate,,,,
,,,0.00626078632974,,,,5.7432104826,,,,,,0.00547811772928,,0.0281308781078,task,CONTROL_NO_REVERSAL_LOSS__K64,12.5512145519,3840,0.487416010411,,,0.115625,0.2076171875,0.203360165742,0.514065439054,ALL,,,plate_push,,,,
,,,-0.0258656692472,,,,5.89443506002,,,,,,0.00547811772928,,-0.00369523096431,task,CONTROL_NO_REVERSAL_LOSS__K64,12.6110015154,3840,0.519622978552,,,0.104947916667,0.209440104167,0.178843850746,0.498152384518,ALL,,,stove_turn_on,,,,
,,,-0.0386568666653,,,,6.02029719353,,,,,,0.00547811772928,,-0.0113691161491,task,CONTROL_NO_REVERSAL_LOSS__K64,12.5977721453,3840,0.524762607886,,,0.11953125,0.198893229167,0.243669635801,0.494315441925,ALL,,,wine_rack,,,,
,,,-0.0378858475397,,,,5.64453479052,,,,,,0.00547811772928,,0.0200008732235,phase,CONTROL_NO_REVERSAL_LOSS__K64,12.6816055059,3840,0.870902754058,,,0.19609375,0.285286458333,0.00877769900565,0.510000436612,free_space,,,ALL,,,,
,,,-0.0269665005998,,,,5.72025232315,,,,,,0.00547811772928,,-0.0111767718565,phase,CONTROL_NO_REVERSAL_LOSS__K64,12.5961075544,3840,0.376231696442,,,0.0828125,0.174283854167,0.297218284625,0.494411614072,pre_contact,,,ALL,,,,
,,,-0.0186036734084,,,,6.0695055604,,,,,,0.00547811772928,,-0.00502969808307,phase,CONTROL_NO_REVERSAL_LOSS__K64,12.5556558847,3840,0.383058741753,,,0.08359375,0.1689453125,0.262281335308,0.497485150958,contact_onset,,,ALL,,,,
,,,0.00925765715789,,,,6.10696365833,,,,,,0.00547811772928,,0.0146642857224,phase,CONTROL_NO_REVERSAL_LOSS__K64,12.5355310917,3840,0.392346736391,,,0.0885416666667,0.188313802083,0.287069149576,0.507332142861,post_contact,,,ALL,,,,
,,,0.654543692131,,,,2.2012174353,,,,,,0.00638403543892,,0.507891498503,pooled,CONTROL_PHASE_ONLY__FULL,4.69091944396,15360,0.617484808318,,,0.218359375,0.376765950521,0.184538525359,0.753945749251,ALL,,,ALL,,,,
,,,0.607596167504,,,,1.57308793068,,,,,,0.00638403543892,,0.468077298596,task,CONTROL_PHASE_ONLY__FULL,2.89156663418,3840,0.589210384414,,,0.214322916667,0.35830078125,0.204366293659,0.734038649298,ALL,,,bowl_on_plate,,,,
,,,0.703000088385,,,,2.03604796529,,,,,,0.00638403543892,,0.554288592604,task,CONTROL_PHASE_ONLY__FULL,4.26284748316,3840,0.591492313474,,,0.20859375,0.37216796875,0.178063270773,0.777144296302,ALL,,,plate_push,,,,
,,,0.678111009023,,,,3.39975088835,,,,,,0.00638403543892,,0.521589001656,task,CONTROL_PHASE_ONLY__FULL,7.99768078327,3840,0.658042210668,,,0.222916666667,0.38974609375,0.132064252952,0.760794500828,ALL,,,stove_turn_on,,,,
,,,0.629467503613,,,,1.79598295689,,,,,,0.00638403543892,,0.487611101156,task,CONTROL_PHASE_ONLY__FULL,3.61158287525,3840,0.631194324719,,,0.227604166667,0.386848958333,0.223660284053,0.743805550578,ALL,,,wine_rack,,,,
,,,0.944990531035,,,,2.67460942268,,,,,,0.00638403543892,,0.803122462827,phase,CONTROL_PHASE_ONLY__FULL,5.07259440422,3840,0.977328454541,,,0.470572916667,0.683333333333,0.00300540598312,0.901561231414,free_space,,,ALL,,,,
,,,0.535438473197,,,,1.94745323062,,,,,,0.00638403543892,,0.39178195451,phase,CONTROL_PHASE_ONLY__FULL,4.25968468189,3840,0.482515020246,,,0.13046875,0.264811197917,0.262964450993,0.695890977255,pre_contact,,,ALL,,,,
,,,0.55957607898,,,,1.82574763894,,,,,,0.00638403543892,,0.411879999373,phase,CONTROL_PHASE_ONLY__FULL,4.17294031382,3840,0.49466376222,,,0.134635416667,0.27119140625,0.232684804635,0.705939999687,contact_onset,,,ALL,,,,
,,,0.578169685313,,,,2.35705944896,,,,,,0.00638403543892,,0.424781577301,phase,CONTROL_PHASE_ONLY__FULL,5.25845837593,3840,0.515431996267,,,0.137760416667,0.287727864583,0.239499439825,0.71239078865,post_contact,,,ALL,,,,
,,,-0.0139493829173,,,,2.2012174353,,,,,,0.00638403543892,,0.00956783646313,pooled,CONTROL_PHASE_ONLY__K64,4.69091944396,15360,0.513592388842,,,0.121614583333,0.211775716146,0.2127199172,0.504783918232,ALL,,,ALL,,,,
,,,-0.0167872752348,,,,1.57308793068,,,,,,0.00638403543892,,0.00547758085393,task,CONTROL_PHASE_ONLY__K64,2.89156663418,3840,0.492399367114,,,0.115885416667,0.20458984375,0.225335185162,0.502738790427,ALL,,,bowl_on_plate,,,,
,,,0.00278057260316,,,,2.03604796529,,,,,,0.00638403543892,,0.0256913063042,task,CONTROL_PHASE_ONLY__K64,4.26284748316,3840,0.494808762312,,,0.119791666667,0.217220052083,0.205361264937,0.512845653152,ALL,,,plate_push,,,,
,,,-0.0153271929206,,,,3.39975088835,,,,,,0.00638403543892,,0.00833155495921,task,CONTROL_PHASE_ONLY__K64,7.99768078327,3840,0.533356415957,,,0.115885416667,0.214290364583,0.171249815289,0.50416577748,ALL,,,stove_turn_on,,,,
,,,-0.0264636361171,,,,1.79598295689,,,,,,0.00638403543892,,-0.00122909626483,task,CONTROL_PHASE_ONLY__K64,3.61158287525,3840,0.533805009982,,,0.134895833333,0.211002604167,0.248933403411,0.499385451868,ALL,,,wine_rack,,,,
,,,-0.0241978680841,,,,2.67460942268,,,,,,0.00638403543892,,0.0335194530689,phase,CONTROL_PHASE_ONLY__K64,5.07259440422,3840,0.877643449744,,,0.218489583333,0.297265625,0.00786541586691,0.516759726534,free_space,,,ALL,,,,
,,,-0.0338368267153,,,,1.94745323062,,,,,,0.00638403543892,,-0.0157637327005,phase,CONTROL_PHASE_ONLY__K64,4.25968468189,3840,0.377619248611,,,0.0872395833333,0.173111979167,0.290607221693,0.49211813365,pre_contact,,,ALL,,,,
,,,-0.0113485495022,,,,1.82574763894,,,,,,0.00638403543892,,0.00202043807734,phase,CONTROL_PHASE_ONLY__K64,4.17294031382,3840,0.390600104394,,,0.0893229166667,0.177604166667,0.281263559876,0.501010219039,contact_onset,,,ALL,,,,
,,,0.0135857126322,,,,2.35705944896,,,,,,0.00638403543892,,0.0184951874068,phase,CONTROL_PHASE_ONLY__K64,5.25845837593,3840,0.408506752617,,,0.09140625,0.19912109375,0.271143471363,0.509247593703,post_contact,,,ALL,,,,
0.0141130738973,128,0.290008475731,,0,29.471736115,0.960286458333,,0.781457489043,0.259918572205,0.128833616792,0.0761035719047,0.203729128712,0.0033392207696,,,pooled,CONTROL_ACTION_ONLY__FULL,,15360,,0.230247938398,0.128833616792,,,,,ALL,,,ALL,0.00543072344525,0.203729128712,44,128
0.0141159978246,128,0.308522752578,,0,29.4673854353,0.977083333333,,0.909025308673,0.0662975245395,0.190667581125,0.109759391384,0.26686395717,0.0033392207696,,,task,CONTROL_ACTION_ONLY__FULL,,3840,,0.230213948713,0.190667581125,,,,,ALL,,,bowl_on_plate,0.00414113118066,0.26686395717,42,128
0.0141159132877,128,0.279246759041,,0,28.9612283363,0.987760416667,,1.12096564672,0.0905214561958,0.0739530787981,0.00267492881336,0.108118684674,0.0033392207696,,,task,CONTROL_ACTION_ONLY__FULL,,3840,,0.226259596377,0.0739530787981,,,,,ALL,,,plate_push,0.000243677025649,0.108118684674,41,128
0.0141209408361,128,0.274594185971,,0,29.5520054202,0.9328125,,0.335857101668,0.785201797459,0,0.114390501609,0.137521529122,0.0033392207696,,,task,CONTROL_ACTION_ONLY__FULL,,3840,,0.230875042345,0,,,,,ALL,,,stove_turn_on,0.00213530745833,0.137521529122,42,128
0.0140994436406,128,0.297670205334,,0,29.9063252681,0.943489583333,,0.759981899104,0.0976535106249,0.250713807246,0.0775894658122,0.302412343883,0.0033392207696,,,task,CONTROL_ACTION_ONLY__FULL,,3840,,0.233643166157,0.250713807246,,,,,ALL,,,wine_rack,0.0152027781164,0.302412343883,44,128
0.0141113644577,128,0.0367745385881,,0,29.5327844935,1,,0,4.62335062299e-07,3.36423939723e-30,1.42438568804e-31,0.183872230606,0.0033392207696,,,phase,CONTROL_ACTION_ONLY__FULL,,3840,,0.230724878856,3.36423939723e-30,,,,,free_space,,,ALL,5.3487307176e-19,0.183872230606,42,128
0.0141178726458,128,0.366069532926,,0,29.5026717969,0.89140625,,1.15994834025,0.205902538028,0.149393474674,0.0555321679357,0.259571143741,0.0033392207696,,,phase,CONTROL_ACTION_ONLY__FULL,,3840,,0.230489623413,0.149393474674,,,,,pre_contact,,,ALL,0.000635716923624,0.259571143741,42,128
0.014111609039,128,0.363702534536,,0,29.5911219757,0.953385416667,,1.07922274338,0.32471923018,0.179943783191,0.0487975818954,0.185829334032,0.0033392207696,,,phase,CONTROL_ACTION_ONLY__FULL,,3840,,0.231180640435,0.179943783191,,,,,contact_onset,,,ALL,0.00138302268738,0.185829334032,43,128
0.0141114494466,128,0.393487296875,,0,29.2603661937,0.996354166667,,0.886658872537,0.509052058275,0.185997209304,0.200084537788,0.185643806471,0.0033392207696,,,phase,CONTROL_ACTION_ONLY__FULL,,3840,,0.228596610888,0.185997209304,,,,,post_contact,,,ALL,0.01970415417,0.185643806471,43,128
0.0159921204479,64,0.320506489927,,0,11.5734699317,0.959440104167,,0.82068618809,0.295075220895,0.155454726835,0.0776359560341,0.253680357778,0.0033392207696,,,pooled,CONTROL_ACTION_ONLY__K64,,15360,,0.180835467683,0.155454726835,,,,,ALL,,,ALL,0.0048311923806,0.253680357778,66,128
0.015966589647,64,0.336677606112,,0,11.9017189525,0.9765625,,0.960959334089,0.0831719160567,0.216117013762,0.10355424232,0.319585524331,0.0033392207696,,,task,CONTROL_ACTION_ONLY__K64,,3840,,0.185964358632,0.216117013762,,,,,ALL,,,bowl_on_plate,0.00389489832869,0.319585524331,61,128
0.0158640790864,64,0.303576082704,,0,11.3932011291,0.987760416667,,1.1554279897,0.123944585936,0.0965740426896,0.00290706495057,0.139026730239,0.0033392207696,,,task,CONTROL_ACTION_ONLY__K64,,3840,,0.178018767642,0.0965740426896,,,,,ALL,,,plate_push,0.000286221208111,0.139026730239,54,128
0.0158856072596,64,0.309544817865,,0,11.6730033651,0.927864583333,,0.363792426543,0.865004116406,0,0.139508439042,0.179419107336,0.0033392207696,,,task,CONTROL_ACTION_ONLY__K64,,3840,,0.182390677579,0,,,,,ALL,,,stove_turn_on,0.00256244708567,0.179419107336,58,128
0.0162522057985,64,0.332227453025,,0,11.3259562803,0.945572916667,,0.802565002026,0.10818026518,0.309127850889,0.064574077824,0.376690069208,0.0033392207696,,,task,CONTROL_ACTION_ONLY__K64,,3840,,0.176968066879,0.309127850889,,,,,ALL,,,wine_rack,0.0125812028999,0.376690069208,58,128
0.0160228928011,64,0.050343201182,,0,11.5817633095,1,,0,6.3072920597e-07,2.99674623953e-30,1.40432391778e-31,0.251715375181,0.0033392207696,,,phase,CONTROL_ACTION_ONLY__K64,,3840,,0.180965051711,2.99674623953e-30,,,,,free_space,,,ALL,5.20417042793e-19,0.251715375181,62,128
0.0160939431665,64,0.414156580433,,0,11.5243957886,0.901302083333,,1.23217333244,0.247100513755,0.192050163323,0.0642813410733,0.335177551574,0.0033392207696,,,phase,CONTROL_ACTION_ONLY__K64,,3840,,0.180068684197,0.192050163323,,,,,pre_contact,,,ALL,0.000708363778962,0.335177551574,58,128
0.016041876024,64,0.388896665363,,0,11.4532496884,0.93984375,,1.13012264961,0.333186422222,0.212757230953,0.0559504351939,0.212466588831,0.0033392207696,,,phase,CONTROL_ACTION_ONLY__K64,,3840,,0.178957026382,0.212757230953,,,,,contact_onset,,,ALL,0.00162038374273,0.212466588831,58,128
0.0158097697997,64,0.428629512729,,0,11.7344709403,0.996614583333,,0.920448770312,0.600013316873,0.217011513064,0.190312047869,0.215361915527,0.0033392207696,,,phase,CONTROL_ACTION_ONLY__K64,,3840,,0.183351108443,0.217011513064,,,,,post_contact,,,ALL,0.0169960220007,0.215361915527,50,128
0.0174922772004,128,0.225933168539,,0,32.9643647131,0.959114583333,,0.663730988432,0.160499509912,0.1007559663,0.0654913461062,0.139188031946,0.00564240101792,,,pooled,CONTROL_CONSEQUENCE_LABEL_SHUFFLED__FULL,,15360,,0.257534099321,0.1007559663,,,,,ALL,,,ALL,0.00533611547019,0.139188031946,73,128
0.0175446384132,128,0.245143892651,,0,32.477296696,0.978385416667,,0.781252159779,0.0401464810548,0.131866380794,0.104628228413,0.167826213214,0.00564240101792,,,task,CONTROL_CONSEQUENCE_LABEL_SHUFFLED__FULL,,3840,,0.253728880438,0.131866380794,,,,,ALL,,,bowl_on_plate,0.00387476736225,0.167826213214,62,128
0.0174384598204,128,0.208239077628,,0,32.6795356244,0.9828125,,0.873947034991,0.0579386626342,0.0448267955774,0.00207648383082,0.0624064111073,0.00564240101792,,,task,CONTROL_CONSEQUENCE_LABEL_SHUFFLED__FULL,,3840,,0.255308872066,0.0448267955774,,,,,ALL,,,plate_push,0.000209598263065,0.0624064111073,62,128
0.0173708414787,128,0.172281388,,0,33.8496205834,0.939322916667,,0.26029254568,0.459806676714,0,0.0769520284656,0.0643556891423,0.00564240101792,,,task,CONTROL_CONSEQUENCE_LABEL_SHUFFLED__FULL,,3840,,0.264450160808,0,,,,,ALL,,,stove_turn_on,0.00140112087394,0.0643556891423,67,128
0.0176151690894,128,0.278068315877,,0,32.8510059487,0.9359375,,0.739432213276,0.0841062192453,0.226330688828,0.0783086437155,0.26216381432,0.00564240101792,,,task,CONTROL_CONSEQUENCE_LABEL_SHUFFLED__FULL,,3840,,0.256648483974,0.226330688828,,,,,ALL,,,wine_rack,0.0158589753815,0.26216381432,67,128
0.0177235038154,128,0.016242915952,,0,33.4041303928,1,,0,7.16939192217e-07,3.70896209756e-30,1.64506516083e-31,0.0812138628209,0.00564240101792,,,phase,CONTROL_CONSEQUENCE_LABEL_SHUFFLED__FULL,,3840,,0.260969768693,3.70896209756e-30,,,,,free_space,,,ALL,6.07153216592e-19,0.0812138628209,62,128
0.0175804741126,128,0.324643723162,,0,32.309957783,0.883854166667,,1.04854864192,0.152453151491,0.155285274875,0.046542673197,0.220388874332,0.00564240101792,,,phase,CONTROL_CONSEQUENCE_LABEL_SHUFFLED__FULL,,3840,,0.25242154518,0.155285274875,,,,,pre_contact,,,ALL,0.000480241055525,0.220388874332,62,128
0.0174037941602,128,0.274633909272,,0,32.6684814789,0.957291666667,,0.877057046272,0.235335321804,0.112361873582,0.0292714777295,0.119143826971,0.00564240101792,,,phase,CONTROL_CONSEQUENCE_LABEL_SHUFFLED__FULL,,3840,,0.255222511554,0.112361873582,,,,,contact_onset,,,ALL,0.00098708106958,0.119143826971,67,128
0.0172613367135,128,0.28821212577,,0,33.4748891978,0.9953125,,0.729318265538,0.254208849414,0.135376716742,0.186151233498,0.13600556366,0.00564240101792,,,phase,CONTROL_CONSEQUENCE_LABEL_SHUFFLED__FULL,,3840,,0.261522571858,0.135376716742,,,,,post_contact,,,ALL,0.0198771397557,0.13600556366,68,128
0.0190014846763,64,0.251910451795,,0,16.9954068593,0.959244791667,,0.712434085788,0.195706673466,0.117526689319,0.0663653247154,0.167519485688,0.00564240101792,,,pooled,CONTROL_CONSEQUENCE_LABEL_SHUFFLED__K64,,15360,,0.265553232176,0.117526689319,,,,,ALL,,,ALL,0.00513058954826,0.167519485688,95,128
0.0188479179904,64,0.275987215324,,0,16.8771087368,0.976302083333,,0.848889802734,0.0552099881175,0.16172151859,0.100747893136,0.213366874042,0.00564240101792,,,task,CONTROL_CONSEQUENCE_LABEL_SHUFFLED__K64,,3840,,0.263704824013,0.16172151859,,,,,ALL,,,bowl_on_plate,0.00372722235353,0.213366874042,73,128
0.0189570844285,64,0.235680695054,,0,16.9290932887,0.98359375,,0.973345778861,0.0735971602433,0.0546902378731,0.00229983127787,0.0744704670136,0.00564240101792,,,task,CONTROL_CONSEQUENCE_LABEL_SHUFFLED__K64,,3840,,0.264517082636,0.0546902378731,,,,,ALL,,,plate_push,0.000215229369062,0.0744704670136,76,128
0.0191657733527,64,0.204650324517,,0,17.0092380405,0.938541666667,,0.293066326611,0.56019326269,0,0.0860426617068,0.0839493715779,0.00564240101792,,,task,CONTROL_CONSEQUENCE_LABEL_SHUFFLED__K64,,3840,,0.265769344383,0,,,,,ALL,,,stove_turn_on,0.00172059135343,0.0839493715779,78,128
0.0190351629336,64,0.291323572287,,0,17.1661873711,0.938541666667,,0.734434434947,0.0938262828149,0.253695000812,0.0763709127414,0.298291230119,0.00564240101792,,,task,CONTROL_CONSEQUENCE_LABEL_SHUFFLED__K64,,3840,,0.268221677673,0.253695000812,,,,,ALL,,,wine_rack,0.014859315117,0.298291230119,88,128
0.0188157482802,64,0.021817080586,,0,17.1898826654,1,,0,8.69924757371e-07,2.55049744377e-30,1.44444745829e-31,0.109084533005,0.00564240101792,,,phase,CONTROL_CONSEQUENCE_LABEL_SHUFFLED__K64,,3840,,0.268591916648,2.55049744377e-30,,,,,free_space,,,ALL,5.49329100726e-19,0.109084533005,77,128
0.0190075484645,64,0.350941160424,,0,17.2805844682,0.880729166667,,1.10446834674,0.182237287914,0.170524973342,0.0462696138108,0.251205580312,0.00564240101792,,,phase,CONTROL_CONSEQUENCE_LABEL_SHUFFLED__K64,,3840,,0.270009132316,0.170524973342,,,,,pre_contact,,,ALL,0.000543210998158,0.251205580312,74,128
0.0190891634361,64,0.303129315243,,0,17.0728902185,0.959375,,0.927028296887,0.277898360016,0.133148102195,0.0371736077833,0.140398209335,0.00564240101792,,,phase,CONTROL_CONSEQUENCE_LABEL_SHUFFLED__K64,,3840,,0.266763909664,0.133148102195,,,,,contact_onset,,,ALL,0.00120510382317,0.140398209335,79,128
0.0190934785243,64,0.331754250928,,0,16.4382700849,0.996875,,0.818239699524,0.322690176011,0.166433681739,0.182018077267,0.1693896201,0.00564240101792,,,phase,CONTROL_CONSEQUENCE_LABEL_SHUFFLED__K64,,3840,,0.256847970077,0.166433681739,,,,,post_contact,,,ALL,0.0187740433717,0.1693896201,85,128
0.0175235945183,128,0.225665506793,,0,33.4521709507,0.958268229167,,0.66744074274,0.155473845596,0.101824970117,0.0636655290325,0.139922446481,0.00295104826414,,,pooled,CONTROL_CONTEXT_SHUFFLED__FULL,,15360,,0.261345085552,0.101824970117,,,,,ALL,,,ALL,0.00496493418697,0.139922446481,77,128
0.0175992726485,128,0.253437175051,,0,33.5171865417,0.978125,,0.794726600735,0.0442430304498,0.1446735125,0.104666465068,0.178876266501,0.00295104826414,,,task,CONTROL_CONTEXT_SHUFFLED__FULL,,3840,,0.261853019857,0.1446735125,,,,,ALL,,,bowl_on_plate,0.00390795344459,0.178876266501,67,128
0.0174824470151,128,0.209232629147,,0,32.809057834,0.982552083333,,0.877999390642,0.0572821532987,0.0463737781144,0.00224323362228,0.0622645900583,0.00295104826414,,,task,CONTROL_CONTEXT_SHUFFLED__FULL,,3840,,0.256320764328,0.0463737781144,,,,,ALL,,,plate_push,0.000212294872804,0.0622645900583,62,128
0.0174362063741,128,0.168485342365,,0,33.5376132232,0.938020833333,,0.26356651833,0.437548968504,0,0.0758728932673,0.0654383317241,0.00295104826414,,,task,CONTROL_CONTEXT_SHUFFLED__FULL,,3840,,0.262012603306,0,,,,,ALL,,,stove_turn_on,0.0013400677549,0.0654383317241,64,128
0.0175764520355,128,0.27150688061,,0,33.9448262038,0.934375,,0.733470461254,0.0828212301299,0.216252589853,0.0718795241724,0.253110597641,0.00295104826414,,,task,CONTROL_CONTEXT_SHUFFLED__FULL,,3840,,0.265193954717,0.216252589853,,,,,ALL,,,wine_rack,0.0143994206756,0.253110597641,72,128
0.0177147759672,128,0.0161077529432,,0,33.4182670758,1,,0,7.02695570479e-07,3.79404820261e-30,1.72531224185e-31,0.0805380620204,0.00295104826414,,,phase,CONTROL_CONTEXT_SHUFFLED__FULL,,3840,,0.26108021153,3.79404820261e-30,,,,,free_space,,,ALL,6.36065274525e-19,0.0805380620204,61,128
0.0175941602579,128,0.320557121587,,0,32.4440665727,0.881510416667,,1.0393443464,0.151765470493,0.149697810826,0.0466141117129,0.215363868507,0.00295104826414,,,phase,CONTROL_CONTEXT_SHUFFLED__FULL,,3840,,0.253469270099,0.149697810826,,,,,pre_contact,,,ALL,0.000455204438873,0.215363868507,63,128
0.0174478571611,128,0.272723974863,,0,34.0898334018,0.955989583333,,0.881406889073,0.224319686041,0.112391031747,0.0280564577529,0.117445809699,0.00295104826414,,,phase,CONTROL_CONTEXT_SHUFFLED__FULL,,3840,,0.266326823451,0.112391031747,,,,,contact_onset,,,ALL,0.000955531163577,0.117445809699,65,128
0.0173375846871,128,0.29327317778,,0,33.8565167524,0.995572916667,,0.749011735492,0.245809523152,0.145211037894,0.179991546664,0.146342045698,0.00295104826414,,,phase,CONTROL_CONTEXT_SHUFFLED__FULL,,3840,,0.264504037128,0.145211037894,,,,,post_contact,,,ALL,0.0184490011454,0.146342045698,71,128
0.018829886361,64,0.247638778014,,0,16.7286682554,0.957356770833,,0.716613455792,0.185641195309,0.112198340497,0.0640655151391,0.159675383334,0.00295104826414,,,pooled,CONTROL_CONTEXT_SHUFFLED__K64,,15360,,0.261385441491,0.112198340497,,,,,ALL,,,ALL,0.00488933608842,0.159675383334,93,128
0.0187675476242,64,0.268685230629,,0,16.764710786,0.978645833333,,0.858787448777,0.0462751008723,0.153766627588,0.0880235962439,0.196573379662,0.00295104826414,,,task,CONTROL_CONTEXT_SHUFFLED__K64,,3840,,0.261948606031,0.153766627588,,,,,ALL,,,bowl_on_plate,0.00333415823787,0.196573379662,82,128
0.0187471261775,64,0.232240088168,,0,16.3083370728,0.978645833333,,0.967312527873,0.0647390579212,0.0551830000778,0.00248909359785,0.0714767613714,0.00295104826414,,,task,CONTROL_CONTEXT_SHUFFLED__K64,,3840,,0.254817766763,0.0551830000778,,,,,ALL,,,plate_push,0.000224893422321,0.0714767613714,79,128
0.0188461657892,64,0.20208787749,,0,17.0036445976,0.934375,,0.290953712744,0.543219552548,0,0.0924282181187,0.0838379040395,0.00295104826414,,,task,CONTROL_CONTEXT_SHUFFLED__K64,,3840,,0.265681946838,0,,,,,ALL,,,stove_turn_on,0.00159067714759,0.0838379040395,77,128
0.0189587058533,64,0.28754191577,,0,16.8379805652,0.937760416667,,0.749400133773,0.0883310698949,0.239843734321,0.0733211525959,0.286813488265,0.00295104826414,,,task,CONTROL_CONTEXT_SHUFFLED__K64,,3840,,0.263093446331,0.239843734321,,,,,ALL,,,wine_rack,0.0144076155459,0.286813488265,81,128
0.0188204583261,64,0.0214785165166,,0,17.3810502396,1,,0,7.99478820755e-07,4.33125225651e-30,1.76543578235e-31,0.107391783104,0.00295104826414,,,phase,CONTROL_CONTEXT_SHUFFLED__K64,,3840,,0.271578909994,4.33125225651e-30,,,,,free_space,,,ALL,6.64977332458e-19,0.107391783104,74,128
0.0189171637335,64,0.355757346819,,0,16.880674664,0.877604166667,,1.12806610943,0.182551084801,0.168051688114,0.0547775235261,0.245340328219,0.00295104826414,,,phase,CONTROL_CONTEXT_SHUFFLED__K64,,3840,,0.263760541625,0.168051688114,,,,,pre_contact,,,ALL,0.000531924617443,0.245340328219,76,128
0.0189017289494,64,0.300874210262,,0,16.2244736784,0.955989583333,,0.940206174731,0.259960482585,0.13152259487,0.0346824822149,0.137999316911,0.00295104826414,,,phase,CONTROL_CONTEXT_SHUFFLED__K64,,3840,,0.253507401225,0.13152259487,,,,,contact_onset,,,ALL,0.00108023363048,0.137999316911,79,128
0.0186801944351,64,0.312445038459,,0,16.4284744396,0.995833333333,,0.798181539004,0.300052414371,0.149219079003,0.166802054815,0.147970105103,0.00295104826414,,,phase,CONTROL_CONTEXT_SHUFFLED__K64,,3840,,0.256694913119,0.149219079003,,,,,post_contact,,,ALL,0.0179451861058,0.147970105103,79,128
0.0174903435779,128,0.224758599402,,0,32.6820198029,0.958528645833,,0.667372793642,0.152769323634,0.101595011798,0.0631219116442,0.13893395629,0.00362133216135,,,pooled,CONTROL_CURRENT_CONTACT_ONLY__FULL,,15360,,0.25532827971,0.101595011798,,,,,ALL,,,ALL,0.00505941146508,0.13893395629,74,128
0.0175371500727,128,0.252062312759,,0,32.280073881,0.977864583333,,0.791331876634,0.0443780252308,0.142474612327,0.105363328795,0.176763720808,0.00362133216135,,,task,CONTROL_CURRENT_CONTACT_ONLY__FULL,,3840,,0.252188077195,0.142474612327,,,,,ALL,,,bowl_on_plate,0.00397562917112,0.176763720808,59,128
0.0174311787976,128,0.208675316851,,0,33.2898098696,0.983072916667,,0.881164058108,0.0554428359069,0.0447365804836,0.00217229451527,0.0598608152387,0.00362133216135,,,task,CONTROL_CURRENT_CONTACT_ONLY__FULL,,3840,,0.260076639607,0.0447365804836,,,,,ALL,,,plate_push,0.000207283833581,0.0598608152387,63,128
0.0174275699004,128,0.164848742802,,0,33.5952213926,0.937239583333,,0.260189833511,0.428853857141,0,0.0718094809563,0.0633905424029,0.00362133216135,,,task,CONTROL_CURRENT_CONTACT_ONLY__FULL,,3840,,0.26246266713,0,,,,,ALL,,,stove_turn_on,0.00131325023188,0.0633905424029,61,128
0.0175654755407,128,0.273448025195,,0,31.5629740682,0.9359375,,0.736805406316,0.0824025762582,0.219168854382,0.0731425423106,0.25572074671,0.00362133216135,,,task,CONTROL_CURRENT_CONTACT_ONLY__FULL,,3840,,0.246585734908,0.219168854382,,,,,ALL,,,wine_rack,0.0147414826238,0.25572074671,57,128
0.017655219154,128,0.0159674088609,,0,32.7848253424,1,,0,6.93920644542e-07,3.62108267668e-30,1.56481807981e-31,0.0798363503837,0.00362133216135,,,phase,CONTROL_CURRENT_CONTACT_ONLY__FULL,,3840,,0.256131447987,3.62108267668e-30,,,,,free_space,,,ALL,5.78241158659e-19,0.0798363503837,60,128
0.0174592929319,128,0.321902393084,,0,31.9837088989,0.883854166667,,1.04494558528,0.150175050291,0.153391778294,0.0433060352759,0.217693516277,0.00362133216135,,,phase,CONTROL_CURRENT_CONTACT_ONLY__FULL,,3840,,0.249872725772,0.153391778294,,,,,pre_contact,,,ALL,0.000452691709511,0.217693516277,61,128
0.0174404164823,128,0.275803754766,,0,32.2667730016,0.954947916667,,0.895166352601,0.224408363258,0.112037939466,0.0281160129017,0.119290105601,0.00362133216135,,,phase,CONTROL_CURRENT_CONTACT_ONLY__FULL,,3840,,0.252084164075,0.112037939466,,,,,contact_onset,,,ALL,0.000948043224194,0.119290105601,60,128
0.0174064457433,128,0.285360840897,,0,33.6927719686,0.9953125,,0.729379236687,0.236493187067,0.140950329432,0.181065598399,0.138915852898,0.00362133216135,,,phase,CONTROL_CURRENT_CONTACT_ONLY__FULL,,3840,,0.263224781005,0.140950329432,,,,,post_contact,,,ALL,0.0188369109266,0.138915852898,70,128
0.0187997113021,64,0.25087405759,,0,17.4803201091,0.957486979167,,0.720500876805,0.185135653765,0.11603382747,0.0670350963437,0.165664833564,0.00362133216135,,,pooled,CONTROL_CURRENT_CONTACT_ONLY__K64,,15360,,0.273130001704,0.11603382747,,,,,ALL,,,ALL,0.00469504276077,0.165664833564,95,128
0.0189319904848,64,0.274246282849,,0,17.607260253,0.974739583333,,0.850384905807,0.0503076483306,0.156120611659,0.109231360152,0.205186888297,0.00362133216135,,,task,CONTROL_CURRENT_CONTACT_ONLY__K64,,3840,,0.275113441454,0.156120611659,,,,,ALL,,,bowl_on_plate,0.00395854099247,0.205186888297,75,128
0.018570567754,64,0.24069613605,,0,17.8416709505,0.979947916667,,0.993753828036,0.0769421219764,0.0553247897306,0.00268084139613,0.0747790991135,0.00362133216135,,,task,CONTROL_CURRENT_CONTACT_ONLY__K64,,3840,,0.278776108601,0.0553247897306,,,,,ALL,,,plate_push,0.000231983921975,0.0747790991135,76,128
0.0189431481866,64,0.195649022956,,0,16.9273352954,0.941927083333,,0.283793946109,0.523502459187,0,0.0889105275601,0.0820381819246,0.00362133216135,,,task,CONTROL_CURRENT_CONTACT_ONLY__K64,,3840,,0.264489613991,0,,,,,ALL,,,stove_turn_on,0.00155714857104,0.0820381819246,76,128
0.0187531387832,64,0.292904788503,,0,17.5450139375,0.933333333333,,0.75407082727,0.0897903855649,0.25268990849,0.0673176562662,0.300655164922,0.00362133216135,,,task,CONTROL_CURRENT_CONTACT_ONLY__K64,,3840,,0.274140842773,0.25268990849,,,,,ALL,,,wine_rack,0.0130324975576,0.300655164922,72,128
0.0187769536989,64,0.021420185775,,0,17.0915736512,1,,0,9.67998884008e-07,3.62260385599e-30,1.34413860702e-31,0.107099960876,0.00362133216135,,,phase,CONTROL_CURRENT_CONTACT_ONLY__K64,,3840,,0.2670558383,3.62260385599e-30,,,,,free_space,,,ALL,5.05961013827e-19,0.107099960876,78,128
0.0188747411507,64,0.349701329652,,0,17.6894562699,0.874479166667,,1.112598412,0.167917710465,0.166352175578,0.0543893224402,0.247249027775,0.00362133216135,,,phase,CONTROL_CURRENT_CONTACT_ONLY__K64,,3840,,0.276397754218,0.166352175578,,,,,pre_contact,,,ALL,0.000485588296527,0.247249027775,72,128
0.0189964082514,64,0.309706090348,,0,17.5459280251,0.960416666667,,0.961146053556,0.274574985825,0.136275045358,0.0326578074687,0.143876559534,0.00362133216135,,,phase,CONTROL_CURRENT_CONTACT_ONLY__K64,,3840,,0.274155125393,0.136275045358,,,,,contact_onset,,,ALL,0.00111621206808,0.143876559534,77,128
0.0185507421076,64,0.322668624583,,0,17.5943224901,0.995052083333,,0.808259041665,0.29804895077,0.161508088943,0.181093255466,0.164433786073,0.00362133216135,,,phase,CONTROL_CURRENT_CONTACT_ONLY__K64,,3840,,0.274911288907,0.161508088943,,,,,post_contact,,,ALL,0.0171783706785,0.164433786073,82,128
0.0174554411219,128,0.228616176528,,0,33.2276744399,0.959309895833,,0.674550432336,0.16106283068,0.101584631619,0.0652297634575,0.140653224546,0.00332681905396,,,pooled,CONTROL_JOINT_STATE_NOMINAL_SHUFFLED__FULL,,15360,,0.259591206561,0.101584631619,,,,,ALL,,,ALL,0.00515349638446,0.140653224546,75,128
0.0174670927879,128,0.253487665624,,0,32.9902482819,0.979166666667,,0.798883256543,0.0432377886967,0.142727965008,0.105369247184,0.177220070688,0.00332681905396,,,task,CONTROL_JOINT_STATE_NOMINAL_SHUFFLED__FULL,,3840,,0.257736314702,0.142727965008,,,,,ALL,,,bowl_on_plate,0.00390536192557,0.177220070688,66,128
0.0173615886126,128,0.212484064891,,0,32.713795749,0.981770833333,,0.893380044057,0.0608427299982,0.0444930017671,0.00212566128377,0.061578887349,0.00332681905396,,,task,CONTROL_JOINT_STATE_NOMINAL_SHUFFLED__FULL,,3840,,0.255576529289,0.0444930017671,,,,,ALL,,,plate_push,0.00020010674301,0.061578887349,64,128
0.0173460206462,128,0.173311410544,,0,33.8907333995,0.940364583333,,0.264671562397,0.456519068862,0,0.0786232570551,0.0667431644039,0.00332681905396,,,task,CONTROL_JOINT_STATE_NOMINAL_SHUFFLED__FULL,,3840,,0.264771354684,0,,,,,ALL,,,stove_turn_on,0.00138414161355,0.0667431644039,70,128
0.0176470624407,128,0.275181565052,,0,33.3159203291,0.9359375,,0.741266866348,0.0836517351634,0.219117559699,0.074800888307,0.257070775744,0.00332681905396,,,task,CONTROL_JOINT_STATE_NOMINAL_SHUFFLED__FULL,,3840,,0.260280627571,0.219117559699,,,,,ALL,,,wine_rack,0.0151243752557,0.257070775744,69,128
0.0176299561368,128,0.0161746462444,,0,32.2005642418,1,,0,7.00887417452e-07,3.70720595361e-30,1.64506516083e-31,0.0808725303345,0.00332681905396,,,phase,CONTROL_JOINT_STATE_NOMINAL_SHUFFLED__FULL,,3840,,0.251566908139,3.70720595361e-30,,,,,free_space,,,ALL,6.07153216592e-19,0.0808725303345,59,128
0.0176288497378,128,0.324354684912,,0,32.634357821,0.882552083333,,1.04949151779,0.158403699705,0.149312578176,0.0480382459941,0.216527382895,0.00332681905396,,,phase,CONTROL_JOINT_STATE_NOMINAL_SHUFFLED__FULL,,3840,,0.254955920476,0.149312578176,,,,,pre_contact,,,ALL,0.000480412374298,0.216527382895,62,128
0.0173708832311,128,0.275905296013,,0,34.0800641964,0.959375,,0.888321458816,0.229181918584,0.112412714141,0.0297026347222,0.119907753801,0.00332681905396,,,phase,CONTROL_JOINT_STATE_NOMINAL_SHUFFLED__FULL,,3840,,0.266250501534,0.112412714141,,,,,contact_onset,,,ALL,0.000976892515417,0.119907753801,63,128
0.0171920753818,128,0.298030078941,,0,33.9957115003,0.9953125,,0.760388752737,0.256665003544,0.144613234157,0.183178173114,0.145305231154,0.00332681905396,,,phase,CONTROL_JOINT_STATE_NOMINAL_SHUFFLED__FULL,,3840,,0.265591496096,0.144613234157,,,,,post_contact,,,ALL,0.0191566806481,0.145305231154,71,128
0.0188935072641,64,0.248728042052,,0,17.1439136922,0.961328125,,0.717773629937,0.196042286531,0.10850966392,0.0645396480732,0.1567749818,0.00332681905396,,,pooled,CONTROL_JOINT_STATE_NOMINAL_SHUFFLED__K64,,15360,,0.267873651441,0.10850966392,,,,,ALL,,,ALL,0.00480517199695,0.1567749818,96,128
0.0189372552504,64,0.266987986199,,0,17.0603382441,0.975520833333,,0.863600571115,0.0439007855852,0.148120750726,0.0882972442964,0.191020579275,0.00332681905396,,,task,CONTROL_JOINT_STATE_NOMINAL_SHUFFLED__K64,,3840,,0.266567785063,0.148120750726,,,,,ALL,,,bowl_on_plate,0.00326867913068,0.191020579275,77,128
0.0186725474733,64,0.235484234548,,0,17.2839617303,0.987760416667,,0.982151671841,0.0679025226961,0.0526896403814,0.00209883008854,0.0725785077348,0.00332681905396,,,task,CONTROL_JOINT_STATE_NOMINAL_SHUFFLED__K64,,3840,,0.270061902036,0.0526896403814,,,,,ALL,,,plate_push,0.000208271425472,0.0725785077348,82,128
0.0189508038508,64,0.21445136668,,0,17.1180473207,0.93828125,,0.29696552812,0.593118698058,0,0.095814706455,0.0863579007663,0.00332681905396,,,task,CONTROL_JOINT_STATE_NOMINAL_SHUFFLED__K64,,3840,,0.267469489386,0,,,,,ALL,,,stove_turn_on,0.00181616461658,0.0863579007663,78,128
0.019013422482,64,0.277988580781,,0,17.1133074738,0.94375,,0.728376748672,0.079247139784,0.233228264571,0.0719478114528,0.277142939423,0.00332681905396,,,task,CONTROL_JOINT_STATE_NOMINAL_SHUFFLED__K64,,3840,,0.267395429278,0.233228264571,,,,,ALL,,,wine_rack,0.0139275728151,0.277142939423,88,128
0.0186299994094,64,0.022027181974,,0,16.9788092918,1,,0,9.19608255923e-07,2.55929082695e-30,1.44444745829e-31,0.110134990262,0.00332681905396,,,phase,CONTROL_JOINT_STATE_NOMINAL_SHUFFLED__K64,,3840,,0.265293895185,2.55929082695e-30,,,,,free_space,,,ALL,5.49329100726e-19,0.110134990262,78,128
0.0188215538257,64,0.342808474263,,0,16.7390238437,0.892447916667,,1.11521338186,0.172103402209,0.150163565789,0.0500802177212,0.226481803739,0.00332681905396,,,phase,CONTROL_JOINT_STATE_NOMINAL_SHUFFLED__K64,,3840,,0.261547247558,0.150163565789,,,,,pre_contact,,,ALL,0.000521120578687,0.226481803739,78,128
0.0192190992579,64,0.310815637947,,0,17.3691895286,0.955729166667,,0.951316180943,0.282221556783,0.136223185861,0.0417244090538,0.142592857097,0.00332681905396,,,phase,CONTROL_JOINT_STATE_NOMINAL_SHUFFLED__K64,,3840,,0.271393586384,0.136223185861,,,,,contact_onset,,,ALL,0.001280377322,0.142592857097,82,128
0.0189033765635,64,0.319260874024,,0,17.4886321047,0.997135416667,,0.804564956947,0.329843267523,0.147651904029,0.166353965518,0.147890276101,0.00332681905396,,,phase,CONTROL_JOINT_STATE_NOMINAL_SHUFFLED__K64,,3840,,0.273259876636,0.147651904029,,,,,post_contact,,,ALL,0.0174191900871,0.147890276101,80,128
0.0175375561916,128,0.225437577511,,0,33.2142427254,0.959244791667,,0.662095505682,0.163081522754,0.0994056819046,0.0646433294599,0.137961847754,0.00298608702249,,,pooled,CONTROL_NOMINAL_SHUFFLED__FULL,,15360,,0.259486271293,0.0994056819046,,,,,ALL,,,ALL,0.00520340850441,0.137961847754,74,128
0.0175700951541,128,0.249521822465,,0,32.9046031377,0.979427083333,,0.78528715681,0.0443498291553,0.140176116605,0.102472716031,0.175323293723,0.00298608702249,,,task,CONTROL_NOMINAL_SHUFFLED__FULL,,3840,,0.257067212013,0.140176116605,,,,,ALL,,,bowl_on_plate,0.00381362290104,0.175323293723,66,128
0.0174373826771,128,0.207229222431,,0,33.2735193756,0.982552083333,,0.873184500125,0.0559663503204,0.0439051308857,0.00232019683416,0.0607699339891,0.00298608702249,,,task,CONTROL_NOMINAL_SHUFFLED__FULL,,3840,,0.259949370122,0.0439051308857,,,,,ALL,,,plate_push,0.000211278389807,0.0607699339891,63,128
0.0175544375459,128,0.175031913663,,0,33.7603162727,0.93828125,,0.261286130538,0.471889630554,0,0.0773546545946,0.0646291526262,0.00298608702249,,,task,CONTROL_NOMINAL_SHUFFLED__FULL,,3840,,0.26375247088,0,,,,,ALL,,,stove_turn_on,0.00141461214132,0.0646291526262,67,128
0.0175883093893,128,0.269967351485,,0,32.9185321158,0.93671875,,0.728624235255,0.0801202809879,0.213541480127,0.0764257503795,0.251125010678,0.00298608702249,,,task,CONTROL_NOMINAL_SHUFFLED__FULL,,3840,,0.257176032155,0.213541480127,,,,,ALL,,,wine_rack,0.0153741205855,0.251125010678,66,128
0.0176471594797,128,0.0162332238368,,0,33.3912277685,1,,0,7.89898888626e-07,3.61922653806e-30,1.56481807981e-31,0.0811653292851,0.00298608702249,,,phase,CONTROL_NOMINAL_SHUFFLED__FULL,,3840,,0.260868966942,3.61922653806e-30,,,,,free_space,,,ALL,5.78241158659e-19,0.0811653292851,63,128
0.0175752066216,128,0.32152922979,,0,31.7565130401,0.88359375,,1.04684947315,0.153035755994,0.14679490274,0.0459878411817,0.21497817589,0.00298608702249,,,phase,CONTROL_NOMINAL_SHUFFLED__FULL,,3840,,0.248097758126,0.14679490274,,,,,pre_contact,,,ALL,0.000462008710961,0.21497817589,62,128
0.0174128439916,128,0.270965413302,,0,33.0954823157,0.957291666667,,0.87175800713,0.232218280618,0.107667223948,0.0295399385522,0.113643616263,0.00298608702249,,,phase,CONTROL_NOMINAL_SHUFFLED__FULL,,3840,,0.258558455591,0.107667223948,,,,,contact_onset,,,ALL,0.000981045595735,0.113643616263,64,128
0.0175150146736,128,0.293022443115,,0,34.6137477775,0.99609375,,0.729774542452,0.267071264506,0.14316060093,0.183045538106,0.142060269579,0.00298608702249,,,phase,CONTROL_NOMINAL_SHUFFLED__FULL,,3840,,0.270419904512,0.14316060093,,,,,post_contact,,,ALL,0.0193705797109,0.142060269579,68,128
0.0188610968588,64,0.250887227914,,0,16.8288439715,0.959114583333,,0.712481849386,0.196049334773,0.112266275033,0.0708982064615,0.162740473918,0.00298608702249,,,pooled,CONTROL_NOMINAL_SHUFFLED__K64,,15360,,0.262950687054,0.112266275033,,,,,ALL,,,ALL,0.00503683066987,0.162740473918,99,128
0.0188576916091,64,0.275969323378,,0,16.7765532392,0.97109375,,0.858781776197,0.0486347759976,0.158679497554,0.1093160535,0.20443451364,0.00298608702249,,,task,CONTROL_NOMINAL_SHUFFLED__K64,,3840,,0.262133644362,0.158679497554,,,,,ALL,,,bowl_on_plate,0.00426687021944,0.20443451364,79,128
0.018690541353,64,0.22950602066,,0,17.2290136206,0.98359375,,0.958815391765,0.066906350367,0.0492985982952,0.00307548374223,0.0694342791284,0.00298608702249,,,task,CONTROL_NOMINAL_SHUFFLED__K64,,3840,,0.269203337822,0.0492985982952,,,,,ALL,,,plate_push,0.000204377921975,0.0694342791284,82,128
0.0192343365464,64,0.211015775302,,0,16.7892631198,0.939583333333,,0.291960025331,0.575010965846,0,0.0991017696088,0.0890061157226,0.00298608702249,,,task,CONTROL_NOMINAL_SHUFFLED__K64,,3840,,0.262332236247,0,,,,,ALL,,,stove_turn_on,0.00167553430142,0.0890061157226,80,128
0.0186618179266,64,0.287057792319,,0,16.5205459063,0.9421875,,0.740370204252,0.0936452468825,0.241087004284,0.0720995189951,0.288086987179,0.00298608702249,,,task,CONTROL_NOMINAL_SHUFFLED__K64,,3840,,0.258133529785,0.241087004284,,,,,ALL,,,wine_rack,0.0140005402367,0.288086987179,83,128
0.0186992528513,64,0.0221642586041,,0,17.406056393,1,,0,9.49432141241e-07,3.4524094195e-30,1.40432391778e-31,0.110820343588,0.00298608702249,,,phase,CONTROL_NOMINAL_SHUFFLED__K64,,3840,,0.27196963114,3.4524094195e-30,,,,,free_space,,,ALL,5.20417042793e-19,0.110820343588,80,128
0.0189324008659,64,0.354542411461,,0,17.0256399272,0.88359375,,1.11692565588,0.196882999797,0.161942308118,0.0531482435319,0.243812849978,0.00298608702249,,,phase,CONTROL_NOMINAL_SHUFFLED__K64,,3840,,0.266025623863,0.161942308118,,,,,pre_contact,,,ALL,0.000542166451441,0.243812849978,81,128
0.01875185275,64,0.300741527382,,0,16.5455878888,0.95625,,0.931012958659,0.260757076478,0.130175548794,0.0439218786887,0.13784017429,0.00298608702249,,,phase,CONTROL_NOMINAL_SHUFFLED__K64,,3840,,0.258524810763,0.130175548794,,,,,contact_onset,,,ALL,0.00114574352653,0.13784017429,80,128
0.0190608809678,64,0.326100714211,,0,16.3380916768,0.996614583333,,0.801988783007,0.326556313386,0.156947243222,0.186522703626,0.158488527814,0.00298608702249,,,phase,CONTROL_NOMINAL_SHUFFLED__K64,,3840,,0.25528268245,0.156947243222,,,,,post_contact,,,ALL,0.0184594127015,0.158488527814,87,128
0.0175183928034,128,0.227131441798,,0,32.6827740973,0.958854166667,,0.665397843376,0.164199092072,0.102194298452,0.0632969006966,0.140569074395,0.00547811772928,,,pooled,CONTROL_NO_REVERSAL_LOSS__FULL,,15360,,0.255334172636,0.102194298452,,,,,ALL,,,ALL,0.00493685068242,0.140569074395,74,128
0.0174758298454,128,0.252092583001,,0,31.8694422653,0.978645833333,,0.790840114906,0.0471894703652,0.143144281642,0.100995430674,0.178293617417,0.00547811772928,,,task,CONTROL_NO_REVERSAL_LOSS__FULL,,3840,,0.248980017698,0.143144281642,,,,,ALL,,,bowl_on_plate,0.00381297593441,0.178293617417,64,128
0.0174393399343,128,0.207150252205,,0,32.6723326354,0.983333333333,,0.877439036223,0.051005530988,0.0448200994068,0.00217752976416,0.0603090646426,0.00547811772928,,,task,CONTROL_NO_REVERSAL_LOSS__FULL,,3840,,0.255252598714,0.0448200994068,,,,,ALL,,,plate_push,0.000208090460273,0.0603090646426,62,128
0.0174824878821,128,0.176447222833,,0,32.7414405308,0.937760416667,,0.26249968104,0.475430202051,0,0.0788427385857,0.0654634924895,0.00547811772928,,,task,CONTROL_NO_REVERSAL_LOSS__FULL,,3840,,0.255792504147,0,,,,,ALL,,,stove_turn_on,0.0014469332857,0.0654634924895,67,128
0.0176759135518,128,0.272835709154,,0,33.4478809579,0.935677083333,,0.730812541334,0.0831711648853,0.220812812759,0.0711719037622,0.25821012303,0.00547811772928,,,task,CONTROL_NO_REVERSAL_LOSS__FULL,,3840,,0.261311569983,0.220812812759,,,,,ALL,,,wine_rack,0.0142794030493,0.25821012303,67,128
0.0174813187366,128,0.0161370410009,,0,33.1743505156,1,,0,7.00226434058e-07,3.70964388328e-30,1.58487985007e-31,0.080684504778,0.00547811772928,,,phase,CONTROL_NO_REVERSAL_LOSS__FULL,,3840,,0.259174613403,3.70964388328e-30,,,,,free_space,,,ALL,5.92697187625e-19,0.080684504778,64,128
0.0174588223436,128,0.324094342854,,0,31.7910377996,0.88203125,,1.04261222603,0.157984700283,0.15233957661,0.0461430798061,0.221392131546,0.00547811772928,,,phase,CONTROL_NO_REVERSAL_LOSS__FULL,,3840,,0.24836748281,0.15233957661,,,,,pre_contact,,,ALL,0.000475261464843,0.221392131546,62,128
0.0175891042302,128,0.276995355893,,0,32.5160812326,0.956510416667,,0.885084023317,0.239412142489,0.111515161917,0.0308718583472,0.118093593394,0.00547811772928,,,phase,CONTROL_NO_REVERSAL_LOSS__FULL,,3840,,0.25403188463,0.111515161917,,,,,contact_onset,,,ALL,0.00101061321692,0.118093593394,61,128
0.017544325903,128,0.291299027445,,0,33.2496268416,0.996875,,0.733895124161,0.259398825291,0.144922455281,0.176172664633,0.142106067861,0.00547811772928,,,phase,CONTROL_NO_REVERSAL_LOSS__FULL,,3840,,0.2597627097,0.144922455281,,,,,post_contact,,,ALL,0.0182615280479,0.142106067861,67,128
0.0189991239283,64,0.252524663078,,0,17.1644797467,0.958138020833,,0.716840948739,0.198162226093,0.113869963293,0.0704567415657,0.1632934357,0.00547811772928,,,pooled,CONTROL_NO_REVERSAL_LOSS__K64,,15360,,0.268194996042,0.113869963293,,,,,ALL,,,ALL,0.00510137343602,0.1632934357,89,128
0.0190956347345,64,0.273993828672,,0,17.1451721851,0.975,,0.857545024175,0.0499783929142,0.150236350532,0.115483200288,0.196726175449,0.00547811772928,,,task,CONTROL_NO_REVERSAL_LOSS__K64,,3840,,0.267893315392,0.150236350532,,,,,ALL,,,bowl_on_plate,0.00447761241896,0.196726175449,77,128
0.0191193991103,64,0.232909293524,,0,18.2655797472,0.985416666667,,0.95805843023,0.0770265964239,0.0531531317684,0.00241692414168,0.073891385054,0.00547811772928,,,task,CONTROL_NO_REVERSAL_LOSS__K64,,3840,,0.28539968355,0.0531531317684,,,,,ALL,,,plate_push,0.000216571578207,0.073891385054,74,128
0.018996875863,64,0.21034149807,,0,16.5185434083,0.933333333333,,0.302046817427,0.57078680409,0,0.0915129360431,0.087360932792,0.00547811772928,,,task,CONTROL_NO_REVERSAL_LOSS__K64,,3840,,0.258102240755,0,,,,,ALL,,,stove_turn_on,0.00161640141477,0.087360932792,84,128
0.0187845860056,64,0.292854032047,,0,16.7286236462,0.938802083333,,0.749713523124,0.0948571109445,0.252090370873,0.0724139057906,0.295195249505,0.00547811772928,,,task,CONTROL_NO_REVERSAL_LOSS__K64,,3840,,0.261384744472,0.252090370873,,,,,ALL,,,wine_rack,0.0140949083322,0.295195249505,80,128
0.0187086771152,64,0.0215388409101,,0,17.1541731457,1,,0,9.76448945067e-07,4.51340992384e-30,1.58487985007e-31,0.107693228102,0.00547811772928,,,phase,CONTROL_NO_REVERSAL_LOSS__K64,,3840,,0.268033955402,4.51340992384e-30,,,,,free_space,,,ALL,5.92697187625e-19,0.107693228102,75,128
0.019040105577,64,0.353641389165,,0,17.6799510226,0.885677083333,,1.1100461783,0.185997552839,0.167864671757,0.0564267133833,0.24787182954,0.00547811772928,,,phase,CONTROL_NO_REVERSAL_LOSS__K64,,3840,,0.276249234728,0.167864671757,,,,,pre_contact,,,ALL,0.000532934254976,0.24787182954,75,128
0.0193209002082,64,0.302422631544,,0,16.9823577095,0.951302083333,,0.935595321284,0.26896918713,0.133020080988,0.0319989757498,0.142529592567,0.00547811772928,,,phase,CONTROL_NO_REVERSAL_LOSS__K64,,3840,,0.265349339212,0.133020080988,,,,,contact_onset,,,ALL,0.00109598369244,0.142529592567,75,128
0.018926812813,64,0.332495790694,,0,16.841437109,0.995572916667,,0.821722295367,0.337681187955,0.154595100428,0.19340127713,0.155079092592,0.00547811772928,,,phase,CONTROL_NO_REVERSAL_LOSS__K64,,3840,,0.263147454828,0.154595100428,,,,,post_contact,,,ALL,0.0187765757967,0.155079092592,77,128
0.0174823162616,128,0.223226571319,,0,32.8450054505,0.958528645833,,0.664014534542,0.15183058421,0.100666839865,0.0621593479474,0.137461550029,0.00638403543892,,,pooled,CONTROL_PHASE_ONLY__FULL,,15360,,0.256601605082,0.100666839865,,,,,ALL,,,ALL,0.00494419412011,0.137461550029,72,128
0.0175590760959,128,0.248887306142,,0,32.261355517,0.977864583333,,0.785002724581,0.0421809145713,0.139046510209,0.105854501637,0.172351879712,0.00638403543892,,,task,CONTROL_PHASE_ONLY__FULL,,3840,,0.252041839976,0.139046510209,,,,,ALL,,,bowl_on_plate,0.00402548809007,0.172351879712,61,128
0.0173722949389,128,0.207612398647,,0,33.6207016293,0.9828125,,0.875414444474,0.0550478321106,0.0451497927389,0.00209810673121,0.0603518171785,0.00638403543892,,,task,CONTROL_PHASE_ONLY__FULL,,3840,,0.262661731479,0.0451497927389,,,,,ALL,,,plate_push,0.000206221920634,0.0603518171785,62,128
0.0174010018487,128,0.163561900189,,0,33.1343494068,0.937760416667,,0.258351863614,0.427624342533,0,0.0694533665271,0.0623799282714,0.00638403543892,,,task,CONTROL_PHASE_ONLY__FULL,,3840,,0.25886210474,0,,,,,ALL,,,stove_turn_on,0.00131571298726,0.0623799282714,64,128
0.0175968921631,128,0.272844680297,,0,32.3636152491,0.935677083333,,0.737289105498,0.082469247625,0.218471056512,0.0712314168945,0.254762574953,0.00638403543892,,,task,CONTROL_PHASE_ONLY__FULL,,3840,,0.252840744134,0.218471056512,,,,,ALL,,,wine_rack,0.0142293534825,0.254762574953,57,128
0.0177470958734,128,0.0157665478768,,0,33.0688952422,1,,0,7.10312792679e-07,3.62400672685e-30,1.66512693108e-31,0.0788320290712,0.00638403543892,,,phase,CONTROL_PHASE_ONLY__FULL,,3840,,0.25835074408,3.62400672685e-30,,,,,free_space,,,ALL,6.21609245558e-19,0.0788320290712,60,128
0.017353844391,128,0.319387555653,,0,31.9130934619,0.883854166667,,1.04138672816,0.14654499385,0.151842281931,0.0413602618921,0.215803512427,0.00638403543892,,,phase,CONTROL_PHASE_ONLY__FULL,,3840,,0.249321042671,0.151842281931,,,,,pre_contact,,,ALL,0.000455951719115,0.215803512427,57,128
0.0173986971018,128,0.272826100741,,0,32.5851454022,0.955208333333,,0.888138998146,0.222116475275,0.110018692631,0.0272648723018,0.116591465352,0.00638403543892,,,phase,CONTROL_PHASE_ONLY__FULL,,3840,,0.254571448455,0.110018692631,,,,,contact_onset,,,ALL,0.000932970174547,0.116591465352,57,128
0.0174296276804,128,0.284926081003,,0,33.8128876957,0.995052083333,,0.726532411857,0.238660157402,0.140806384899,0.180012257595,0.138619193264,0.00638403543892,,,phase,CONTROL_PHASE_ONLY__FULL,,3840,,0.264163185123,0.140806384899,,,,,post_contact,,,ALL,0.0183878545868,0.138619193264,70,128
0.0189104234746,64,0.251407963154,,0,17.3334391046,0.9572265625,,0.724783314538,0.187417385719,0.112998622867,0.071750247766,0.160090244882,0.00638403543892,,,pooled,CONTROL_PHASE_ONLY__K64,,15360,,0.270834986009,0.112998622867,,,,,ALL,,,ALL,0.0052018840603,0.160090244882,91,128
0.0191389933379,64,0.269856197595,,0,17.6459168376,0.978125,,0.848197686965,0.048882064569,0.147792338641,0.112257452143,0.192151445658,0.00638403543892,,,task,CONTROL_PHASE_ONLY__K64,,3840,,0.275717450588,0.147792338641,,,,,ALL,,,bowl_on_plate,0.00450461128075,0.192151445658,74,128
0.0187250889908,64,0.234910392832,,0,17.1931657525,0.98203125,,0.971598360597,0.0694274447531,0.0569703533294,0.00269460300981,0.0738612024708,0.00638403543892,,,task,CONTROL_PHASE_ONLY__K64,,3840,,0.268643214883,0.0569703533294,,,,,ALL,,,plate_push,0.000220953704216,0.0738612024708,75,128
0.0189440463375,64,0.202747462538,,0,16.5402452376,0.933072916667,,0.296260294891,0.534997811672,0,0.0995487927375,0.0829304133909,0.00638403543892,,,task,CONTROL_PHASE_ONLY__K64,,3840,,0.258441331837,0,,,,,ALL,,,stove_turn_on,0.00167779128194,0.0829304133909,79,128
0.0188335652323,64,0.298117799652,,0,17.9544285907,0.935677083333,,0.783076915701,0.0963622218799,0.2472317995,0.072500143174,0.291417918007,0.00638403543892,,,task,CONTROL_PHASE_ONLY__K64,,3840,,0.280537946729,0.2472317995,,,,,ALL,,,wine_rack,0.0144041799743,0.291417918007,67,128
0.018664789759,64,0.0206265577614,,0,17.1903050182,1,,0,7.99184161254e-07,2.73992757212e-30,1.58487985007e-31,0.103131989623,0.00638403543892,,,phase,CONTROL_PHASE_ONLY__K64,,3840,,0.26859851591,2.73992757212e-30,,,,,free_space,,,ALL,5.92697187625e-19,0.103131989623,75,128
0.0190964430584,64,0.347030326232,,0,17.3432794208,0.87734375,,1.12858402903,0.169226304896,0.153817634437,0.0509146121055,0.232609050696,0.00638403543892,,,phase,CONTROL_PHASE_ONLY__K64,,3840,,0.27098874095,0.153817634437,,,,,pre_contact,,,ALL,0.000495475309108,0.232609050696,71,128
0.0193975296358,64,0.321404856068,,0,17.1047600438,0.955989583333,,0.973398190322,0.29615034769,0.141333568796,0.0475360329656,0.148606140567,0.00638403543892,,,phase,CONTROL_PHASE_ONLY__K64,,3840,,0.267261875685,0.141333568796,,,,,contact_onset,,,ALL,0.0012474745071,0.148606140567,74,128
0.0184829314453,64,0.316570112556,,0,17.6954119355,0.995572916667,,0.797151038804,0.284292091104,0.156843288237,0.188550345993,0.156013798641,0.00638403543892,,,phase,CONTROL_PHASE_ONLY__K64,,3840,,0.276490811492,0.156843288237,,,,,post_contact,,,ALL,0.019064586425,0.156013798641,81,128
,,,,,,,,,,,,,,B2_STATIC_CONSEQUENCE,,pooled,P1_CONTEXT_GATED_PSD__FULL,,15360,,,,,,,,ALL,selected_code_intervention,0.186458333333,ALL,,,,
,,,,,,,,,,,,,,CONTROL_ACTION_ONLY,,pooled,P1_CONTEXT_GATED_PSD__FULL,,15360,,,,,,,,ALL,selected_code_intervention,0.8802734375,ALL,,,,
,,,,,,,,,,,,,,CONTROL_CONTEXT_SHUFFLED,,pooled,P1_CONTEXT_GATED_PSD__FULL,,15360,,,,,,,,ALL,selected_code_intervention,0.199609375,ALL,,,,
,,,,,,,,,,,,,,CONTROL_NOMINAL_SHUFFLED,,pooled,P1_CONTEXT_GATED_PSD__FULL,,15360,,,,,,,,ALL,selected_code_intervention,0.271484375,ALL,,,,
,,,,,,,,,,,,,,CONTROL_JOINT_STATE_NOMINAL_SHUFFLED,,pooled,P1_CONTEXT_GATED_PSD__FULL,,15360,,,,,,,,ALL,selected_code_intervention,0.2650390625,ALL,,,,
,,,,,,,,,,,,,,CONTROL_CONSEQUENCE_LABEL_SHUFFLED,,pooled,P1_CONTEXT_GATED_PSD__FULL,,15360,,,,,,,,ALL,selected_code_intervention,0.244596354167,ALL,,,,
,,,,,,,,,,,,,,CONTROL_NO_REVERSAL_LOSS,,pooled,P1_CONTEXT_GATED_PSD__FULL,,15360,,,,,,,,ALL,selected_code_intervention,0.221940104167,ALL,,,,
,,,,,,,,,,,,,,CONTROL_PHASE_ONLY,,pooled,P1_CONTEXT_GATED_PSD__FULL,,15360,,,,,,,,ALL,selected_code_intervention,0.208463541667,ALL,,,,
,,,,,,,,,,,,,,CONTROL_CURRENT_CONTACT_ONLY,,pooled,P1_CONTEXT_GATED_PSD__FULL,,15360,,,,,,,,ALL,selected_code_intervention,0.201953125,ALL,,,,
,,,,,,,,,,,,,,B2_STATIC_CONSEQUENCE,,pooled,P1_CONTEXT_GATED_PSD__K64,,15360,,,,,,,,ALL,selected_code_intervention,0.59140625,ALL,,,,
,,,,,,,,,,,,,,CONTROL_ACTION_ONLY,,pooled,P1_CONTEXT_GATED_PSD__K64,,15360,,,,,,,,ALL,selected_code_intervention,0.9333984375,ALL,,,,
,,,,,,,,,,,,,,CONTROL_CONTEXT_SHUFFLED,,pooled,P1_CONTEXT_GATED_PSD__K64,,15360,,,,,,,,ALL,selected_code_intervention,0.589778645833,ALL,,,,
,,,,,,,,,,,,,,CONTROL_NOMINAL_SHUFFLED,,pooled,P1_CONTEXT_GATED_PSD__K64,,15360,,,,,,,,ALL,selected_code_intervention,0.632096354167,ALL,,,,
,,,,,,,,,,,,,,CONTROL_JOINT_STATE_NOMINAL_SHUFFLED,,pooled,P1_CONTEXT_GATED_PSD__K64,,15360,,,,,,,,ALL,selected_code_intervention,0.6501953125,ALL,,,,
,,,,,,,,,,,,,,CONTROL_CONSEQUENCE_LABEL_SHUFFLED,,pooled,P1_CONTEXT_GATED_PSD__K64,,15360,,,,,,,,ALL,selected_code_intervention,0.6091796875,ALL,,,,
,,,,,,,,,,,,,,CONTROL_NO_REVERSAL_LOSS,,pooled,P1_CONTEXT_GATED_PSD__K64,,15360,,,,,,,,ALL,selected_code_intervention,0.573958333333,ALL,,,,
,,,,,,,,,,,,,,CONTROL_PHASE_ONLY,,pooled,P1_CONTEXT_GATED_PSD__K64,,15360,,,,,,,,ALL,selected_code_intervention,0.630859375,ALL,,,,
,,,,,,,,,,,,,,CONTROL_CURRENT_CONTACT_ONLY,,pooled,P1_CONTEXT_GATED_PSD__K64,,15360,,,,,,,,ALL,selected_code_intervention,0.628125,ALL,,,,
