action_reconstruction_rmse,atlas_size,balanced_task_effect_error,clipped,code_perplexity,contact_mode_preserved,error_group_contact_mode_and_penetration,error_group_gripper_and_articulation,error_group_object_pose,error_group_task_progress_and_constraint,error_group_tcp_object_relative_pose,inference_latency_ms,level,method,n,normalized_code_utilization,object_pose_error,phase,task_id,task_progress_abs_error,tcp_object_relative_pose_error,unique_codes,valid_bank_size
0.0213207305134,128,0.403149070894,0,33.9680564333,0.950846354167,0.914514353826,0.366293446688,0.224388713902,0.106425563468,0.404123276586,0,pooled,B0_CURRENT_CONTACT_KMEANS__FULL,15360,0.265375440885,0.224388713902,ALL,ALL,0.00614310398421,0.404123276586,44,128
0.0213207305134,128,0.426032451792,0,33.9680564333,0.96328125,1.09568803627,0.118173203917,0.307690176141,0.121806237767,0.486804604866,0,task,B0_CURRENT_CONTACT_KMEANS__FULL,3840,0.265375440885,0.307690176141,ALL,bowl_on_plate,0.00475932233549,0.486804604866,44,128
0.0213207305134,128,0.381581337678,0,33.9680564333,0.980989583333,1.26984351041,0.198608809309,0.178444594303,0.00400272486938,0.257007049492,0,task,B0_CURRENT_CONTACT_KMEANS__FULL,3840,0.265375440885,0.178444594303,ALL,plate_push,0.000356879784894,0.257007049492,44,128
0.0213207305134,128,0.394317400988,0,33.9680564333,0.921875,0.424029184346,0.993245601917,0,0.207703328551,0.346608890126,0,task,B0_CURRENT_CONTACT_KMEANS__FULL,3840,0.265375440885,0,ALL,stove_turn_on,0.00357924089482,0.346608890126,44,128
0.0213207305134,128,0.410665093118,0,33.9680564333,0.937239583333,0.868496684275,0.15514617161,0.411420085163,0.0921899626829,0.526072561859,0,task,B0_CURRENT_CONTACT_KMEANS__FULL,3840,0.265375440885,0.411420085163,ALL,wine_rack,0.0158769729216,0.526072561859,44,128
0.0213207305134,128,0.0942358949078,0,33.9680564333,1,0,1.21078340267e-06,2.64860294382e-30,1.28395329626e-31,0.471178263755,0,phase,B0_CURRENT_CONTACT_KMEANS__FULL,3840,0.265375440885,2.64860294382e-30,free_space,ALL,4.9150498486e-19,0.471178263755,44,128
0.0213207305134,128,0.504064999999,0,33.9680564333,0.863541666667,1.36948441842,0.336890377178,0.239018700022,0.0842662355236,0.490665268847,0,phase,B0_CURRENT_CONTACT_KMEANS__FULL,3840,0.265375440885,0.239018700022,pre_contact,ALL,0.00100638298869,0.490665268847,44,128
0.0213207305134,128,0.481278330885,0,33.9680564333,0.944791666667,1.25013620677,0.431850678447,0.319643031047,0.0867781359559,0.317983602206,0,phase,B0_CURRENT_CONTACT_KMEANS__FULL,3840,0.265375440885,0.319643031047,contact_onset,ALL,0.00217752715383,0.317983602206,44,128
0.0213207305134,128,0.533017057784,0,33.9680564333,0.995052083333,1.03843679011,0.696431520345,0.338893124538,0.254657882391,0.336665971534,0,phase,B0_CURRENT_CONTACT_KMEANS__FULL,3840,0.265375440885,0.338893124538,post_contact,ALL,0.0213885057943,0.336665971534,44,128
0.0214278956628,64,0.426060531671,0,10.4895924234,0.946940104167,0.965927770104,0.387762610098,0.23869057339,0.108657069803,0.429264634961,0,pooled,B0_CURRENT_CONTACT_KMEANS__K64,15360,0.163899881615,0.23869057339,ALL,ALL,0.00624795114219,0.429264634961,22,128
0.0214278956628,64,0.436217846447,0,10.4895924234,0.95703125,1.12512271095,0.11985533156,0.323176010521,0.0988029420792,0.514132237127,0,task,B0_CURRENT_CONTACT_KMEANS__K64,3840,0.163899881615,0.323176010521,ALL,bowl_on_plate,0.00377047577398,0.514132237127,22,128
0.0214278956628,64,0.405234321725,0,10.4895924234,0.981510416667,1.36093517225,0.200145031271,0.195205338381,0.00380138724954,0.266084679475,0,task,B0_CURRENT_CONTACT_KMEANS__K64,3840,0.163899881615,0.195205338381,ALL,plate_push,0.00035359772065,0.266084679475,22,128
0.0214278956628,64,0.434029102093,0,10.4895924234,0.910677083333,0.480009832313,1.07450426927,0,0.233371395269,0.382260013616,0,task,B0_CURRENT_CONTACT_KMEANS__K64,3840,0.163899881615,0,ALL,stove_turn_on,0.00392073695843,0.382260013616,22,128
0.0214278956628,64,0.42876085642,0,10.4895924234,0.938541666667,0.897643364905,0.156545808296,0.436380944658,0.0986525546134,0.554581609627,0,task,B0_CURRENT_CONTACT_KMEANS__K64,3840,0.163899881615,0.436380944658,ALL,wine_rack,0.0169469941157,0.554581609627,22,128
0.0214278956628,64,0.099559610247,0,10.4895924234,1,0,1.15504753522e-06,2.28560427606e-30,1.18364444499e-31,0.497796896187,0,phase,B0_CURRENT_CONTACT_KMEANS__K64,3840,0.163899881615,2.28560427606e-30,free_space,ALL,4.48136897961e-19,0.497796896187,22,128
0.0214278956628,64,0.532628764267,0,10.4895924234,0.853645833333,1.4228121302,0.368573125881,0.2546284793,0.0955709638351,0.521559122121,0,phase,B0_CURRENT_CONTACT_KMEANS__K64,3840,0.163899881615,0.2546284793,pre_contact,ALL,0.00110454997607,0.521559122121,22,128
0.0214278956628,64,0.520457893895,0,10.4895924234,0.93828125,1.35288911444,0.447530747629,0.354135982566,0.0955900807867,0.352143544048,0,phase,B0_CURRENT_CONTACT_KMEANS__K64,3840,0.163899881615,0.354135982566,contact_onset,ALL,0.00232965247872,0.352143544048,22,128
0.0214278956628,64,0.551595858276,0,10.4895924234,0.995833333333,1.08800983577,0.734945411834,0.345997831693,0.243467234589,0.345558977489,0,phase,B0_CURRENT_CONTACT_KMEANS__K64,3840,0.163899881615,0.345997831693,post_contact,ALL,0.021557602114,0.345558977489,22,128
0.0141130738973,128,0.290008475731,0,29.471736115,0.960286458333,0.781457489043,0.259918572205,0.128833616792,0.0761035719047,0.203729128712,0.00759304435986,pooled,B1_ACTION_ONLY__FULL,15360,0.230247938398,0.128833616792,ALL,ALL,0.00543072344525,0.203729128712,44,128
0.0141159978246,128,0.308522752578,0,29.4673854353,0.977083333333,0.909025308673,0.0662975245395,0.190667581125,0.109759391384,0.26686395717,0.00759304435986,task,B1_ACTION_ONLY__FULL,3840,0.230213948713,0.190667581125,ALL,bowl_on_plate,0.00414113118066,0.26686395717,42,128
0.0141159132877,128,0.279246759041,0,28.9612283363,0.987760416667,1.12096564672,0.0905214561958,0.0739530787981,0.00267492881336,0.108118684674,0.00759304435986,task,B1_ACTION_ONLY__FULL,3840,0.226259596377,0.0739530787981,ALL,plate_push,0.000243677025649,0.108118684674,41,128
0.0141209408361,128,0.274594185971,0,29.5520054202,0.9328125,0.335857101668,0.785201797459,0,0.114390501609,0.137521529122,0.00759304435986,task,B1_ACTION_ONLY__FULL,3840,0.230875042345,0,ALL,stove_turn_on,0.00213530745833,0.137521529122,42,128
0.0140994436406,128,0.297670205334,0,29.9063252681,0.943489583333,0.759981899104,0.0976535106249,0.250713807246,0.0775894658122,0.302412343883,0.00759304435986,task,B1_ACTION_ONLY__FULL,3840,0.233643166157,0.250713807246,ALL,wine_rack,0.0152027781164,0.302412343883,44,128
0.0141113644577,128,0.0367745385881,0,29.5327844935,1,0,4.62335062299e-07,3.36423939723e-30,1.42438568804e-31,0.183872230606,0.00759304435986,phase,B1_ACTION_ONLY__FULL,3840,0.230724878856,3.36423939723e-30,free_space,ALL,5.3487307176e-19,0.183872230606,42,128
0.0141178726458,128,0.366069532926,0,29.5026717969,0.89140625,1.15994834025,0.205902538028,0.149393474674,0.0555321679357,0.259571143741,0.00759304435986,phase,B1_ACTION_ONLY__FULL,3840,0.230489623413,0.149393474674,pre_contact,ALL,0.000635716923624,0.259571143741,42,128
0.014111609039,128,0.363702534536,0,29.5911219757,0.953385416667,1.07922274338,0.32471923018,0.179943783191,0.0487975818954,0.185829334032,0.00759304435986,phase,B1_ACTION_ONLY__FULL,3840,0.231180640435,0.179943783191,contact_onset,ALL,0.00138302268738,0.185829334032,43,128
0.0141114494466,128,0.393487296875,0,29.2603661937,0.996354166667,0.886658872537,0.509052058275,0.185997209304,0.200084537788,0.185643806471,0.00759304435986,phase,B1_ACTION_ONLY__FULL,3840,0.228596610888,0.185997209304,post_contact,ALL,0.01970415417,0.185643806471,43,128
0.0159921204479,64,0.320506489927,0,11.5734699317,0.959440104167,0.82068618809,0.295075220895,0.155454726835,0.0776359560341,0.253680357778,0.00759304435986,pooled,B1_ACTION_ONLY__K64,15360,0.180835467683,0.155454726835,ALL,ALL,0.0048311923806,0.253680357778,66,128
0.015966589647,64,0.336677606112,0,11.9017189525,0.9765625,0.960959334089,0.0831719160567,0.216117013762,0.10355424232,0.319585524331,0.00759304435986,task,B1_ACTION_ONLY__K64,3840,0.185964358632,0.216117013762,ALL,bowl_on_plate,0.00389489832869,0.319585524331,61,128
0.0158640790864,64,0.303576082704,0,11.3932011291,0.987760416667,1.1554279897,0.123944585936,0.0965740426896,0.00290706495057,0.139026730239,0.00759304435986,task,B1_ACTION_ONLY__K64,3840,0.178018767642,0.0965740426896,ALL,plate_push,0.000286221208111,0.139026730239,54,128
0.0158856072596,64,0.309544817865,0,11.6730033651,0.927864583333,0.363792426543,0.865004116406,0,0.139508439042,0.179419107336,0.00759304435986,task,B1_ACTION_ONLY__K64,3840,0.182390677579,0,ALL,stove_turn_on,0.00256244708567,0.179419107336,58,128
0.0162522057985,64,0.332227453025,0,11.3259562803,0.945572916667,0.802565002026,0.10818026518,0.309127850889,0.064574077824,0.376690069208,0.00759304435986,task,B1_ACTION_ONLY__K64,3840,0.176968066879,0.309127850889,ALL,wine_rack,0.0125812028999,0.376690069208,58,128
0.0160228928011,64,0.050343201182,0,11.5817633095,1,0,6.3072920597e-07,2.99674623953e-30,1.40432391778e-31,0.251715375181,0.00759304435986,phase,B1_ACTION_ONLY__K64,3840,0.180965051711,2.99674623953e-30,free_space,ALL,5.20417042793e-19,0.251715375181,62,128
0.0160939431665,64,0.414156580433,0,11.5243957886,0.901302083333,1.23217333244,0.247100513755,0.192050163323,0.0642813410733,0.335177551574,0.00759304435986,phase,B1_ACTION_ONLY__K64,3840,0.180068684197,0.192050163323,pre_contact,ALL,0.000708363778962,0.335177551574,58,128
0.016041876024,64,0.388896665363,0,11.4532496884,0.93984375,1.13012264961,0.333186422222,0.212757230953,0.0559504351939,0.212466588831,0.00759304435986,phase,B1_ACTION_ONLY__K64,3840,0.178957026382,0.212757230953,contact_onset,ALL,0.00162038374273,0.212466588831,58,128
0.0158097697997,64,0.428629512729,0,11.7344709403,0.996614583333,0.920448770312,0.600013316873,0.217011513064,0.190312047869,0.215361915527,0.00759304435986,phase,B1_ACTION_ONLY__K64,3840,0.183351108443,0.217011513064,post_contact,ALL,0.0169960220007,0.215361915527,50,128
0.0174770007443,128,0.226224051667,0,33.038675268,0.958203125,0.667403980699,0.160613322008,0.100787569787,0.0635800292582,0.138735356582,0.0040036230252,pooled,B2_STATIC_CONSEQUENCE__FULL,15360,0.258114650531,0.100787569787,ALL,ALL,0.00496634643284,0.138735356582,67,128
0.0174511553174,128,0.248633313094,0,32.2758143898,0.97734375,0.78399894159,0.0419600289737,0.139341019262,0.104083025072,0.173783550573,0.0040036230252,task,B2_STATIC_CONSEQUENCE__FULL,3840,0.25215479992,0.139341019262,ALL,bowl_on_plate,0.00389339856167,0.173783550573,57,128
0.0174994124199,128,0.209448994655,0,33.8268549889,0.981770833333,0.885517050973,0.0549039607698,0.0444646880182,0.00216357624098,0.0601956972711,0.0040036230252,task,B2_STATIC_CONSEQUENCE__FULL,3840,0.264272304601,0.0444646880182,ALL,plate_push,0.000206900712964,0.0601956972711,58,128
0.0174156703985,128,0.172900877692,0,33.1938521185,0.9390625,0.260145079286,0.463501117586,0,0.0763504230456,0.0645077685451,0.0040036230252,task,B2_STATIC_CONSEQUENCE__FULL,3840,0.259326969676,0,ALL,stove_turn_on,0.00141726915959,0.0645077685451,61,128
0.0175417648415,128,0.273913021226,0,32.8581795749,0.934635416667,0.739954850947,0.0820881807024,0.219344571866,0.0717230926743,0.256454409938,0.0040036230252,task,B2_STATIC_CONSEQUENCE__FULL,3840,0.256704527929,0.219344571866,ALL,wine_rack,0.0143478172971,0.256454409938,61,128
0.0176208514005,128,0.0160534050972,0,33.3932201139,1,0,7.18726415733e-07,3.62241813319e-30,1.56481807981e-31,0.0802663067594,0.0040036230252,phase,B2_STATIC_CONSEQUENCE__FULL,3840,0.26088453214,3.62241813319e-30,free_space,ALL,5.78241158659e-19,0.0802663067594,62,128
0.0174667403435,128,0.324418480425,0,32.7247064261,0.879427083333,1.05085198759,0.15533685424,0.15202138977,0.0448347945228,0.219047375999,0.0040036230252,phase,B2_STATIC_CONSEQUENCE__FULL,3840,0.255661768954,0.15202138977,pre_contact,ALL,0.000471947708641,0.219047375999,54,128
0.0174489189948,128,0.275156039522,0,32.2220408567,0.9578125,0.887169301207,0.228593708612,0.111705996133,0.0295116681189,0.118799523539,0.0040036230252,phase,B2_STATIC_CONSEQUENCE__FULL,3840,0.251734694193,0.111705996133,contact_onset,ALL,0.000981651124543,0.118799523539,54,128
0.0173714922384,128,0.289268281623,0,33.8147336754,0.995572916667,0.731594633996,0.258522006452,0.139422893244,0.179973654391,0.13682822003,0.0040036230252,phase,B2_STATIC_CONSEQUENCE__FULL,3840,0.264177606839,0.139422893244,post_contact,ALL,0.0184117868982,0.13682822003,64,128
0.0185989848992,64,0.25061521679,0,17.3775057672,0.958723958333,0.717164244787,0.193434579654,0.1120477313,0.0700801311068,0.160349397102,0.0040036230252,pooled,B2_STATIC_CONSEQUENCE__K64,15360,0.271523527613,0.1120477313,ALL,ALL,0.00479489639126,0.160349397102,87,128
0.0186212862056,64,0.276412810968,0,17.6576802296,0.973697916667,0.85941666116,0.0500322424656,0.154807052381,0.115381921002,0.202426177833,0.0040036230252,task,B2_STATIC_CONSEQUENCE__K64,3840,0.275901253587,0.154807052381,ALL,bowl_on_plate,0.00448716430519,0.202426177833,69,128
0.0184725475256,64,0.231299069139,0,17.1731434651,0.984114583333,0.957754228324,0.0724154085654,0.0530831165562,0.00281974888283,0.0704228433662,0.0040036230252,task,B2_STATIC_CONSEQUENCE__K64,3840,0.268330366642,0.0530831165562,ALL,plate_push,0.000237297352669,0.0704228433662,71,128
0.0185195850696,64,0.206007177252,0,17.3643565178,0.938020833333,0.294193893548,0.556769293638,0,0.0943804364228,0.0846922626504,0.0040036230252,task,B2_STATIC_CONSEQUENCE__K64,3840,0.271318070591,0,ALL,stove_turn_on,0.00164579530737,0.0846922626504,81,128
0.0187825207961,64,0.288741809802,0,17.3148428563,0.9390625,0.757292196118,0.0945213739491,0.240300756264,0.0677384181189,0.283856304558,0.0040036230252,task,B2_STATIC_CONSEQUENCE__K64,3840,0.27054441963,0.240300756264,ALL,wine_rack,0.0128093285998,0.283856304558,72,128
0.0186067282115,64,0.021778680528,0,16.5630961752,1,0,8.79891246765e-07,4.24788213031e-30,1.58487985007e-31,0.108892522749,0.0040036230252,phase,B2_STATIC_CONSEQUENCE__K64,3840,0.258798377737,4.24788213031e-30,free_space,ALL,5.92697187625e-19,0.108892522749,73,128
0.0185180759676,64,0.343794228533,0,17.5792189303,0.880729166667,1.10501137538,0.177923555087,0.152489810429,0.0549773464179,0.228569055352,0.0040036230252,phase,B2_STATIC_CONSEQUENCE__K64,3840,0.274675295787,0.152489810429,pre_contact,ALL,0.000532435530114,0.228569055352,68,128
0.0186239740409,64,0.310929133082,0,17.7549620319,0.956770833333,0.962257612302,0.274243910116,0.137369745614,0.0367649231712,0.144009474208,0.0040036230252,phase,B2_STATIC_CONSEQUENCE__K64,3840,0.277421281748,0.137369745614,contact_onset,ALL,0.00112444464023,0.144009474208,68,128
0.0186471613768,64,0.325958825018,0,17.6127459314,0.997395833333,0.80138799147,0.321569973524,0.158331369158,0.188578254838,0.159926536099,0.0040036230252,phase,B2_STATIC_CONSEQUENCE__K64,3840,0.275199155179,0.158331369158,post_contact,ALL,0.0175227053947,0.159926536099,76,128
0.0141130738973,128,0.290008475731,0,29.471736115,0.960286458333,0.781457489043,0.259918572205,0.128833616792,0.0761035719047,0.203729128712,0.0033392207696,pooled,CONTROL_ACTION_ONLY__FULL,15360,0.230247938398,0.128833616792,ALL,ALL,0.00543072344525,0.203729128712,44,128
0.0141159978246,128,0.308522752578,0,29.4673854353,0.977083333333,0.909025308673,0.0662975245395,0.190667581125,0.109759391384,0.26686395717,0.0033392207696,task,CONTROL_ACTION_ONLY__FULL,3840,0.230213948713,0.190667581125,ALL,bowl_on_plate,0.00414113118066,0.26686395717,42,128
0.0141159132877,128,0.279246759041,0,28.9612283363,0.987760416667,1.12096564672,0.0905214561958,0.0739530787981,0.00267492881336,0.108118684674,0.0033392207696,task,CONTROL_ACTION_ONLY__FULL,3840,0.226259596377,0.0739530787981,ALL,plate_push,0.000243677025649,0.108118684674,41,128
0.0141209408361,128,0.274594185971,0,29.5520054202,0.9328125,0.335857101668,0.785201797459,0,0.114390501609,0.137521529122,0.0033392207696,task,CONTROL_ACTION_ONLY__FULL,3840,0.230875042345,0,ALL,stove_turn_on,0.00213530745833,0.137521529122,42,128
0.0140994436406,128,0.297670205334,0,29.9063252681,0.943489583333,0.759981899104,0.0976535106249,0.250713807246,0.0775894658122,0.302412343883,0.0033392207696,task,CONTROL_ACTION_ONLY__FULL,3840,0.233643166157,0.250713807246,ALL,wine_rack,0.0152027781164,0.302412343883,44,128
0.0141113644577,128,0.0367745385881,0,29.5327844935,1,0,4.62335062299e-07,3.36423939723e-30,1.42438568804e-31,0.183872230606,0.0033392207696,phase,CONTROL_ACTION_ONLY__FULL,3840,0.230724878856,3.36423939723e-30,free_space,ALL,5.3487307176e-19,0.183872230606,42,128
0.0141178726458,128,0.366069532926,0,29.5026717969,0.89140625,1.15994834025,0.205902538028,0.149393474674,0.0555321679357,0.259571143741,0.0033392207696,phase,CONTROL_ACTION_ONLY__FULL,3840,0.230489623413,0.149393474674,pre_contact,ALL,0.000635716923624,0.259571143741,42,128
0.014111609039,128,0.363702534536,0,29.5911219757,0.953385416667,1.07922274338,0.32471923018,0.179943783191,0.0487975818954,0.185829334032,0.0033392207696,phase,CONTROL_ACTION_ONLY__FULL,3840,0.231180640435,0.179943783191,contact_onset,ALL,0.00138302268738,0.185829334032,43,128
0.0141114494466,128,0.393487296875,0,29.2603661937,0.996354166667,0.886658872537,0.509052058275,0.185997209304,0.200084537788,0.185643806471,0.0033392207696,phase,CONTROL_ACTION_ONLY__FULL,3840,0.228596610888,0.185997209304,post_contact,ALL,0.01970415417,0.185643806471,43,128
0.0159921204479,64,0.320506489927,0,11.5734699317,0.959440104167,0.82068618809,0.295075220895,0.155454726835,0.0776359560341,0.253680357778,0.0033392207696,pooled,CONTROL_ACTION_ONLY__K64,15360,0.180835467683,0.155454726835,ALL,ALL,0.0048311923806,0.253680357778,66,128
0.015966589647,64,0.336677606112,0,11.9017189525,0.9765625,0.960959334089,0.0831719160567,0.216117013762,0.10355424232,0.319585524331,0.0033392207696,task,CONTROL_ACTION_ONLY__K64,3840,0.185964358632,0.216117013762,ALL,bowl_on_plate,0.00389489832869,0.319585524331,61,128
0.0158640790864,64,0.303576082704,0,11.3932011291,0.987760416667,1.1554279897,0.123944585936,0.0965740426896,0.00290706495057,0.139026730239,0.0033392207696,task,CONTROL_ACTION_ONLY__K64,3840,0.178018767642,0.0965740426896,ALL,plate_push,0.000286221208111,0.139026730239,54,128
0.0158856072596,64,0.309544817865,0,11.6730033651,0.927864583333,0.363792426543,0.865004116406,0,0.139508439042,0.179419107336,0.0033392207696,task,CONTROL_ACTION_ONLY__K64,3840,0.182390677579,0,ALL,stove_turn_on,0.00256244708567,0.179419107336,58,128
0.0162522057985,64,0.332227453025,0,11.3259562803,0.945572916667,0.802565002026,0.10818026518,0.309127850889,0.064574077824,0.376690069208,0.0033392207696,task,CONTROL_ACTION_ONLY__K64,3840,0.176968066879,0.309127850889,ALL,wine_rack,0.0125812028999,0.376690069208,58,128
0.0160228928011,64,0.050343201182,0,11.5817633095,1,0,6.3072920597e-07,2.99674623953e-30,1.40432391778e-31,0.251715375181,0.0033392207696,phase,CONTROL_ACTION_ONLY__K64,3840,0.180965051711,2.99674623953e-30,free_space,ALL,5.20417042793e-19,0.251715375181,62,128
0.0160939431665,64,0.414156580433,0,11.5243957886,0.901302083333,1.23217333244,0.247100513755,0.192050163323,0.0642813410733,0.335177551574,0.0033392207696,phase,CONTROL_ACTION_ONLY__K64,3840,0.180068684197,0.192050163323,pre_contact,ALL,0.000708363778962,0.335177551574,58,128
0.016041876024,64,0.388896665363,0,11.4532496884,0.93984375,1.13012264961,0.333186422222,0.212757230953,0.0559504351939,0.212466588831,0.0033392207696,phase,CONTROL_ACTION_ONLY__K64,3840,0.178957026382,0.212757230953,contact_onset,ALL,0.00162038374273,0.212466588831,58,128
0.0158097697997,64,0.428629512729,0,11.7344709403,0.996614583333,0.920448770312,0.600013316873,0.217011513064,0.190312047869,0.215361915527,0.0033392207696,phase,CONTROL_ACTION_ONLY__K64,3840,0.183351108443,0.217011513064,post_contact,ALL,0.0169960220007,0.215361915527,50,128
0.0174922772004,128,0.225933168539,0,32.9643647131,0.959114583333,0.663730988432,0.160499509912,0.1007559663,0.0654913461062,0.139188031946,0.00564240101792,pooled,CONTROL_CONSEQUENCE_LABEL_SHUFFLED__FULL,15360,0.257534099321,0.1007559663,ALL,ALL,0.00533611547019,0.139188031946,73,128
0.0175446384132,128,0.245143892651,0,32.477296696,0.978385416667,0.781252159779,0.0401464810548,0.131866380794,0.104628228413,0.167826213214,0.00564240101792,task,CONTROL_CONSEQUENCE_LABEL_SHUFFLED__FULL,3840,0.253728880438,0.131866380794,ALL,bowl_on_plate,0.00387476736225,0.167826213214,62,128
0.0174384598204,128,0.208239077628,0,32.6795356244,0.9828125,0.873947034991,0.0579386626342,0.0448267955774,0.00207648383082,0.0624064111073,0.00564240101792,task,CONTROL_CONSEQUENCE_LABEL_SHUFFLED__FULL,3840,0.255308872066,0.0448267955774,ALL,plate_push,0.000209598263065,0.0624064111073,62,128
0.0173708414787,128,0.172281388,0,33.8496205834,0.939322916667,0.26029254568,0.459806676714,0,0.0769520284656,0.0643556891423,0.00564240101792,task,CONTROL_CONSEQUENCE_LABEL_SHUFFLED__FULL,3840,0.264450160808,0,ALL,stove_turn_on,0.00140112087394,0.0643556891423,67,128
0.0176151690894,128,0.278068315877,0,32.8510059487,0.9359375,0.739432213276,0.0841062192453,0.226330688828,0.0783086437155,0.26216381432,0.00564240101792,task,CONTROL_CONSEQUENCE_LABEL_SHUFFLED__FULL,3840,0.256648483974,0.226330688828,ALL,wine_rack,0.0158589753815,0.26216381432,67,128
0.0177235038154,128,0.016242915952,0,33.4041303928,1,0,7.16939192217e-07,3.70896209756e-30,1.64506516083e-31,0.0812138628209,0.00564240101792,phase,CONTROL_CONSEQUENCE_LABEL_SHUFFLED__FULL,3840,0.260969768693,3.70896209756e-30,free_space,ALL,6.07153216592e-19,0.0812138628209,62,128
0.0175804741126,128,0.324643723162,0,32.309957783,0.883854166667,1.04854864192,0.152453151491,0.155285274875,0.046542673197,0.220388874332,0.00564240101792,phase,CONTROL_CONSEQUENCE_LABEL_SHUFFLED__FULL,3840,0.25242154518,0.155285274875,pre_contact,ALL,0.000480241055525,0.220388874332,62,128
0.0174037941602,128,0.274633909272,0,32.6684814789,0.957291666667,0.877057046272,0.235335321804,0.112361873582,0.0292714777295,0.119143826971,0.00564240101792,phase,CONTROL_CONSEQUENCE_LABEL_SHUFFLED__FULL,3840,0.255222511554,0.112361873582,contact_onset,ALL,0.00098708106958,0.119143826971,67,128
0.0172613367135,128,0.28821212577,0,33.4748891978,0.9953125,0.729318265538,0.254208849414,0.135376716742,0.186151233498,0.13600556366,0.00564240101792,phase,CONTROL_CONSEQUENCE_LABEL_SHUFFLED__FULL,3840,0.261522571858,0.135376716742,post_contact,ALL,0.0198771397557,0.13600556366,68,128
0.0190014846763,64,0.251910451795,0,16.9954068593,0.959244791667,0.712434085788,0.195706673466,0.117526689319,0.0663653247154,0.167519485688,0.00564240101792,pooled,CONTROL_CONSEQUENCE_LABEL_SHUFFLED__K64,15360,0.265553232176,0.117526689319,ALL,ALL,0.00513058954826,0.167519485688,95,128
0.0188479179904,64,0.275987215324,0,16.8771087368,0.976302083333,0.848889802734,0.0552099881175,0.16172151859,0.100747893136,0.213366874042,0.00564240101792,task,CONTROL_CONSEQUENCE_LABEL_SHUFFLED__K64,3840,0.263704824013,0.16172151859,ALL,bowl_on_plate,0.00372722235353,0.213366874042,73,128
0.0189570844285,64,0.235680695054,0,16.9290932887,0.98359375,0.973345778861,0.0735971602433,0.0546902378731,0.00229983127787,0.0744704670136,0.00564240101792,task,CONTROL_CONSEQUENCE_LABEL_SHUFFLED__K64,3840,0.264517082636,0.0546902378731,ALL,plate_push,0.000215229369062,0.0744704670136,76,128
0.0191657733527,64,0.204650324517,0,17.0092380405,0.938541666667,0.293066326611,0.56019326269,0,0.0860426617068,0.0839493715779,0.00564240101792,task,CONTROL_CONSEQUENCE_LABEL_SHUFFLED__K64,3840,0.265769344383,0,ALL,stove_turn_on,0.00172059135343,0.0839493715779,78,128
0.0190351629336,64,0.291323572287,0,17.1661873711,0.938541666667,0.734434434947,0.0938262828149,0.253695000812,0.0763709127414,0.298291230119,0.00564240101792,task,CONTROL_CONSEQUENCE_LABEL_SHUFFLED__K64,3840,0.268221677673,0.253695000812,ALL,wine_rack,0.014859315117,0.298291230119,88,128
0.0188157482802,64,0.021817080586,0,17.1898826654,1,0,8.69924757371e-07,2.55049744377e-30,1.44444745829e-31,0.109084533005,0.00564240101792,phase,CONTROL_CONSEQUENCE_LABEL_SHUFFLED__K64,3840,0.268591916648,2.55049744377e-30,free_space,ALL,5.49329100726e-19,0.109084533005,77,128
0.0190075484645,64,0.350941160424,0,17.2805844682,0.880729166667,1.10446834674,0.182237287914,0.170524973342,0.0462696138108,0.251205580312,0.00564240101792,phase,CONTROL_CONSEQUENCE_LABEL_SHUFFLED__K64,3840,0.270009132316,0.170524973342,pre_contact,ALL,0.000543210998158,0.251205580312,74,128
0.0190891634361,64,0.303129315243,0,17.0728902185,0.959375,0.927028296887,0.277898360016,0.133148102195,0.0371736077833,0.140398209335,0.00564240101792,phase,CONTROL_CONSEQUENCE_LABEL_SHUFFLED__K64,3840,0.266763909664,0.133148102195,contact_onset,ALL,0.00120510382317,0.140398209335,79,128
0.0190934785243,64,0.331754250928,0,16.4382700849,0.996875,0.818239699524,0.322690176011,0.166433681739,0.182018077267,0.1693896201,0.00564240101792,phase,CONTROL_CONSEQUENCE_LABEL_SHUFFLED__K64,3840,0.256847970077,0.166433681739,post_contact,ALL,0.0187740433717,0.1693896201,85,128
0.0175235945183,128,0.225665506793,0,33.4521709507,0.958268229167,0.66744074274,0.155473845596,0.101824970117,0.0636655290325,0.139922446481,0.00295104826414,pooled,CONTROL_CONTEXT_SHUFFLED__FULL,15360,0.261345085552,0.101824970117,ALL,ALL,0.00496493418697,0.139922446481,77,128
0.0175992726485,128,0.253437175051,0,33.5171865417,0.978125,0.794726600735,0.0442430304498,0.1446735125,0.104666465068,0.178876266501,0.00295104826414,task,CONTROL_CONTEXT_SHUFFLED__FULL,3840,0.261853019857,0.1446735125,ALL,bowl_on_plate,0.00390795344459,0.178876266501,67,128
0.0174824470151,128,0.209232629147,0,32.809057834,0.982552083333,0.877999390642,0.0572821532987,0.0463737781144,0.00224323362228,0.0622645900583,0.00295104826414,task,CONTROL_CONTEXT_SHUFFLED__FULL,3840,0.256320764328,0.0463737781144,ALL,plate_push,0.000212294872804,0.0622645900583,62,128
0.0174362063741,128,0.168485342365,0,33.5376132232,0.938020833333,0.26356651833,0.437548968504,0,0.0758728932673,0.0654383317241,0.00295104826414,task,CONTROL_CONTEXT_SHUFFLED__FULL,3840,0.262012603306,0,ALL,stove_turn_on,0.0013400677549,0.0654383317241,64,128
0.0175764520355,128,0.27150688061,0,33.9448262038,0.934375,0.733470461254,0.0828212301299,0.216252589853,0.0718795241724,0.253110597641,0.00295104826414,task,CONTROL_CONTEXT_SHUFFLED__FULL,3840,0.265193954717,0.216252589853,ALL,wine_rack,0.0143994206756,0.253110597641,72,128
0.0177147759672,128,0.0161077529432,0,33.4182670758,1,0,7.02695570479e-07,3.79404820261e-30,1.72531224185e-31,0.0805380620204,0.00295104826414,phase,CONTROL_CONTEXT_SHUFFLED__FULL,3840,0.26108021153,3.79404820261e-30,free_space,ALL,6.36065274525e-19,0.0805380620204,61,128
0.0175941602579,128,0.320557121587,0,32.4440665727,0.881510416667,1.0393443464,0.151765470493,0.149697810826,0.0466141117129,0.215363868507,0.00295104826414,phase,CONTROL_CONTEXT_SHUFFLED__FULL,3840,0.253469270099,0.149697810826,pre_contact,ALL,0.000455204438873,0.215363868507,63,128
0.0174478571611,128,0.272723974863,0,34.0898334018,0.955989583333,0.881406889073,0.224319686041,0.112391031747,0.0280564577529,0.117445809699,0.00295104826414,phase,CONTROL_CONTEXT_SHUFFLED__FULL,3840,0.266326823451,0.112391031747,contact_onset,ALL,0.000955531163577,0.117445809699,65,128
0.0173375846871,128,0.29327317778,0,33.8565167524,0.995572916667,0.749011735492,0.245809523152,0.145211037894,0.179991546664,0.146342045698,0.00295104826414,phase,CONTROL_CONTEXT_SHUFFLED__FULL,3840,0.264504037128,0.145211037894,post_contact,ALL,0.0184490011454,0.146342045698,71,128
0.018829886361,64,0.247638778014,0,16.7286682554,0.957356770833,0.716613455792,0.185641195309,0.112198340497,0.0640655151391,0.159675383334,0.00295104826414,pooled,CONTROL_CONTEXT_SHUFFLED__K64,15360,0.261385441491,0.112198340497,ALL,ALL,0.00488933608842,0.159675383334,93,128
0.0187675476242,64,0.268685230629,0,16.764710786,0.978645833333,0.858787448777,0.0462751008723,0.153766627588,0.0880235962439,0.196573379662,0.00295104826414,task,CONTROL_CONTEXT_SHUFFLED__K64,3840,0.261948606031,0.153766627588,ALL,bowl_on_plate,0.00333415823787,0.196573379662,82,128
0.0187471261775,64,0.232240088168,0,16.3083370728,0.978645833333,0.967312527873,0.0647390579212,0.0551830000778,0.00248909359785,0.0714767613714,0.00295104826414,task,CONTROL_CONTEXT_SHUFFLED__K64,3840,0.254817766763,0.0551830000778,ALL,plate_push,0.000224893422321,0.0714767613714,79,128
0.0188461657892,64,0.20208787749,0,17.0036445976,0.934375,0.290953712744,0.543219552548,0,0.0924282181187,0.0838379040395,0.00295104826414,task,CONTROL_CONTEXT_SHUFFLED__K64,3840,0.265681946838,0,ALL,stove_turn_on,0.00159067714759,0.0838379040395,77,128
0.0189587058533,64,0.28754191577,0,16.8379805652,0.937760416667,0.749400133773,0.0883310698949,0.239843734321,0.0733211525959,0.286813488265,0.00295104826414,task,CONTROL_CONTEXT_SHUFFLED__K64,3840,0.263093446331,0.239843734321,ALL,wine_rack,0.0144076155459,0.286813488265,81,128
0.0188204583261,64,0.0214785165166,0,17.3810502396,1,0,7.99478820755e-07,4.33125225651e-30,1.76543578235e-31,0.107391783104,0.00295104826414,phase,CONTROL_CONTEXT_SHUFFLED__K64,3840,0.271578909994,4.33125225651e-30,free_space,ALL,6.64977332458e-19,0.107391783104,74,128
0.0189171637335,64,0.355757346819,0,16.880674664,0.877604166667,1.12806610943,0.182551084801,0.168051688114,0.0547775235261,0.245340328219,0.00295104826414,phase,CONTROL_CONTEXT_SHUFFLED__K64,3840,0.263760541625,0.168051688114,pre_contact,ALL,0.000531924617443,0.245340328219,76,128
0.0189017289494,64,0.300874210262,0,16.2244736784,0.955989583333,0.940206174731,0.259960482585,0.13152259487,0.0346824822149,0.137999316911,0.00295104826414,phase,CONTROL_CONTEXT_SHUFFLED__K64,3840,0.253507401225,0.13152259487,contact_onset,ALL,0.00108023363048,0.137999316911,79,128
0.0186801944351,64,0.312445038459,0,16.4284744396,0.995833333333,0.798181539004,0.300052414371,0.149219079003,0.166802054815,0.147970105103,0.00295104826414,phase,CONTROL_CONTEXT_SHUFFLED__K64,3840,0.256694913119,0.149219079003,post_contact,ALL,0.0179451861058,0.147970105103,79,128
0.0174903435779,128,0.224758599402,0,32.6820198029,0.958528645833,0.667372793642,0.152769323634,0.101595011798,0.0631219116442,0.13893395629,0.00362133216135,pooled,CONTROL_CURRENT_CONTACT_ONLY__FULL,15360,0.25532827971,0.101595011798,ALL,ALL,0.00505941146508,0.13893395629,74,128
0.0175371500727,128,0.252062312759,0,32.280073881,0.977864583333,0.791331876634,0.0443780252308,0.142474612327,0.105363328795,0.176763720808,0.00362133216135,task,CONTROL_CURRENT_CONTACT_ONLY__FULL,3840,0.252188077195,0.142474612327,ALL,bowl_on_plate,0.00397562917112,0.176763720808,59,128
0.0174311787976,128,0.208675316851,0,33.2898098696,0.983072916667,0.881164058108,0.0554428359069,0.0447365804836,0.00217229451527,0.0598608152387,0.00362133216135,task,CONTROL_CURRENT_CONTACT_ONLY__FULL,3840,0.260076639607,0.0447365804836,ALL,plate_push,0.000207283833581,0.0598608152387,63,128
0.0174275699004,128,0.164848742802,0,33.5952213926,0.937239583333,0.260189833511,0.428853857141,0,0.0718094809563,0.0633905424029,0.00362133216135,task,CONTROL_CURRENT_CONTACT_ONLY__FULL,3840,0.26246266713,0,ALL,stove_turn_on,0.00131325023188,0.0633905424029,61,128
0.0175654755407,128,0.273448025195,0,31.5629740682,0.9359375,0.736805406316,0.0824025762582,0.219168854382,0.0731425423106,0.25572074671,0.00362133216135,task,CONTROL_CURRENT_CONTACT_ONLY__FULL,3840,0.246585734908,0.219168854382,ALL,wine_rack,0.0147414826238,0.25572074671,57,128
0.017655219154,128,0.0159674088609,0,32.7848253424,1,0,6.93920644542e-07,3.62108267668e-30,1.56481807981e-31,0.0798363503837,0.00362133216135,phase,CONTROL_CURRENT_CONTACT_ONLY__FULL,3840,0.256131447987,3.62108267668e-30,free_space,ALL,5.78241158659e-19,0.0798363503837,60,128
0.0174592929319,128,0.321902393084,0,31.9837088989,0.883854166667,1.04494558528,0.150175050291,0.153391778294,0.0433060352759,0.217693516277,0.00362133216135,phase,CONTROL_CURRENT_CONTACT_ONLY__FULL,3840,0.249872725772,0.153391778294,pre_contact,ALL,0.000452691709511,0.217693516277,61,128
0.0174404164823,128,0.275803754766,0,32.2667730016,0.954947916667,0.895166352601,0.224408363258,0.112037939466,0.0281160129017,0.119290105601,0.00362133216135,phase,CONTROL_CURRENT_CONTACT_ONLY__FULL,3840,0.252084164075,0.112037939466,contact_onset,ALL,0.000948043224194,0.119290105601,60,128
0.0174064457433,128,0.285360840897,0,33.6927719686,0.9953125,0.729379236687,0.236493187067,0.140950329432,0.181065598399,0.138915852898,0.00362133216135,phase,CONTROL_CURRENT_CONTACT_ONLY__FULL,3840,0.263224781005,0.140950329432,post_contact,ALL,0.0188369109266,0.138915852898,70,128
0.0187997113021,64,0.25087405759,0,17.4803201091,0.957486979167,0.720500876805,0.185135653765,0.11603382747,0.0670350963437,0.165664833564,0.00362133216135,pooled,CONTROL_CURRENT_CONTACT_ONLY__K64,15360,0.273130001704,0.11603382747,ALL,ALL,0.00469504276077,0.165664833564,95,128
0.0189319904848,64,0.274246282849,0,17.607260253,0.974739583333,0.850384905807,0.0503076483306,0.156120611659,0.109231360152,0.205186888297,0.00362133216135,task,CONTROL_CURRENT_CONTACT_ONLY__K64,3840,0.275113441454,0.156120611659,ALL,bowl_on_plate,0.00395854099247,0.205186888297,75,128
0.018570567754,64,0.24069613605,0,17.8416709505,0.979947916667,0.993753828036,0.0769421219764,0.0553247897306,0.00268084139613,0.0747790991135,0.00362133216135,task,CONTROL_CURRENT_CONTACT_ONLY__K64,3840,0.278776108601,0.0553247897306,ALL,plate_push,0.000231983921975,0.0747790991135,76,128
0.0189431481866,64,0.195649022956,0,16.9273352954,0.941927083333,0.283793946109,0.523502459187,0,0.0889105275601,0.0820381819246,0.00362133216135,task,CONTROL_CURRENT_CONTACT_ONLY__K64,3840,0.264489613991,0,ALL,stove_turn_on,0.00155714857104,0.0820381819246,76,128
0.0187531387832,64,0.292904788503,0,17.5450139375,0.933333333333,0.75407082727,0.0897903855649,0.25268990849,0.0673176562662,0.300655164922,0.00362133216135,task,CONTROL_CURRENT_CONTACT_ONLY__K64,3840,0.274140842773,0.25268990849,ALL,wine_rack,0.0130324975576,0.300655164922,72,128
0.0187769536989,64,0.021420185775,0,17.0915736512,1,0,9.67998884008e-07,3.62260385599e-30,1.34413860702e-31,0.107099960876,0.00362133216135,phase,CONTROL_CURRENT_CONTACT_ONLY__K64,3840,0.2670558383,3.62260385599e-30,free_space,ALL,5.05961013827e-19,0.107099960876,78,128
0.0188747411507,64,0.349701329652,0,17.6894562699,0.874479166667,1.112598412,0.167917710465,0.166352175578,0.0543893224402,0.247249027775,0.00362133216135,phase,CONTROL_CURRENT_CONTACT_ONLY__K64,3840,0.276397754218,0.166352175578,pre_contact,ALL,0.000485588296527,0.247249027775,72,128
0.0189964082514,64,0.309706090348,0,17.5459280251,0.960416666667,0.961146053556,0.274574985825,0.136275045358,0.0326578074687,0.143876559534,0.00362133216135,phase,CONTROL_CURRENT_CONTACT_ONLY__K64,3840,0.274155125393,0.136275045358,contact_onset,ALL,0.00111621206808,0.143876559534,77,128
0.0185507421076,64,0.322668624583,0,17.5943224901,0.995052083333,0.808259041665,0.29804895077,0.161508088943,0.181093255466,0.164433786073,0.00362133216135,phase,CONTROL_CURRENT_CONTACT_ONLY__K64,3840,0.274911288907,0.161508088943,post_contact,ALL,0.0171783706785,0.164433786073,82,128
0.0174554411219,128,0.228616176528,0,33.2276744399,0.959309895833,0.674550432336,0.16106283068,0.101584631619,0.0652297634575,0.140653224546,0.00332681905396,pooled,CONTROL_JOINT_STATE_NOMINAL_SHUFFLED__FULL,15360,0.259591206561,0.101584631619,ALL,ALL,0.00515349638446,0.140653224546,75,128
0.0174670927879,128,0.253487665624,0,32.9902482819,0.979166666667,0.798883256543,0.0432377886967,0.142727965008,0.105369247184,0.177220070688,0.00332681905396,task,CONTROL_JOINT_STATE_NOMINAL_SHUFFLED__FULL,3840,0.257736314702,0.142727965008,ALL,bowl_on_plate,0.00390536192557,0.177220070688,66,128
0.0173615886126,128,0.212484064891,0,32.713795749,0.981770833333,0.893380044057,0.0608427299982,0.0444930017671,0.00212566128377,0.061578887349,0.00332681905396,task,CONTROL_JOINT_STATE_NOMINAL_SHUFFLED__FULL,3840,0.255576529289,0.0444930017671,ALL,plate_push,0.00020010674301,0.061578887349,64,128
0.0173460206462,128,0.173311410544,0,33.8907333995,0.940364583333,0.264671562397,0.456519068862,0,0.0786232570551,0.0667431644039,0.00332681905396,task,CONTROL_JOINT_STATE_NOMINAL_SHUFFLED__FULL,3840,0.264771354684,0,ALL,stove_turn_on,0.00138414161355,0.0667431644039,70,128
0.0176470624407,128,0.275181565052,0,33.3159203291,0.9359375,0.741266866348,0.0836517351634,0.219117559699,0.074800888307,0.257070775744,0.00332681905396,task,CONTROL_JOINT_STATE_NOMINAL_SHUFFLED__FULL,3840,0.260280627571,0.219117559699,ALL,wine_rack,0.0151243752557,0.257070775744,69,128
0.0176299561368,128,0.0161746462444,0,32.2005642418,1,0,7.00887417452e-07,3.70720595361e-30,1.64506516083e-31,0.0808725303345,0.00332681905396,phase,CONTROL_JOINT_STATE_NOMINAL_SHUFFLED__FULL,3840,0.251566908139,3.70720595361e-30,free_space,ALL,6.07153216592e-19,0.0808725303345,59,128
0.0176288497378,128,0.324354684912,0,32.634357821,0.882552083333,1.04949151779,0.158403699705,0.149312578176,0.0480382459941,0.216527382895,0.00332681905396,phase,CONTROL_JOINT_STATE_NOMINAL_SHUFFLED__FULL,3840,0.254955920476,0.149312578176,pre_contact,ALL,0.000480412374298,0.216527382895,62,128
0.0173708832311,128,0.275905296013,0,34.0800641964,0.959375,0.888321458816,0.229181918584,0.112412714141,0.0297026347222,0.119907753801,0.00332681905396,phase,CONTROL_JOINT_STATE_NOMINAL_SHUFFLED__FULL,3840,0.266250501534,0.112412714141,contact_onset,ALL,0.000976892515417,0.119907753801,63,128
0.0171920753818,128,0.298030078941,0,33.9957115003,0.9953125,0.760388752737,0.256665003544,0.144613234157,0.183178173114,0.145305231154,0.00332681905396,phase,CONTROL_JOINT_STATE_NOMINAL_SHUFFLED__FULL,3840,0.265591496096,0.144613234157,post_contact,ALL,0.0191566806481,0.145305231154,71,128
0.0188935072641,64,0.248728042052,0,17.1439136922,0.961328125,0.717773629937,0.196042286531,0.10850966392,0.0645396480732,0.1567749818,0.00332681905396,pooled,CONTROL_JOINT_STATE_NOMINAL_SHUFFLED__K64,15360,0.267873651441,0.10850966392,ALL,ALL,0.00480517199695,0.1567749818,96,128
0.0189372552504,64,0.266987986199,0,17.0603382441,0.975520833333,0.863600571115,0.0439007855852,0.148120750726,0.0882972442964,0.191020579275,0.00332681905396,task,CONTROL_JOINT_STATE_NOMINAL_SHUFFLED__K64,3840,0.266567785063,0.148120750726,ALL,bowl_on_plate,0.00326867913068,0.191020579275,77,128
0.0186725474733,64,0.235484234548,0,17.2839617303,0.987760416667,0.982151671841,0.0679025226961,0.0526896403814,0.00209883008854,0.0725785077348,0.00332681905396,task,CONTROL_JOINT_STATE_NOMINAL_SHUFFLED__K64,3840,0.270061902036,0.0526896403814,ALL,plate_push,0.000208271425472,0.0725785077348,82,128
0.0189508038508,64,0.21445136668,0,17.1180473207,0.93828125,0.29696552812,0.593118698058,0,0.095814706455,0.0863579007663,0.00332681905396,task,CONTROL_JOINT_STATE_NOMINAL_SHUFFLED__K64,3840,0.267469489386,0,ALL,stove_turn_on,0.00181616461658,0.0863579007663,78,128
0.019013422482,64,0.277988580781,0,17.1133074738,0.94375,0.728376748672,0.079247139784,0.233228264571,0.0719478114528,0.277142939423,0.00332681905396,task,CONTROL_JOINT_STATE_NOMINAL_SHUFFLED__K64,3840,0.267395429278,0.233228264571,ALL,wine_rack,0.0139275728151,0.277142939423,88,128
0.0186299994094,64,0.022027181974,0,16.9788092918,1,0,9.19608255923e-07,2.55929082695e-30,1.44444745829e-31,0.110134990262,0.00332681905396,phase,CONTROL_JOINT_STATE_NOMINAL_SHUFFLED__K64,3840,0.265293895185,2.55929082695e-30,free_space,ALL,5.49329100726e-19,0.110134990262,78,128
0.0188215538257,64,0.342808474263,0,16.7390238437,0.892447916667,1.11521338186,0.172103402209,0.150163565789,0.0500802177212,0.226481803739,0.00332681905396,phase,CONTROL_JOINT_STATE_NOMINAL_SHUFFLED__K64,3840,0.261547247558,0.150163565789,pre_contact,ALL,0.000521120578687,0.226481803739,78,128
0.0192190992579,64,0.310815637947,0,17.3691895286,0.955729166667,0.951316180943,0.282221556783,0.136223185861,0.0417244090538,0.142592857097,0.00332681905396,phase,CONTROL_JOINT_STATE_NOMINAL_SHUFFLED__K64,3840,0.271393586384,0.136223185861,contact_onset,ALL,0.001280377322,0.142592857097,82,128
0.0189033765635,64,0.319260874024,0,17.4886321047,0.997135416667,0.804564956947,0.329843267523,0.147651904029,0.166353965518,0.147890276101,0.00332681905396,phase,CONTROL_JOINT_STATE_NOMINAL_SHUFFLED__K64,3840,0.273259876636,0.147651904029,post_contact,ALL,0.0174191900871,0.147890276101,80,128
0.0175375561916,128,0.225437577511,0,33.2142427254,0.959244791667,0.662095505682,0.163081522754,0.0994056819046,0.0646433294599,0.137961847754,0.00298608702249,pooled,CONTROL_NOMINAL_SHUFFLED__FULL,15360,0.259486271293,0.0994056819046,ALL,ALL,0.00520340850441,0.137961847754,74,128
0.0175700951541,128,0.249521822465,0,32.9046031377,0.979427083333,0.78528715681,0.0443498291553,0.140176116605,0.102472716031,0.175323293723,0.00298608702249,task,CONTROL_NOMINAL_SHUFFLED__FULL,3840,0.257067212013,0.140176116605,ALL,bowl_on_plate,0.00381362290104,0.175323293723,66,128
0.0174373826771,128,0.207229222431,0,33.2735193756,0.982552083333,0.873184500125,0.0559663503204,0.0439051308857,0.00232019683416,0.0607699339891,0.00298608702249,task,CONTROL_NOMINAL_SHUFFLED__FULL,3840,0.259949370122,0.0439051308857,ALL,plate_push,0.000211278389807,0.0607699339891,63,128
0.0175544375459,128,0.175031913663,0,33.7603162727,0.93828125,0.261286130538,0.471889630554,0,0.0773546545946,0.0646291526262,0.00298608702249,task,CONTROL_NOMINAL_SHUFFLED__FULL,3840,0.26375247088,0,ALL,stove_turn_on,0.00141461214132,0.0646291526262,67,128
0.0175883093893,128,0.269967351485,0,32.9185321158,0.93671875,0.728624235255,0.0801202809879,0.213541480127,0.0764257503795,0.251125010678,0.00298608702249,task,CONTROL_NOMINAL_SHUFFLED__FULL,3840,0.257176032155,0.213541480127,ALL,wine_rack,0.0153741205855,0.251125010678,66,128
0.0176471594797,128,0.0162332238368,0,33.3912277685,1,0,7.89898888626e-07,3.61922653806e-30,1.56481807981e-31,0.0811653292851,0.00298608702249,phase,CONTROL_NOMINAL_SHUFFLED__FULL,3840,0.260868966942,3.61922653806e-30,free_space,ALL,5.78241158659e-19,0.0811653292851,63,128
0.0175752066216,128,0.32152922979,0,31.7565130401,0.88359375,1.04684947315,0.153035755994,0.14679490274,0.0459878411817,0.21497817589,0.00298608702249,phase,CONTROL_NOMINAL_SHUFFLED__FULL,3840,0.248097758126,0.14679490274,pre_contact,ALL,0.000462008710961,0.21497817589,62,128
0.0174128439916,128,0.270965413302,0,33.0954823157,0.957291666667,0.87175800713,0.232218280618,0.107667223948,0.0295399385522,0.113643616263,0.00298608702249,phase,CONTROL_NOMINAL_SHUFFLED__FULL,3840,0.258558455591,0.107667223948,contact_onset,ALL,0.000981045595735,0.113643616263,64,128
0.0175150146736,128,0.293022443115,0,34.6137477775,0.99609375,0.729774542452,0.267071264506,0.14316060093,0.183045538106,0.142060269579,0.00298608702249,phase,CONTROL_NOMINAL_SHUFFLED__FULL,3840,0.270419904512,0.14316060093,post_contact,ALL,0.0193705797109,0.142060269579,68,128
0.0188610968588,64,0.250887227914,0,16.8288439715,0.959114583333,0.712481849386,0.196049334773,0.112266275033,0.0708982064615,0.162740473918,0.00298608702249,pooled,CONTROL_NOMINAL_SHUFFLED__K64,15360,0.262950687054,0.112266275033,ALL,ALL,0.00503683066987,0.162740473918,99,128
0.0188576916091,64,0.275969323378,0,16.7765532392,0.97109375,0.858781776197,0.0486347759976,0.158679497554,0.1093160535,0.20443451364,0.00298608702249,task,CONTROL_NOMINAL_SHUFFLED__K64,3840,0.262133644362,0.158679497554,ALL,bowl_on_plate,0.00426687021944,0.20443451364,79,128
0.018690541353,64,0.22950602066,0,17.2290136206,0.98359375,0.958815391765,0.066906350367,0.0492985982952,0.00307548374223,0.0694342791284,0.00298608702249,task,CONTROL_NOMINAL_SHUFFLED__K64,3840,0.269203337822,0.0492985982952,ALL,plate_push,0.000204377921975,0.0694342791284,82,128
0.0192343365464,64,0.211015775302,0,16.7892631198,0.939583333333,0.291960025331,0.575010965846,0,0.0991017696088,0.0890061157226,0.00298608702249,task,CONTROL_NOMINAL_SHUFFLED__K64,3840,0.262332236247,0,ALL,stove_turn_on,0.00167553430142,0.0890061157226,80,128
0.0186618179266,64,0.287057792319,0,16.5205459063,0.9421875,0.740370204252,0.0936452468825,0.241087004284,0.0720995189951,0.288086987179,0.00298608702249,task,CONTROL_NOMINAL_SHUFFLED__K64,3840,0.258133529785,0.241087004284,ALL,wine_rack,0.0140005402367,0.288086987179,83,128
0.0186992528513,64,0.0221642586041,0,17.406056393,1,0,9.49432141241e-07,3.4524094195e-30,1.40432391778e-31,0.110820343588,0.00298608702249,phase,CONTROL_NOMINAL_SHUFFLED__K64,3840,0.27196963114,3.4524094195e-30,free_space,ALL,5.20417042793e-19,0.110820343588,80,128
0.0189324008659,64,0.354542411461,0,17.0256399272,0.88359375,1.11692565588,0.196882999797,0.161942308118,0.0531482435319,0.243812849978,0.00298608702249,phase,CONTROL_NOMINAL_SHUFFLED__K64,3840,0.266025623863,0.161942308118,pre_contact,ALL,0.000542166451441,0.243812849978,81,128
0.01875185275,64,0.300741527382,0,16.5455878888,0.95625,0.931012958659,0.260757076478,0.130175548794,0.0439218786887,0.13784017429,0.00298608702249,phase,CONTROL_NOMINAL_SHUFFLED__K64,3840,0.258524810763,0.130175548794,contact_onset,ALL,0.00114574352653,0.13784017429,80,128
0.0190608809678,64,0.326100714211,0,16.3380916768,0.996614583333,0.801988783007,0.326556313386,0.156947243222,0.186522703626,0.158488527814,0.00298608702249,phase,CONTROL_NOMINAL_SHUFFLED__K64,3840,0.25528268245,0.156947243222,post_contact,ALL,0.0184594127015,0.158488527814,87,128
0.0175183928034,128,0.227131441798,0,32.6827740973,0.958854166667,0.665397843376,0.164199092072,0.102194298452,0.0632969006966,0.140569074395,0.00547811772928,pooled,CONTROL_NO_REVERSAL_LOSS__FULL,15360,0.255334172636,0.102194298452,ALL,ALL,0.00493685068242,0.140569074395,74,128
0.0174758298454,128,0.252092583001,0,31.8694422653,0.978645833333,0.790840114906,0.0471894703652,0.143144281642,0.100995430674,0.178293617417,0.00547811772928,task,CONTROL_NO_REVERSAL_LOSS__FULL,3840,0.248980017698,0.143144281642,ALL,bowl_on_plate,0.00381297593441,0.178293617417,64,128
0.0174393399343,128,0.207150252205,0,32.6723326354,0.983333333333,0.877439036223,0.051005530988,0.0448200994068,0.00217752976416,0.0603090646426,0.00547811772928,task,CONTROL_NO_REVERSAL_LOSS__FULL,3840,0.255252598714,0.0448200994068,ALL,plate_push,0.000208090460273,0.0603090646426,62,128
0.0174824878821,128,0.176447222833,0,32.7414405308,0.937760416667,0.26249968104,0.475430202051,0,0.0788427385857,0.0654634924895,0.00547811772928,task,CONTROL_NO_REVERSAL_LOSS__FULL,3840,0.255792504147,0,ALL,stove_turn_on,0.0014469332857,0.0654634924895,67,128
0.0176759135518,128,0.272835709154,0,33.4478809579,0.935677083333,0.730812541334,0.0831711648853,0.220812812759,0.0711719037622,0.25821012303,0.00547811772928,task,CONTROL_NO_REVERSAL_LOSS__FULL,3840,0.261311569983,0.220812812759,ALL,wine_rack,0.0142794030493,0.25821012303,67,128
0.0174813187366,128,0.0161370410009,0,33.1743505156,1,0,7.00226434058e-07,3.70964388328e-30,1.58487985007e-31,0.080684504778,0.00547811772928,phase,CONTROL_NO_REVERSAL_LOSS__FULL,3840,0.259174613403,3.70964388328e-30,free_space,ALL,5.92697187625e-19,0.080684504778,64,128
0.0174588223436,128,0.324094342854,0,31.7910377996,0.88203125,1.04261222603,0.157984700283,0.15233957661,0.0461430798061,0.221392131546,0.00547811772928,phase,CONTROL_NO_REVERSAL_LOSS__FULL,3840,0.24836748281,0.15233957661,pre_contact,ALL,0.000475261464843,0.221392131546,62,128
0.0175891042302,128,0.276995355893,0,32.5160812326,0.956510416667,0.885084023317,0.239412142489,0.111515161917,0.0308718583472,0.118093593394,0.00547811772928,phase,CONTROL_NO_REVERSAL_LOSS__FULL,3840,0.25403188463,0.111515161917,contact_onset,ALL,0.00101061321692,0.118093593394,61,128
0.017544325903,128,0.291299027445,0,33.2496268416,0.996875,0.733895124161,0.259398825291,0.144922455281,0.176172664633,0.142106067861,0.00547811772928,phase,CONTROL_NO_REVERSAL_LOSS__FULL,3840,0.2597627097,0.144922455281,post_contact,ALL,0.0182615280479,0.142106067861,67,128
0.0189991239283,64,0.252524663078,0,17.1644797467,0.958138020833,0.716840948739,0.198162226093,0.113869963293,0.0704567415657,0.1632934357,0.00547811772928,pooled,CONTROL_NO_REVERSAL_LOSS__K64,15360,0.268194996042,0.113869963293,ALL,ALL,0.00510137343602,0.1632934357,89,128
0.0190956347345,64,0.273993828672,0,17.1451721851,0.975,0.857545024175,0.0499783929142,0.150236350532,0.115483200288,0.196726175449,0.00547811772928,task,CONTROL_NO_REVERSAL_LOSS__K64,3840,0.267893315392,0.150236350532,ALL,bowl_on_plate,0.00447761241896,0.196726175449,77,128
0.0191193991103,64,0.232909293524,0,18.2655797472,0.985416666667,0.95805843023,0.0770265964239,0.0531531317684,0.00241692414168,0.073891385054,0.00547811772928,task,CONTROL_NO_REVERSAL_LOSS__K64,3840,0.28539968355,0.0531531317684,ALL,plate_push,0.000216571578207,0.073891385054,74,128
0.018996875863,64,0.21034149807,0,16.5185434083,0.933333333333,0.302046817427,0.57078680409,0,0.0915129360431,0.087360932792,0.00547811772928,task,CONTROL_NO_REVERSAL_LOSS__K64,3840,0.258102240755,0,ALL,stove_turn_on,0.00161640141477,0.087360932792,84,128
0.0187845860056,64,0.292854032047,0,16.7286236462,0.938802083333,0.749713523124,0.0948571109445,0.252090370873,0.0724139057906,0.295195249505,0.00547811772928,task,CONTROL_NO_REVERSAL_LOSS__K64,3840,0.261384744472,0.252090370873,ALL,wine_rack,0.0140949083322,0.295195249505,80,128
0.0187086771152,64,0.0215388409101,0,17.1541731457,1,0,9.76448945067e-07,4.51340992384e-30,1.58487985007e-31,0.107693228102,0.00547811772928,phase,CONTROL_NO_REVERSAL_LOSS__K64,3840,0.268033955402,4.51340992384e-30,free_space,ALL,5.92697187625e-19,0.107693228102,75,128
0.019040105577,64,0.353641389165,0,17.6799510226,0.885677083333,1.1100461783,0.185997552839,0.167864671757,0.0564267133833,0.24787182954,0.00547811772928,phase,CONTROL_NO_REVERSAL_LOSS__K64,3840,0.276249234728,0.167864671757,pre_contact,ALL,0.000532934254976,0.24787182954,75,128
0.0193209002082,64,0.302422631544,0,16.9823577095,0.951302083333,0.935595321284,0.26896918713,0.133020080988,0.0319989757498,0.142529592567,0.00547811772928,phase,CONTROL_NO_REVERSAL_LOSS__K64,3840,0.265349339212,0.133020080988,contact_onset,ALL,0.00109598369244,0.142529592567,75,128
0.018926812813,64,0.332495790694,0,16.841437109,0.995572916667,0.821722295367,0.337681187955,0.154595100428,0.19340127713,0.155079092592,0.00547811772928,phase,CONTROL_NO_REVERSAL_LOSS__K64,3840,0.263147454828,0.154595100428,post_contact,ALL,0.0187765757967,0.155079092592,77,128
0.0174823162616,128,0.223226571319,0,32.8450054505,0.958528645833,0.664014534542,0.15183058421,0.100666839865,0.0621593479474,0.137461550029,0.00638403543892,pooled,CONTROL_PHASE_ONLY__FULL,15360,0.256601605082,0.100666839865,ALL,ALL,0.00494419412011,0.137461550029,72,128
0.0175590760959,128,0.248887306142,0,32.261355517,0.977864583333,0.785002724581,0.0421809145713,0.139046510209,0.105854501637,0.172351879712,0.00638403543892,task,CONTROL_PHASE_ONLY__FULL,3840,0.252041839976,0.139046510209,ALL,bowl_on_plate,0.00402548809007,0.172351879712,61,128
0.0173722949389,128,0.207612398647,0,33.6207016293,0.9828125,0.875414444474,0.0550478321106,0.0451497927389,0.00209810673121,0.0603518171785,0.00638403543892,task,CONTROL_PHASE_ONLY__FULL,3840,0.262661731479,0.0451497927389,ALL,plate_push,0.000206221920634,0.0603518171785,62,128
0.0174010018487,128,0.163561900189,0,33.1343494068,0.937760416667,0.258351863614,0.427624342533,0,0.0694533665271,0.0623799282714,0.00638403543892,task,CONTROL_PHASE_ONLY__FULL,3840,0.25886210474,0,ALL,stove_turn_on,0.00131571298726,0.0623799282714,64,128
0.0175968921631,128,0.272844680297,0,32.3636152491,0.935677083333,0.737289105498,0.082469247625,0.218471056512,0.0712314168945,0.254762574953,0.00638403543892,task,CONTROL_PHASE_ONLY__FULL,3840,0.252840744134,0.218471056512,ALL,wine_rack,0.0142293534825,0.254762574953,57,128
0.0177470958734,128,0.0157665478768,0,33.0688952422,1,0,7.10312792679e-07,3.62400672685e-30,1.66512693108e-31,0.0788320290712,0.00638403543892,phase,CONTROL_PHASE_ONLY__FULL,3840,0.25835074408,3.62400672685e-30,free_space,ALL,6.21609245558e-19,0.0788320290712,60,128
0.017353844391,128,0.319387555653,0,31.9130934619,0.883854166667,1.04138672816,0.14654499385,0.151842281931,0.0413602618921,0.215803512427,0.00638403543892,phase,CONTROL_PHASE_ONLY__FULL,3840,0.249321042671,0.151842281931,pre_contact,ALL,0.000455951719115,0.215803512427,57,128
0.0173986971018,128,0.272826100741,0,32.5851454022,0.955208333333,0.888138998146,0.222116475275,0.110018692631,0.0272648723018,0.116591465352,0.00638403543892,phase,CONTROL_PHASE_ONLY__FULL,3840,0.254571448455,0.110018692631,contact_onset,ALL,0.000932970174547,0.116591465352,57,128
0.0174296276804,128,0.284926081003,0,33.8128876957,0.995052083333,0.726532411857,0.238660157402,0.140806384899,0.180012257595,0.138619193264,0.00638403543892,phase,CONTROL_PHASE_ONLY__FULL,3840,0.264163185123,0.140806384899,post_contact,ALL,0.0183878545868,0.138619193264,70,128
0.0189104234746,64,0.251407963154,0,17.3334391046,0.9572265625,0.724783314538,0.187417385719,0.112998622867,0.071750247766,0.160090244882,0.00638403543892,pooled,CONTROL_PHASE_ONLY__K64,15360,0.270834986009,0.112998622867,ALL,ALL,0.0052018840603,0.160090244882,91,128
0.0191389933379,64,0.269856197595,0,17.6459168376,0.978125,0.848197686965,0.048882064569,0.147792338641,0.112257452143,0.192151445658,0.00638403543892,task,CONTROL_PHASE_ONLY__K64,3840,0.275717450588,0.147792338641,ALL,bowl_on_plate,0.00450461128075,0.192151445658,74,128
0.0187250889908,64,0.234910392832,0,17.1931657525,0.98203125,0.971598360597,0.0694274447531,0.0569703533294,0.00269460300981,0.0738612024708,0.00638403543892,task,CONTROL_PHASE_ONLY__K64,3840,0.268643214883,0.0569703533294,ALL,plate_push,0.000220953704216,0.0738612024708,75,128
0.0189440463375,64,0.202747462538,0,16.5402452376,0.933072916667,0.296260294891,0.534997811672,0,0.0995487927375,0.0829304133909,0.00638403543892,task,CONTROL_PHASE_ONLY__K64,3840,0.258441331837,0,ALL,stove_turn_on,0.00167779128194,0.0829304133909,79,128
0.0188335652323,64,0.298117799652,0,17.9544285907,0.935677083333,0.783076915701,0.0963622218799,0.2472317995,0.072500143174,0.291417918007,0.00638403543892,task,CONTROL_PHASE_ONLY__K64,3840,0.280537946729,0.2472317995,ALL,wine_rack,0.0144041799743,0.291417918007,67,128
0.018664789759,64,0.0206265577614,0,17.1903050182,1,0,7.99184161254e-07,2.73992757212e-30,1.58487985007e-31,0.103131989623,0.00638403543892,phase,CONTROL_PHASE_ONLY__K64,3840,0.26859851591,2.73992757212e-30,free_space,ALL,5.92697187625e-19,0.103131989623,75,128
0.0190964430584,64,0.347030326232,0,17.3432794208,0.87734375,1.12858402903,0.169226304896,0.153817634437,0.0509146121055,0.232609050696,0.00638403543892,phase,CONTROL_PHASE_ONLY__K64,3840,0.27098874095,0.153817634437,pre_contact,ALL,0.000495475309108,0.232609050696,71,128
0.0193975296358,64,0.321404856068,0,17.1047600438,0.955989583333,0.973398190322,0.29615034769,0.141333568796,0.0475360329656,0.148606140567,0.00638403543892,phase,CONTROL_PHASE_ONLY__K64,3840,0.267261875685,0.141333568796,contact_onset,ALL,0.0012474745071,0.148606140567,74,128
0.0184829314453,64,0.316570112556,0,17.6954119355,0.995572916667,0.797151038804,0.284292091104,0.156843288237,0.188550345993,0.156013798641,0.00638403543892,phase,CONTROL_PHASE_ONLY__K64,3840,0.276490811492,0.156843288237,post_contact,ALL,0.019064586425,0.156013798641,81,128
0.017415110639,128,0.22573019917,0,33.1158478707,0.959635416667,0.666390457871,0.159640943793,0.100707015893,0.0631317613311,0.13878081696,0.0032408407555,pooled,P1_CONTEXT_GATED_PSD__FULL,15360,0.25871756149,0.100707015893,ALL,ALL,0.00484670086243,0.13878081696,73,128
0.0175259069128,128,0.255771328867,0,33.8719697831,0.978645833333,0.796914927157,0.0467713367822,0.146630755987,0.106906989633,0.181632634776,0.0032408407555,task,P1_CONTEXT_GATED_PSD__FULL,3840,0.264624763931,0.146630755987,ALL,bowl_on_plate,0.00403397672341,0.181632634776,64,128
0.0173895985874,128,0.207298590564,0,31.2859126543,0.98515625,0.876329666701,0.0549288316376,0.0433285638756,0.00226095440608,0.0596449361982,0.0032408407555,task,P1_CONTEXT_GATED_PSD__FULL,3840,0.244421192612,0.0433285638756,ALL,plate_push,0.000208890998752,0.0596449361982,63,128
0.017325335168,128,0.172401492326,0,33.8192039754,0.939322916667,0.264203125576,0.456294956996,0,0.0751444145753,0.0663649644854,0.0032408407555,task,P1_CONTEXT_GATED_PSD__FULL,3840,0.264212531058,0,ALL,stove_turn_on,0.00137144386326,0.0663649644854,64,128
0.0174196018877,128,0.267449384921,0,33.4863050698,0.935416666667,0.72811411205,0.0805686497566,0.212868743709,0.0682146867096,0.247480732382,0.0032408407555,task,P1_CONTEXT_GATED_PSD__FULL,3840,0.261611758358,0.212868743709,ALL,wine_rack,0.0137724918643,0.247480732382,68,128
0.0176853710208,128,0.0160621012005,0,32.733631398,1,0,7.13487082999e-07,3.62071332064e-30,1.64506516083e-31,0.0803097925154,0.0032408407555,phase,P1_CONTEXT_GATED_PSD__FULL,3840,0.255731495297,3.62071332064e-30,free_space,ALL,6.07153216592e-19,0.0803097925154,63,128
0.0174255670628,128,0.320666551952,0,32.1458087447,0.884895833333,1.04128764322,0.156219701506,0.147363501541,0.0454405121427,0.213021401353,0.0032408407555,phase,P1_CONTEXT_GATED_PSD__FULL,3840,0.251139130818,0.147363501541,pre_contact,ALL,0.000474879705131,0.213021401353,63,128
0.0172996981217,128,0.276015144204,0,33.8327622145,0.956770833333,0.881189292965,0.232415624504,0.115023560179,0.0288889097501,0.122558333621,0.0032408407555,phase,P1_CONTEXT_GATED_PSD__FULL,3840,0.264318454801,0.115023560179,contact_onset,ALL,0.000970692083299,0.122558333621,64,128
0.0172498063507,128,0.290176999322,0,33.7511891255,0.996875,0.743084895301,0.249927735675,0.140441001852,0.178197623432,0.139233740352,0.0032408407555,phase,P1_CONTEXT_GATED_PSD__FULL,3840,0.263681165043,0.140441001852,post_contact,ALL,0.0179412316613,0.139233740352,68,128
0.0189870998392,64,0.254252710042,0,16.8449235995,0.958723958333,0.721268786952,0.194023253877,0.116427410886,0.0732871004135,0.166256998082,0.0032408407555,pooled,P1_CONTEXT_GATED_PSD__K64,15360,0.263201931243,0.116427410886,ALL,ALL,0.00550519493962,0.166256998082,93,128
0.0192427889845,64,0.281873327679,0,17.6025620854,0.976041666667,0.868830635643,0.0534522380731,0.156738357154,0.123960545579,0.206384861949,0.0032408407555,task,P1_CONTEXT_GATED_PSD__K64,3840,0.275040032584,0.156738357154,ALL,bowl_on_plate,0.00511097343912,0.206384861949,80,128
0.01870926274,64,0.232155963301,0,16.731104046,0.983072916667,0.966750751118,0.0658098854177,0.0552908558907,0.00196926970781,0.0709590543709,0.0032408407555,task,P1_CONTEXT_GATED_PSD__K64,3840,0.26142350072,0.0552908558907,ALL,plate_push,0.000219263941043,0.0709590543709,82,128
0.0189965587342,64,0.208393690566,0,16.8197302887,0.935677083333,0.295238159581,0.566265611964,0,0.0930023964199,0.0874622848677,0.0032408407555,task,P1_CONTEXT_GATED_PSD__K64,3840,0.262808285761,0,ALL,stove_turn_on,0.00165160666802,0.0874622848677,81,128
0.0189997888981,64,0.294587858621,0,16.226297978,0.940104166667,0.754255601466,0.0905652800514,0.253680430498,0.0742161899473,0.300221791142,0.0032408407555,task,P1_CONTEXT_GATED_PSD__K64,3840,0.253535905906,0.253680430498,ALL,wine_rack,0.0150389357103,0.300221791142,78,128
0.0184744207139,64,0.0216432072088,0,16.7776013852,1,0,8.54487513292e-07,2.73425172182e-30,1.70525047159e-31,0.108215181556,0.0032408407555,phase,P1_CONTEXT_GATED_PSD__K64,3840,0.262150021644,2.73425172182e-30,free_space,ALL,6.50521303491e-19,0.108215181556,72,128
0.0190979441543,64,0.354770868291,0,16.9938142189,0.884114583333,1.10904272109,0.185709077135,0.171393887519,0.0557722363439,0.25193641937,0.0032408407555,phase,P1_CONTEXT_GATED_PSD__K64,3840,0.265528347171,0.171393887519,pre_contact,ALL,0.000531643133382,0.25193641937,77,128
0.0192583249014,64,0.30564151054,0,16.4654205409,0.9546875,0.951309821041,0.258054406204,0.139369312713,0.0322959939893,0.147178018754,0.0032408407555,phase,P1_CONTEXT_GATED_PSD__K64,3840,0.257272195951,0.139369312713,contact_onset,ALL,0.00108803407175,0.147178018754,75,128
0.0191177095872,64,0.334955254128,0,17.142858253,0.99609375,0.824722605681,0.33232867768,0.15494644331,0.205080171321,0.157698372649,0.0032408407555,phase,P1_CONTEXT_GATED_PSD__K64,3840,0.267857160203,0.15494644331,post_contact,ALL,0.0204011025534,0.157698372649,84,128
