action_reconstruction_rmse,balanced_task_effect_error,contact_mode_preserved,direction_family_id,error_group_contact_mode_and_penetration,error_group_gripper_and_articulation,error_group_object_pose,error_group_task_progress_and_constraint,error_group_tcp_object_relative_pose,level,mean_atlas_size,mean_valid_bank_size,method,n,object_pose_error,phase,row_type,task_id,task_progress_abs_error,tcp_object_relative_pose_error
0.0215328372031,0.0547247172618,0.9833984375,ALL,0.0743562997424,0.0295001222447,0.0684492045162,0.00610993920167,0.095208020604,pooled,128,128,O_STATE_FULL,6144,0.0684492045162,ALL,summary,ALL,0.000450506695271,0.095208020604
0.0216554492149,0.105294844617,0.947916666667,ALL,0.159174975189,0.0324851649775,0.151306276297,0.0122079816785,0.171299824944,task,128,128,O_STATE_FULL,1536,0.151306276297,ALL,summary,bowl_on_plate,0.0010290671479,0.171299824944
0.0216286302579,0.037781179917,0.999348958333,ALL,0.0573988697223,0.0171709371532,0.0630805134151,0.000562200671065,0.0506933786232,task,128,128,O_STATE_FULL,1536,0.0630805134151,ALL,summary,plate_push,0.000126433624566,0.0506933786232
0.0219440206828,0.0362845067792,0.998046875,ALL,0.0315822827946,0.0616159483754,0,0.0104544904412,0.0777698122846,task,128,128,O_STATE_FULL,1536,0,ALL,summary,stove_turn_on,0.000359108569089,0.0777698122846
0.0209032486568,0.0395383377339,0.98828125,ALL,0.0492690712642,0.00672843847258,0.0594100283522,0.00121508401597,0.0810690665646,task,128,128,O_STATE_FULL,1536,0.0594100283522,ALL,summary,wine_rack,0.000287417439525,0.0810690665646
0.0191986070716,0.0150717041453,1,ALL,0,6.31592097942e-08,1.0862179021e-29,1.20370621524e-31,0.0753584575673,phase,128,128,O_STATE_FULL,1536,1.0862179021e-29,free_space,summary,ALL,4.33680868994e-19,0.0753584575673
0.0221561874744,0.0866177977511,0.947916666667,ALL,0.140869014803,0.0306297618144,0.102886881606,0.00718143893349,0.151521891599,phase,128,128,O_STATE_FULL,1536,0.102886881606,pre_contact,summary,ALL,0.000438172770269,0.151521891599
0.0224187236424,0.0633739363874,0.985677083333,ALL,0.0808983885163,0.0585308097467,0.0968643620508,0.0076432242406,0.0729328973828,phase,128,128,O_STATE_FULL,1536,0.0968643620508,contact_onset,summary,ALL,0.000482899438248,0.0729328973828
0.0223578306241,0.0538354307633,1,ALL,0.0756577956502,0.0288398542584,0.0740455744079,0.00961509363258,0.0810188358673,phase,128,128,O_STATE_FULL,1536,0.0740455744079,post_contact,summary,ALL,0.000880954572568,0.0810188358673
0.0216888208816,0.0483667153742,0.98095703125,0,0.0701327854549,0.0234282611545,0.0615547888866,0.00625005831308,0.0804676830619,direction_family,128,128,O_STATE_FULL,2048,0.0615547888866,ALL,summary,ALL,0.000450601802756,0.0804676830619
0.0212832317874,0.0751673396663,0.98291015625,1,0.0949649270816,0.0433955498885,0.0924263485907,0.00822945685739,0.136820415913,direction_family,128,128,O_STATE_FULL,2048,0.0924263485907,ALL,summary,ALL,0.000565784151868,0.136820415913
0.0216264589403,0.0406400967449,0.986328125,2,0.0579711866907,0.0216765556911,0.0513664760712,0.00385030243453,0.068335962837,direction_family,128,128,O_STATE_FULL,2048,0.0513664760712,ALL,summary,ALL,0.000335134131189,0.068335962837
0.0225101642194,0.0691660539265,0.979817708333,ALL,0.0951853993703,0.0365463844094,0.0852926134219,0.00692926013245,0.121876612298,pooled,64,128,O_STATE_K64,6144,0.0852926134219,ALL,summary,ALL,0.00049070605495,0.121876612298
0.0231167731415,0.13205697468,0.934895833333,ALL,0.211537905905,0.039178266285,0.184856918818,0.011424863202,0.213286919189,task,64,128,O_STATE_K64,1536,0.184856918818,ALL,summary,bowl_on_plate,0.00103053518947,0.213286919189
0.0221320001409,0.0495638572099,0.999348958333,ALL,0.0743221684244,0.0267788034148,0.0800526159972,0.000786860375972,0.0658788378374,task,64,128,O_STATE_K64,1536,0.0800526159972,ALL,summary,plate_push,0.00015748212446,0.0658788378374
0.0234833645666,0.0448288704286,0.998046875,ALL,0.0382723156293,0.0708324451306,0,0.013918848031,0.101120743352,task,64,128,O_STATE_K64,1536,0,ALL,summary,stove_turn_on,0.000427060711662,0.101120743352
0.0213085190287,0.0502145133875,0.986979166667,ALL,0.056609207523,0.00939602280725,0.0762609188725,0.00158646892083,0.107219948814,task,64,128,O_STATE_K64,1536,0.0762609188725,ALL,summary,wine_rack,0.000347746194203,0.107219948814
0.0207852438813,0.01969595842,1,ALL,0,7.93308635103e-08,1.04131620556e-29,1.0030885127e-31,0.0984797127694,phase,64,128,O_STATE_K64,1536,1.04131620556e-29,free_space,summary,ALL,3.61400724162e-19,0.0984797127694
0.0231636208255,0.107431288698,0.932942708333,ALL,0.18018722856,0.0355437009922,0.120630259937,0.00862309578184,0.192172158219,phase,64,128,O_STATE_K64,1536,0.120630259937,pre_contact,summary,ALL,0.000455936792109,0.192172158219
0.0231347012021,0.0796929666089,0.986328125,ALL,0.105088871496,0.0683515157096,0.123725702519,0.00921662325106,0.0920821200689,phase,64,128,O_STATE_K64,1536,0.123725702519,contact_onset,summary,ALL,0.000532240872151,0.0920821200689
0.0229570909688,0.0698440019788,1,ALL,0.0954654974256,0.0422902416049,0.0968144912309,0.00987732149691,0.104772458136,phase,64,128,O_STATE_K64,1536,0.0968144912309,post_contact,summary,ALL,0.00097464655554,0.104772458136
0.0223371298524,0.062718749838,0.978515625,0,0.0899779932809,0.0303859243133,0.0769546375259,0.00753625191706,0.108738942153,direction_family,64,128,O_STATE_K64,2048,0.0769546375259,ALL,summary,ALL,0.000519465141443,0.108738942153
0.0223946655579,0.0894800730383,0.98046875,1,0.11190274062,0.0507746359868,0.113057417927,0.00749543067494,0.164170139982,direction_family,64,128,O_STATE_K64,2048,0.113057417927,ALL,summary,ALL,0.000548862980662,0.164170139982
0.022798697248,0.055299338903,0.98046875,2,0.0836754642098,0.0284785929281,0.0658657848126,0.00575609780536,0.0927207547592,direction_family,64,128,O_STATE_K64,2048,0.0658657848126,ALL,summary,ALL,0.000403790042745,0.0927207547592
0.023356597519,0.442386916198,0.94287109375,ALL,0.872606633864,0.434796538789,0.318120495797,0.113357065848,0.473053846692,pooled,128,128,O_STATIC_FULL,6144,0.318120495797,ALL,summary,ALL,0.00469151831932,0.473053846692
0.023356597519,0.683925881169,0.879557291667,ALL,1.32405733654,0.442362137369,0.695394042999,0.0998949183978,0.857920970538,task,128,128,O_STATIC_FULL,1536,0.695394042999,ALL,summary,bowl_on_plate,0.00407974759083,0.857920970538
0.023356597519,0.391086804611,0.97265625,ALL,1.30306216589,0.184257837688,0.222007620385,0.00197563939764,0.244130759688,task,128,128,O_STATIC_FULL,1536,0.222007620385,ALL,summary,plate_push,0.000206821679155,0.244130759688
0.023356597519,0.391896199966,0.95703125,ALL,0.348076654634,0.965970288155,0,0.291208649493,0.354225407548,task,128,128,O_STATIC_FULL,1536,0,ALL,summary,stove_turn_on,0.00459607002834,0.354225407548
0.023356597519,0.302638779046,0.962239583333,ALL,0.515230378386,0.146595891944,0.355080319804,0.0603490561046,0.435938248993,task,128,128,O_STATIC_FULL,1536,0.355080319804,ALL,summary,wine_rack,0.00988343397897,0.435938248993
0.023356597519,0.108676849102,1,ALL,0,1.89246960528e-07,1.3087645409e-29,1.80555932286e-31,0.543384056264,phase,128,128,O_STATIC_FULL,1536,1.3087645409e-29,free_space,summary,ALL,6.50521303491e-19,0.543384056264
0.023356597519,0.588178201638,0.791666666667,ALL,1.41472815926,0.440160180766,0.390917409649,0.128948801305,0.566136457213,phase,128,128,O_STATIC_FULL,1536,0.390917409649,pre_contact,summary,ALL,0.00134957499449,0.566136457213
0.023356597519,0.540188097586,0.979817708333,ALL,1.19503350946,0.571660695612,0.488587563053,0.0474573671354,0.398201352675,phase,128,128,O_STATIC_FULL,1536,0.488587563053,contact_onset,summary,ALL,0.00156177176108,0.398201352675
0.023356597519,0.532504516464,1,ALL,0.880664866736,0.727365089532,0.392977010487,0.277022094953,0.384493520615,phase,128,128,O_STATIC_FULL,1536,0.392977010487,post_contact,summary,ALL,0.0158547265217,0.384493520615
0.0235698497543,0.408086009006,0.9365234375,0,0.856990204623,0.383212006909,0.284659196915,0.0925021914047,0.423066445176,direction_family,128,128,O_STATIC_FULL,2048,0.284659196915,ALL,summary,ALL,0.00389876683808,0.423066445176
0.0251022956848,0.56696573694,0.94189453125,1,0.955437450736,0.602278732469,0.433438478484,0.173120735073,0.670553287938,direction_family,128,128,O_STATIC_FULL,2048,0.433438478484,ALL,summary,ALL,0.0063290438762,0.670553287938
0.021397647118,0.352109002648,0.9501953125,2,0.805392246232,0.318898876989,0.236263811992,0.0744482710674,0.325541806961,direction_family,128,128,O_STATIC_FULL,2048,0.236263811992,ALL,summary,ALL,0.00384674424369,0.325541806961
0.0235129438968,0.449734777676,0.942545572917,ALL,0.879156678751,0.446241643395,0.325081070251,0.119351096531,0.47884339945,pooled,128,128,O_CONTACT_FULL,6144,0.325081070251,ALL,summary,ALL,0.00476218450961,0.47884339945
0.0235129438968,0.697535870822,0.879557291667,ALL,1.35021644976,0.462443967536,0.704455857015,0.107952585581,0.862610494221,task,128,128,O_CONTACT_FULL,1536,0.704455857015,ALL,summary,bowl_on_plate,0.00428530645409,0.862610494221
0.0235129438968,0.389162821756,0.973958333333,ALL,1.29050802279,0.177165481557,0.229764765503,0.00207038311614,0.246305455815,task,128,128,O_CONTACT_FULL,1536,0.229764765503,ALL,summary,plate_push,0.000219086201836,0.246305455815
0.0235129438968,0.403238674419,0.954427083333,ALL,0.348791225506,0.998356227904,0,0.307911087976,0.361134830709,task,128,128,O_CONTACT_FULL,1536,0,ALL,summary,stove_turn_on,0.0049169694228,0.361134830709
0.0235129438968,0.309001743706,0.962239583333,ALL,0.527111016954,0.147000896581,0.366103658487,0.0594703294523,0.445322817057,task,128,128,O_CONTACT_FULL,1536,0.366103658487,ALL,summary,wine_rack,0.00962737595972,0.445322817057
0.0231128845605,0.110051547498,1,ALL,0,1.64867490798e-07,1.33205617614e-29,1.80555932286e-31,0.55025757262,phase,128,128,O_CONTACT_FULL,1536,1.33205617614e-29,free_space,summary,ALL,6.50521303491e-19,0.55025757262
0.0231128845605,0.596281278687,0.789713541667,ALL,1.42538532956,0.460836145757,0.395456853911,0.131793799791,0.567934264416,phase,128,128,O_CONTACT_FULL,1536,0.395456853911,pre_contact,summary,ALL,0.00139399470474,0.567934264416
0.023913003233,0.550126636138,0.98046875,ALL,1.21162462269,0.575703160475,0.505411481806,0.0497801438075,0.408113771911,phase,128,128,O_CONTACT_FULL,1536,0.505411481806,contact_onset,summary,ALL,0.00164031992548,0.408113771911
0.023913003233,0.54247964838,1,ALL,0.879616762753,0.748427102479,0.399455945288,0.295830442528,0.389067988854,phase,128,128,O_CONTACT_FULL,1536,0.399455945288,post_contact,summary,ALL,0.0160144234082,0.389067988854
0.0235253846518,0.412376297464,0.93701171875,0,0.858942002439,0.389061542993,0.289389927316,0.0917301391238,0.43275787545,direction_family,128,128,O_CONTACT_FULL,2048,0.289389927316,ALL,summary,ALL,0.00343440389628,0.43275787545
0.0256806656999,0.581877024601,0.93896484375,1,0.972837109311,0.614001772656,0.451680896901,0.188049784496,0.682815559641,direction_family,128,128,O_CONTACT_FULL,2048,0.451680896901,ALL,summary,ALL,0.00666315241152,0.682815559641
0.0213327813386,0.354951010962,0.95166015625,2,0.805690924502,0.335661614535,0.234172386537,0.0782733659748,0.32095676326,direction_family,128,128,O_CONTACT_FULL,2048,0.234172386537,ALL,summary,ALL,0.00418899722103,0.32095676326
0.0240025092885,0.447839186601,0.94384765625,ALL,0.87441551027,0.445295075873,0.3206832389,0.120122311748,0.478679796211,pooled,128,128,O_PHASE_FULL,6144,0.3206832389,ALL,summary,ALL,0.00483067042082,0.478679796211
0.0240025092885,0.69027236411,0.879557291667,ALL,1.33154450336,0.456541506163,0.694677446405,0.105040359063,0.863558005558,task,128,128,O_PHASE_FULL,1536,0.694677446405,ALL,summary,bowl_on_plate,0.00423734249244,0.863558005558
0.0240025092885,0.388036642375,0.973958333333,ALL,1.29802908033,0.168884940484,0.225506965175,0.00202416869712,0.245738057187,task,128,128,O_PHASE_FULL,1536,0.225506965175,ALL,summary,plate_push,0.000217750219941,0.245738057187
0.0240025092885,0.405701165107,0.955078125,ALL,0.344359280557,1.01528459035,0,0.312455240269,0.35640671436,task,128,128,O_PHASE_FULL,1536,0,ALL,summary,stove_turn_on,0.00496074928957,0.35640671436
0.0240025092885,0.307346574812,0.966796875,ALL,0.523729176833,0.140469266499,0.362548544022,0.0609694789634,0.44901640774,task,128,128,O_PHASE_FULL,1536,0.362548544022,ALL,summary,wine_rack,0.00990683968135,0.44901640774
0.0251542106406,0.110952397135,1,ALL,0,1.58802292206e-07,1.42505936131e-29,1.40432391778e-31,0.554761826871,phase,128,128,O_PHASE_FULL,1536,1.42505936131e-29,free_space,summary,ALL,5.05961013827e-19,0.554761826871
0.0234095886372,0.595466733682,0.794921875,ALL,1.42213930383,0.462381089302,0.391993819428,0.132539644554,0.568279811295,phase,128,128,O_PHASE_FULL,1536,0.391993819428,pre_contact,summary,ALL,0.00133993753189,0.568279811295
0.0234909195127,0.542769811777,0.98046875,ALL,1.20513211303,0.568944437784,0.48990924782,0.0475951025907,0.402268157662,phase,128,128,O_PHASE_FULL,1536,0.48990924782,contact_onset,summary,ALL,0.00155089935989,0.402268157662
0.0239553183634,0.542167803809,1,ALL,0.870390624221,0.749854617605,0.400829888354,0.300354499848,0.389409389016,phase,128,128,O_PHASE_FULL,1536,0.400829888354,post_contact,summary,ALL,0.0164318447915,0.389409389016
0.0238833740447,0.411388780592,0.9365234375,0,0.852977425896,0.393704952814,0.288087458748,0.0926992309579,0.429474834546,direction_family,128,128,O_PHASE_FULL,2048,0.288087458748,ALL,summary,ALL,0.00369064943324,0.429474834546
0.0261220496601,0.576474127428,0.93994140625,1,0.961093437872,0.599704185985,0.442438977352,0.185206360372,0.693927675559,direction_family,128,128,O_PHASE_FULL,2048,0.442438977352,ALL,summary,ALL,0.00658601458248,0.693927675559
0.0220021041606,0.355654651782,0.955078125,2,0.809175667043,0.342476088821,0.231523280601,0.0824613439146,0.312636878528,direction_family,128,128,O_PHASE_FULL,2048,0.231523280601,ALL,summary,ALL,0.00421534724675,0.312636878528
