action_reconstruction_rmse,balanced_task_effect_error,baseline_error,baseline_method,best_error,best_method,control_error,control_method,dimension,episode_id,error_group_contact_mode_and_penetration,error_group_gripper_and_articulation,error_group_object_pose,error_group_task_progress_and_constraint,error_group_tcp_object_relative_pose,gain_retention,linear_extrapolation_nrmse,mean_antithetic_asymmetry,mean_log_radius_scaling_deviation,method,n,phase,reproduced_gain,row_type,split,task_id,value
,,0.3325983705199762,B2_phase_residual,0.3310918063219148,MC_NCEA,0.3373787862872662,P3_mode_shuffled_atlas,,,,,,,,0.0,,,,,,,False,,development,,
,,0.3325983705199762,B2_phase_residual,0.3310918063219148,MC_NCEA,0.3458086172646396,P4_state_shuffled_atlas,,,,,,,,0.0,,,,,,,False,,development,,
,,0.3325983705199762,B2_phase_residual,0.3310918063219148,MC_NCEA,0.4179532330478973,P5_effect_shuffled_atlas,,,,,,,,0.0,,,,,,,False,,development,,
,,0.3325983705199762,B2_phase_residual,0.3310918063219148,MC_NCEA,0.36531783433210313,P6_random_latent_atlas,,,,,,,,0.0,,,,,,,False,,development,,
0.0,0.0,,,,,,,task,,0.0,0.0,0.0,0.0,0.0,,,,,B0_continuous_target,1536,,,quantization_decomposition,,,bowl_on_plate
0.0,0.0,,,,,,,task,,0.0,0.0,0.0,0.0,0.0,,,,,B0_continuous_target,1536,,,quantization_decomposition,,,plate_push
0.0,0.0,,,,,,,task,,0.0,0.0,0.0,0.0,0.0,,,,,B0_continuous_target,1536,,,quantization_decomposition,,,stove_turn_on
0.0,0.0,,,,,,,task,,0.0,0.0,0.0,0.0,0.0,,,,,B0_continuous_target,1536,,,quantization_decomposition,,,wine_rack
0.0,0.0,,,,,,,phase,,0.0,0.0,0.0,0.0,0.0,,,,,B0_continuous_target,1536,,,quantization_decomposition,,,free_space
0.0,0.0,,,,,,,phase,,0.0,0.0,0.0,0.0,0.0,,,,,B0_continuous_target,1536,,,quantization_decomposition,,,pre_contact
0.0,0.0,,,,,,,phase,,0.0,0.0,0.0,0.0,0.0,,,,,B0_continuous_target,1536,,,quantization_decomposition,,,contact_onset
0.0,0.0,,,,,,,phase,,0.0,0.0,0.0,0.0,0.0,,,,,B0_continuous_target,1536,,,quantization_decomposition,,,post_contact
0.0,0.0,,,,,,,direction_family,,0.0,0.0,0.0,0.0,0.0,,,,,B0_continuous_target,3072,,,quantization_decomposition,,,0
0.0,0.0,,,,,,,direction_family,,0.0,0.0,0.0,0.0,0.0,,,,,B0_continuous_target,1536,,,quantization_decomposition,,,1
0.0,0.0,,,,,,,direction_family,,0.0,0.0,0.0,0.0,0.0,,,,,B0_continuous_target,1536,,,quantization_decomposition,,,2
0.017675002669722027,0.41281633358596476,,,,,,,task,,0.8880050840952102,0.24798439747025355,0.3394937614143327,0.144216524150918,0.4443819007991096,,,,,B1_centered_covariance,1536,,,quantization_decomposition,,,bowl_on_plate
0.01781118964452955,0.3375856930636593,,,,,,,task,,1.151389169857068,0.14935274525335082,0.17311883885660265,0.00992783240389146,0.20413987894738347,,,,,B1_centered_covariance,1536,,,quantization_decomposition,,,plate_push
0.017669666089066376,0.4679549629941318,,,,,,,task,,0.5142167754479051,1.2231885476746693,0.0,0.3075523738130423,0.29481711803504235,,,,,B1_centered_covariance,1536,,,quantization_decomposition,,,stove_turn_on
0.01804668023580319,0.38041536965901424,,,,,,,task,,0.9567417950973606,0.061782600825179494,0.3495480371113775,0.016650724019565247,0.517353691241588,,,,,B1_centered_covariance,1536,,,quantization_decomposition,,,wine_rack
0.017707676278282087,0.06816340639301927,,,,,,,phase,,0.0,2.3809488298519684e-08,1.1814947484453507e-29,0.0,0.34081700815560795,,,,,B1_centered_covariance,1536,,,quantization_decomposition,,,free_space
0.017794125209871434,0.555417170505187,,,,,,,phase,,1.4608190155120628,0.4590750840387147,0.25074019429653327,0.12684097246247217,0.47961058621615194,,,,,B1_centered_covariance,1536,,,quantization_decomposition,,,pre_contact
0.01794904588942481,0.48791811711592875,,,,,,,phase,,1.1143597315264193,0.5474141111166058,0.31252545150890537,0.12606747588419984,0.3392238155435134,,,,,B1_centered_covariance,1536,,,quantization_decomposition,,,contact_onset
0.01775169126154281,0.4872736652886351,,,,,,,phase,,0.9351740774590617,0.6758190722586442,0.29889499157687416,0.22543900604074504,0.3010411791078503,,,,,B1_centered_covariance,1536,,,quantization_decomposition,,,post_contact
0.01787407216488329,0.40311226683145646,,,,,,,direction_family,,0.8763844647571929,0.42772183164201266,0.22306635502619954,0.11603067134668348,0.3723580113851941,,,,,B1_centered_covariance,3072,,,quantization_decomposition,,,0
0.015988821102603083,0.3854404856709481,,,,,,,direction_family,,0.8697031742627331,0.3969791203761009,0.19360470035762134,0.11586649582658436,0.3510489375317005,,,,,B1_centered_covariance,1536,,,quantization_decomposition,,,1
0.019465573206751484,0.40710733996890897,,,,,,,direction_family,,0.887880720720425,0.429885507563327,0.22242322697229253,0.13041961586746573,0.36492762872103485,,,,,B1_centered_covariance,1536,,,quantization_decomposition,,,2
0.01576691711921682,0.357182458174685,,,,,,,task,,0.8204198841935838,0.2002946276294648,0.2893518667098348,0.11012998756946718,0.3657159247710748,,,,,B2_phase_residual,1536,,,quantization_decomposition,,,bowl_on_plate
0.015737131430617907,0.28732616777489545,,,,,,,task,,1.0328568588351892,0.11337446696437252,0.1284252620148799,0.008232557181670475,0.15374169387836506,,,,,B2_phase_residual,1536,,,quantization_decomposition,,,plate_push
0.015883918399872732,0.37061748285074253,,,,,,,task,,0.41588241583300417,1.0034370420269394,0.0,0.2364751382913504,0.19729281810241894,,,,,B2_phase_residual,1536,,,quantization_decomposition,,,stove_turn_on
0.015874853057663573,0.3152673732795818,,,,,,,task,,0.839518109736464,0.043604491914254195,0.2838796119501781,0.011311769647383209,0.3980228831496298,,,,,B2_phase_residual,1536,,,quantization_decomposition,,,wine_rack
0.01685073066310616,0.051774791511618616,,,,,,,phase,,0.0,2.004390101660451e-08,1.2938843852462063e-29,0.0,0.258873937514192,,,,,B2_phase_residual,1536,,,quantization_decomposition,,,free_space
0.015335927313493522,0.4510000238289778,,,,,,,phase,,1.25583391388974,0.3302899452090908,0.2083580220171025,0.10427683992391472,0.3562413981050412,,,,,B2_phase_residual,1536,,,quantization_decomposition,,,pre_contact
0.015486482367939184,0.3933027526321706,,,,,,,phase,,0.9423402107897972,0.4635461667020118,0.2253382241739211,0.09585842216788232,0.23943073932724102,,,,,B2_phase_residual,1536,,,quantization_decomposition,,,contact_onset
0.015589679662832165,0.43431591410713777,,,,,,,phase,,0.9105031439187039,0.5668744965800272,0.2679604944838692,0.1660141905980742,0.26022724495501437,,,,,B2_phase_residual,1536,,,quantization_decomposition,,,post_contact
0.015901707999033145,0.3313882591985447,,,,,,,direction_family,,0.7763025393531224,0.3365314655086152,0.1802597932598553,0.08154562905394148,0.28230186881718916,,,,,B2_phase_residual,3072,,,quantization_decomposition,,,0
0.014292976392864096,0.35204963600695766,,,,,,,direction_family,,0.7744537599779905,0.3818639436512224,0.1782798650697933,0.12240073010134551,0.30324988123443664,,,,,B2_phase_residual,1536,,,quantization_decomposition,,,1
0.017166427616440643,0.3155673276758578,,,,,,,direction_family,,0.781618429914006,0.30578375386657797,0.16285728908538885,0.08065746448064275,0.2469197010326737,,,,,B2_phase_residual,1536,,,quantization_decomposition,,,2
0.019439208017403464,0.3873996520843181,,,,,,,task,,0.9131012266765373,0.20253071467886877,0.2959669666294105,0.1361679314761188,0.38923142096065505,,,,,B3_dynamic_action_medoids,1536,,,quantization_decomposition,,,bowl_on_plate
0.019570600115414984,0.3156343376796861,,,,,,,task,,1.1251191965866891,0.10524252755331,0.16063648438389241,0.00791412403225424,0.17925935584228458,,,,,B3_dynamic_action_medoids,1536,,,quantization_decomposition,,,plate_push
0.01955117590022157,0.42129883714295807,,,,,,,task,,0.5271013913842549,1.069895465430658,0.0,0.2612816116570774,0.24821571724280012,,,,,B3_dynamic_action_medoids,1536,,,quantization_decomposition,,,stove_turn_on
0.019467022995047493,0.3662820896757304,,,,,,,task,,0.9431587730595868,0.0535354403471002,0.3329470578685076,0.018132102558770933,0.4836370745446866,,,,,B3_dynamic_action_medoids,1536,,,quantization_decomposition,,,wine_rack
0.019487470318901887,0.06037005312954468,,,,,,,phase,,0.0,1.819563812534965e-08,1.1101825579114921e-29,0.0,0.3018502474520853,,,,,B3_dynamic_action_medoids,1536,,,quantization_decomposition,,,free_space
0.019397829732642098,0.5228722175488708,,,,,,,phase,,1.4416852311659873,0.39105774091719714,0.23888363477349925,0.12012745535765046,0.42260702553002005,,,,,B3_dynamic_action_medoids,1536,,,quantization_decomposition,,,pre_contact
0.019595694376815104,0.4414695389245775,,,,,,,phase,,1.0739446213768402,0.4707562490025479,0.26322967887815846,0.1061524546459483,0.2932646907193926,,,,,B3_dynamic_action_medoids,1536,,,quantization_decomposition,,,contact_onset
0.01954701259972842,0.46590310697969967,,,,,,,phase,,0.9928507351642407,0.5693901398945539,0.2874371952301528,0.1972158597206227,0.2826216048889283,,,,,B3_dynamic_action_medoids,1536,,,quantization_decomposition,,,post_contact
0.019344418291085626,0.37259148819762133,,,,,,,direction_family,,0.8895679665821886,0.36004830809118865,0.19671589521024535,0.09949480922682406,0.31713046187765975,,,,,B3_dynamic_action_medoids,3072,,,quantization_decomposition,,,0
0.01877020091346065,0.39700897317439493,,,,,,,direction_family,,0.8837988717554719,0.3748098434385751,0.21833444067679353,0.11945887281010002,0.3886428371910342,,,,,B3_dynamic_action_medoids,1536,,,quantization_decomposition,,,1
0.020568969532455603,0.34842296701305503,,,,,,,direction_family,,0.8455457827872186,0.3362976883889846,0.17778427778452635,0.10504727846047328,0.2774398076440725,,,,,B3_dynamic_action_medoids,1536,,,quantization_decomposition,,,2
0.022346622586183806,0.39404120989235203,,,,,,,task,,0.9287254448501772,0.21353045865396303,0.3206287117717192,0.11268714918317939,0.3946342850027212,,,,,B4_state_action_vq,1536,,,quantization_decomposition,,,bowl_on_plate
0.024676329014548998,0.3965895063513547,,,,,,,task,,1.2604657799886285,0.17577713061731293,0.2544799692150255,0.008015765532027588,0.2842088864037793,,,,,B4_state_action_vq,1536,,,quantization_decomposition,,,plate_push
0.02311593112282913,0.4699941668130623,,,,,,,task,,0.5393943973279992,1.1365068572058272,0.0,0.3868406553708122,0.2872289241606726,,,,,B4_state_action_vq,1536,,,quantization_decomposition,,,stove_turn_on
0.023020610343215005,0.3821086604502333,,,,,,,task,,0.9553481837268952,0.06398804646357407,0.35679162194744535,0.015097303809723307,0.5193181463035287,,,,,B4_state_action_vq,1536,,,quantization_decomposition,,,wine_rack
0.022349255804404184,0.07360442543331758,,,,,,,phase,,0.0,2.50269940185249e-08,1.78180786133445e-29,0.0,0.3680221021395939,,,,,B4_state_action_vq,1536,,,quantization_decomposition,,,free_space
0.02191612906943864,0.5244308232116768,,,,,,,phase,,1.4909463233134377,0.3789987118939504,0.23066485973023018,0.10409021148411353,0.4174540096366517,,,,,B4_state_action_vq,1536,,,quantization_decomposition,,,pre_contact
0.024924180397511753,0.5244036328469278,,,,,,,phase,,1.158320160139089,0.5396872304213901,0.3743008685651468,0.17172190885247432,0.3779879962565387,,,,,B4_state_action_vq,1536,,,quantization_decomposition,,,contact_onset
0.02396992779542236,0.5202946620150802,,,,,,,phase,,1.034667322441173,0.6711165255983428,0.3269345746388131,0.2468287535591546,0.32192613383791757,,,,,B4_state_action_vq,1536,,,quantization_decomposition,,,post_contact
0.023568510780357488,0.41332525203565956,,,,,,,direction_family,,0.9176907602551809,0.40112879318251954,0.23665421289097122,0.13289116416362523,0.37826132968600107,,,,,B4_state_action_vq,3072,,,quantization_decomposition,,,0
0.02154025883985966,0.4314664495480384,,,,,,,direction_family,,0.9319989879990199,0.4190213338014635,0.25966387465207763,0.13988555118118037,0.40676250010645076,,,,,B4_state_action_vq,1536,,,quantization_decomposition,,,1
0.0244822126662023,0.38461658988764474,,,,,,,direction_family,,0.9165532973843181,0.36852357277417475,0.19892800250017004,0.11697299438731168,0.32210508239224894,,,,,B4_state_action_vq,1536,,,quantization_decomposition,,,2
0.022419754841168246,0.3494311259513257,,,,,,,task,,0.8786214804463278,0.19463923891059656,0.26321211389864824,0.10503699599717914,0.3056458005038772,,,,,MC_NCEA,1536,,,quantization_decomposition,,,bowl_on_plate
0.022852793483808947,0.292294968823321,,,,,,,task,,1.1136938143887978,0.11552502418775457,0.10653106679869744,0.009488143954096728,0.11623679478725842,,,,,MC_NCEA,1536,,,quantization_decomposition,,,plate_push
0.022954911673519318,0.3420305864587528,,,,,,,task,,0.5360192149437969,0.8444243030781798,0.0,0.170663161021396,0.1590462532503913,,,,,MC_NCEA,1536,,,quantization_decomposition,,,stove_turn_on
0.022574106464616217,0.34061054405425967,,,,,,,task,,0.9519247587333873,0.05760093839944028,0.28587347081702996,0.019625426535200403,0.38802812578624035,,,,,MC_NCEA,1536,,,quantization_decomposition,,,wine_rack
0.022503568051097742,0.026941592486444493,,,,,,,phase,,0.0,1.9502639851924298e-08,1.2452364888672296e-29,0.0,0.13470794292958257,,,,,MC_NCEA,1536,,,quantization_decomposition,,,free_space
0.023169473962988667,0.47549821558275274,,,,,,,phase,,1.413443830694882,0.34096042636628887,0.19570682216748117,0.10958369364074012,0.31779630504437134,,,,,MC_NCEA,1536,,,quantization_decomposition,,,pre_contact
0.022481690899427306,0.4155117393292434,,,,,,,phase,,1.082149772228304,0.420959439230675,0.22956998909319407,0.069807181755913,0.2750723143381311,,,,,MC_NCEA,1536,,,quantization_decomposition,,,contact_onset
0.022646833549599007,0.4064156778892185,,,,,,,phase,,0.9846656655891234,0.4502696194763675,0.23033984025370033,0.12542285211121917,0.24138041201568225,,,,,MC_NCEA,1536,,,quantization_decomposition,,,post_contact
0.022800903794029503,0.3341951196931383,,,,,,,direction_family,,0.8699973098338827,0.30671007563800706,0.17052636271508428,0.07138756899781436,0.25235428128090315,,,,,MC_NCEA,3072,,,quantization_decomposition,,,0
0.02080573388268756,0.3239999456228464,,,,,,,direction_family,,0.8644846033831327,0.2800214753176335,0.1571584578842358,0.08164745738173747,0.23668773414749236,,,,,MC_NCEA,1536,,,quantization_decomposition,,,1
0.024394024992366165,0.3319770402785362,,,,,,,direction_family,,0.8757800454614117,0.3187478779823235,0.15740546819997117,0.08039113213050614,0.22756067761846857,,,,,MC_NCEA,1536,,,quantization_decomposition,,,2
0.022973451671948707,0.39052572173131633,,,,,,,task,,0.9197269295611769,0.2472207602807268,0.3052952912394368,0.12008388279654077,0.36030174477870053,,,,,NCEA,1536,,,quantization_decomposition,,,bowl_on_plate
0.022232621203073243,0.3092962805331933,,,,,,,task,,1.1718889905530672,0.11716291769568853,0.12136236481882356,0.008031500174349648,0.12803562942403768,,,,,NCEA,1536,,,quantization_decomposition,,,plate_push
0.022958474367636816,0.38011801987351107,,,,,,,task,,0.5728970162062689,0.9516432886964843,0.0,0.1740220667159548,0.2020277277488475,,,,,NCEA,1536,,,quantization_decomposition,,,stove_turn_on
0.022641372324154602,0.3403577538582483,,,,,,,task,,0.9048770977348292,0.0410732790909732,0.31730654814830844,0.01200025094179383,0.4265315933753369,,,,,NCEA,1536,,,quantization_decomposition,,,wine_rack
0.022802337205683993,0.03833292339298892,,,,,,,phase,,0.0,2.0804514498858854e-08,1.2004223964513e-29,0.0,0.1916645961604301,,,,,NCEA,1536,,,quantization_decomposition,,,free_space
0.022539829608585336,0.4899709897502038,,,,,,,phase,,1.4365456920224549,0.3851262626256742,0.21223258464704242,0.08974087407870639,0.3262095353771413,,,,,NCEA,1536,,,quantization_decomposition,,,pre_contact
0.02269673032431051,0.4670515334800582,,,,,,,phase,,1.1470036286315723,0.46362845419566917,0.29622876119578323,0.07940422954846908,0.3489925938287967,,,,,NCEA,1536,,,quantization_decomposition,,,contact_onset
0.02276702242823353,0.4249423293730183,,,,,,,phase,,0.9858407134013151,0.5083455081380149,0.23550285836374316,0.14499259700146358,0.25002996996055454,,,,,NCEA,1536,,,quantization_decomposition,,,post_contact
0.022698549564131938,0.360323723945565,,,,,,,direction_family,,0.9075614805436892,0.3385619249089881,0.18840673412106945,0.08280827295817429,0.28428020719590347,,,,,NCEA,3072,,,quantization_decomposition,,,0
0.02076486777414196,0.346695577705491,,,,,,,direction_family,,0.8752059767967396,0.3229926835738132,0.18180401880089847,0.06966051190910132,0.2838146974469022,,,,,NCEA,1536,,,quantization_decomposition,,,1
0.02464395266440753,0.35295475039964835,,,,,,,direction_family,,0.879061096171224,0.35698371237208343,0.18534671716353138,0.07886064280318915,0.2645215834882136,,,,,NCEA,1536,,,quantization_decomposition,,,2
0.02373718338167714,0.12608012216660766,,,,,,,task,,0.28948506286525305,0.040760272812409806,0.12910536379914114,0.006597103349432912,0.16445280800680143,,,,,O1_true_effect_oracle,1536,,,quantization_decomposition,,,bowl_on_plate
0.023635110051909058,0.12539106608199788,,,,,,,task,,0.4243685976673928,0.03849104691303309,0.0757018432498447,0.004192135262866145,0.08420170731685268,,,,,O1_true_effect_oracle,1536,,,quantization_decomposition,,,plate_push
0.02365961704988131,0.1293543824399148,,,,,,,task,,0.07646977064027173,0.4013816803252562,0.0,0.03527850922692443,0.13364195200712162,,,,,O1_true_effect_oracle,1536,,,quantization_decomposition,,,stove_turn_on
0.02346602146316382,0.15281418253707857,,,,,,,task,,0.4602871231048586,0.01623609093033793,0.1091999059866313,0.004650508189182114,0.173697284474383,,,,,O1_true_effect_oracle,1536,,,quantization_decomposition,,,wine_rack
0.02253227043623938,0.02418984724323904,,,,,,,phase,,0.0,1.4800276980813484e-08,1.5596278224312612e-29,0.0,0.12094922141591824,,,,,O1_true_effect_oracle,1536,,,quantization_decomposition,,,free_space
0.02414493714381405,0.20138841176432373,,,,,,,phase,,0.5365890737097329,0.14548720144239266,0.08918805219007814,0.022126412897742743,0.21355131858167228,,,,,O1_true_effect_oracle,1536,,,quantization_decomposition,,,pre_contact
0.024034411904324964,0.15480281254121353,,,,,,,phase,,0.365797460368668,0.170270506737178,0.10783505006877504,0.017210701614804407,0.11290034391664222,,,,,O1_true_effect_oracle,1536,,,quantization_decomposition,,,contact_onset
0.023786312462252938,0.1532586816768226,,,,,,,phase,,0.3482240201993754,0.18111136800118935,0.11698401077676396,0.011381141515858456,0.108592867890926,,,,,O1_true_effect_oracle,1536,,,quantization_decomposition,,,post_contact
0.02372762464162659,0.1353899598078584,,,,,,,direction_family,,0.3138311229759996,0.12506429235242844,0.08133814867771692,0.013367771315367538,0.14334846371777946,,,,,O1_true_effect_oracle,3072,,,quantization_decomposition,,,0
0.022051555457643552,0.14789131010070403,,,,,,,direction_family,,0.3705604911555196,0.1340071739085292,0.07969605998757706,0.012092821707245854,0.14310000374464846,,,,,O1_true_effect_oracle,1536,,,quantization_decomposition,,,1
0.024991127205734587,0.11496852350917812,,,,,,,direction_family,,0.2523878171702574,0.11273333236765093,0.07163475569260624,0.011889891690424674,0.1261968206249514,,,,,O1_true_effect_oracle,1536,,,quantization_decomposition,,,2
0.02355655316344753,0.39486006021449604,,,,,,,task,,0.9477509311342391,0.24844803168268145,0.3021383207789439,0.11004962558487093,0.36591339189174515,,,,,O2_linear_j_oracle,1536,,,quantization_decomposition,,,bowl_on_plate
0.02298206712655153,0.31561686534510164,,,,,,,task,,1.1811436294608968,0.12258074836929,0.1324653108471772,0.009435697175910147,0.1324589408722341,,,,,O2_linear_j_oracle,1536,,,quantization_decomposition,,,plate_push
0.023206268653470436,0.35301999175176263,,,,,,,task,,0.47188745937180787,0.9439734431126964,0.0,0.17620003973479803,0.17303901653951081,,,,,O2_linear_j_oracle,1536,,,quantization_decomposition,,,stove_turn_on
0.02286076192708107,0.3504200990883317,,,,,,,task,,0.9189205767900838,0.06130235047143592,0.3195271927766987,0.016712720180990098,0.43563765522245007,,,,,O2_linear_j_oracle,1536,,,quantization_decomposition,,,wine_rack
0.022392874087887645,0.029974416155191124,,,,,,,phase,,0.0,1.900374929745051e-08,1.2899427161442874e-29,0.0,0.14987206177220633,,,,,O2_linear_j_oracle,1536,,,quantization_decomposition,,,free_space
0.023198377549376054,0.515689977886014,,,,,,,phase,,1.4721626000414616,0.3916265321525305,0.23244335214823816,0.10007755361460983,0.3821398514732302,,,,,O2_linear_j_oracle,1536,,,quantization_decomposition,,,pre_contact
0.02330297051736079,0.4485280725552578,,,,,,,phase,,1.061855781059143,0.5112812067181793,0.2772777522414906,0.08160748482086187,0.31061813793661425,,,,,O2_linear_j_oracle,1536,,,quantization_decomposition,,,contact_onset
0.023711428715926085,0.41972454980322915,,,,,,,phase,,0.9856842156564234,0.47339681576164455,0.24440972001309103,0.1307130442410975,0.2644189533438893,,,,,O2_linear_j_oracle,1536,,,quantization_decomposition,,,post_contact
0.023260743233742092,0.3583923556950481,,,,,,,direction_family,,0.8877388695548865,0.3468021591641131,0.19488152229936415,0.07595928335711932,0.28657994409975746,,,,,O2_linear_j_oracle,3072,,,quantization_decomposition,,,0
0.021315227052474184,0.34690637117296763,,,,,,,direction_family,,0.8629026325199581,0.34081125549624586,0.18471912455128567,0.07719092461572308,0.268907918681625,,,,,O2_linear_j_oracle,1536,,,quantization_decomposition,,,1
0.024768937350592202,0.3502259338366283,,,,,,,direction_family,,0.8813222251272967,0.3418889998116315,0.17964865525280582,0.0832885913466075,0.2649811976448002,,,,,O2_linear_j_oracle,1536,,,quantization_decomposition,,,2
0.02228083745250126,0.3406014822948948,,,,,,,task,,0.8664474303317679,0.16418475323181256,0.2570647341626023,0.11039400563367961,0.30491648811461153,,,,,P3_mode_shuffled_atlas,1536,,,quantization_decomposition,,,bowl_on_plate
0.02262848167722852,0.2972486319582583,,,,,,,task,,1.1080785381799576,0.1314811227322168,0.10989818119929433,0.00988187415297137,0.1269034435268511,,,,,P3_mode_shuffled_atlas,1536,,,quantization_decomposition,,,plate_push
0.022605119416402836,0.36067908920437786,,,,,,,task,,0.5573012738842422,0.8689224015553568,0.0,0.21077920934579344,0.16639256123649676,,,,,P3_mode_shuffled_atlas,1536,,,quantization_decomposition,,,stove_turn_on
0.022764577224483325,0.35098594169153396,,,,,,,task,,0.9405559491288238,0.043212436700709476,0.31732507198853616,0.014153684603216428,0.43968256603638406,,,,,P3_mode_shuffled_atlas,1536,,,quantization_decomposition,,,wine_rack
0.022865365975604707,0.03317212448052631,,,,,,,phase,,0.0,1.760302421673455e-08,1.1764316502425726e-29,0.0,0.16586060479960732,,,,,P3_mode_shuffled_atlas,1536,,,quantization_decomposition,,,free_space
0.022846766752478816,0.4825187306484628,,,,,,,phase,,1.4168677592981205,0.3548680838410431,0.19457917429291696,0.1412266144197358,0.3050520213904975,,,,,P3_mode_shuffled_atlas,1536,,,quantization_decomposition,,,pre_contact
0.02229249715756215,0.4315701221686914,,,,,,,phase,,1.0970294213571041,0.39566223560935004,0.27013903533593564,0.07306639872527358,0.32195351981579345,,,,,P3_mode_shuffled_atlas,1536,,,quantization_decomposition,,,contact_onset
0.022274385884970268,0.4022541678513843,,,,,,,phase,,0.9584860108695669,0.4572703771666782,0.21956977772158012,0.13091576059065152,0.24502891290844508,,,,,P3_mode_shuffled_atlas,1536,,,quantization_decomposition,,,post_contact
0.022668568543941947,0.3403082061091626,,,,,,,direction_family,,0.8644074835278271,0.30524239969361283,0.17803201424749485,0.08546736930256264,0.2683917637743153,,,,,P3_mode_shuffled_atlas,3072,,,quantization_decomposition,,,0
0.020665289565376988,0.32380493205122085,,,,,,,direction_family,,0.8437953892038971,0.29573030223868096,0.15725805741101015,0.0772586678747478,0.24498224352776807,,,,,P3_mode_shuffled_atlas,1536,,,quantization_decomposition,,,1
0.024276589117355057,0.34509380087951885,,,,,,,direction_family,,0.89977283526524,0.3015856125941889,0.17096590144443288,0.0970153672557878,0.25612928783794475,,,,,P3_mode_shuffled_atlas,1536,,,quantization_decomposition,,,2
0.0225065208682111,0.3679301663352168,,,,,,,task,,0.8891876505890708,0.2190251508336364,0.28024522256125783,0.11517846445134183,0.33601434324077717,,,,,P4_state_shuffled_atlas,1536,,,quantization_decomposition,,,bowl_on_plate
0.022842068184028595,0.2974824646782573,,,,,,,task,,1.1205305565128623,0.13638297447903722,0.10328399040100748,0.008092380084748293,0.1191224219136312,,,,,P4_state_shuffled_atlas,1536,,,quantization_decomposition,,,plate_push
0.022805123688157403,0.36308279545675165,,,,,,,task,,0.5137130481192179,0.9481033108435222,0.0,0.18383577340108107,0.16976184491993737,,,,,P4_state_shuffled_atlas,1536,,,quantization_decomposition,,,stove_turn_on
0.022375754300370795,0.3547390425883325,,,,,,,task,,0.9674596206012049,0.052333038030383916,0.31419724154795853,0.018053017760451852,0.42165229500166324,,,,,P4_state_shuffled_atlas,1536,,,quantization_decomposition,,,wine_rack
0.022814068698840683,0.035884352777095785,,,,,,,phase,,0.0,1.952019521991691e-08,1.534224982763924e-29,0.0,0.1794217443652837,,,,,P4_state_shuffled_atlas,1536,,,quantization_decomposition,,,free_space
0.022810753493328353,0.48944465971566525,,,,,,,phase,,1.4068273973930057,0.38766355145757586,0.20975318969125153,0.11242098889254465,0.33055817114394875,,,,,P4_state_shuffled_atlas,1536,,,quantization_decomposition,,,pre_contact
0.02235852095970804,0.43656379794120354,,,,,,,phase,,1.1225286523900733,0.4389229510754673,0.2584618493469731,0.0678426152409799,0.29506292165252357,,,,,P4_state_shuffled_atlas,1536,,,quantization_decomposition,,,contact_onset
0.02254612388889082,0.4213416586245937,,,,,,,phase,,0.9615348260392769,0.5292579521333413,0.22951141547199913,0.14489603156409847,0.24150806791425297,,,,,P4_state_shuffled_atlas,1536,,,quantization_decomposition,,,post_contact
0.02271866389243571,0.341506738300455,,,,,,,direction_family,,0.8547247138702545,0.3320516715190276,0.17885971279170154,0.07961608935514698,0.26228150396614447,,,,,P4_state_shuffled_atlas,3072,,,quantization_decomposition,,,0
0.020789002022928254,0.3444384572041987,,,,,,,direction_family,,0.8665801189466192,0.3373142752020253,0.17003523433056467,0.08138091186244746,0.26688174567933654,,,,,P4_state_shuffled_atlas,1536,,,quantization_decomposition,,,1
0.02430313723296822,0.3557825352534496,,,,,,,direction_family,,0.914861329135228,0.35442685594649914,0.169971794596256,0.08454654512488158,0.2551061514643835,,,,,P4_state_shuffled_atlas,1536,,,quantization_decomposition,,,2
0.02284570975024866,0.4392981105439448,,,,,,,task,,0.9400819683227147,0.25285293545858367,0.3667495107214174,0.13992965595439233,0.49687648226261577,,,,,P5_effect_shuffled_atlas,1536,,,quantization_decomposition,,,bowl_on_plate
0.02264527827836719,0.38371577145205893,,,,,,,task,,1.2934266770703162,0.1790159986334374,0.21586236153791746,0.01019283966199191,0.2200809803566318,,,,,P5_effect_shuffled_atlas,1536,,,quantization_decomposition,,,plate_push
0.023019735903463706,0.47312265690640826,,,,,,,task,,0.592996151237042,1.1215451023355778,0.0,0.3113361394137504,0.33973589154567113,,,,,P5_effect_shuffled_atlas,1536,,,quantization_decomposition,,,stove_turn_on
0.022101429649519635,0.37567639328917707,,,,,,,task,,0.9368591825343211,0.06436481985376606,0.3581716954186551,0.014909967011789158,0.5040763016273538,,,,,P5_effect_shuffled_atlas,1536,,,quantization_decomposition,,,wine_rack
0.022472209807600382,0.07840288324904965,,,,,,,phase,,0.0,2.4747510911057743e-08,1.629456807963174e-29,0.0,0.39201439149773726,,,,,P5_effect_shuffled_atlas,1536,,,quantization_decomposition,,,free_space
0.022446811653499155,0.56799095568749,,,,,,,phase,,1.538782199421851,0.42824328502183096,0.25585313782846875,0.1316533058929306,0.48542285027236876,,,,,P5_effect_shuffled_atlas,1536,,,quantization_decomposition,,,pre_contact
0.022861914228553108,0.4917962210332498,,,,,,,phase,,1.1555143182627032,0.4974071769866873,0.3383059688480398,0.12333632680573924,0.3444173142630797,,,,,P5_effect_shuffled_atlas,1536,,,quantization_decomposition,,,contact_onset
0.022831217891946542,0.5336228722217995,,,,,,,phase,,1.0690674614798399,0.6921283695253355,0.34662446100148164,0.22137896934325396,0.3389150997590867,,,,,P5_effect_shuffled_atlas,1536,,,quantization_decomposition,,,post_contact
0.022659100552698874,0.4236164432316228,,,,,,,direction_family,,0.9481103416252475,0.4145213355414616,0.23957911169300125,0.11419021342881075,0.4016812138695929,,,,,P5_effect_shuffled_atlas,3072,,,quantization_decomposition,,,0
0.02070151390398153,0.40807061644143633,,,,,,,direction_family,,0.9164857553857789,0.3909245874776457,0.22815916201291364,0.12672606473808568,0.37805751259275805,,,,,P5_effect_shuffled_atlas,1536,,,quantization_decomposition,,,1
0.024592438572219915,0.41650942928690715,,,,,,,direction_family,,0.9506575405281202,0.39781159772079605,0.23346618227907398,0.1212621104462166,0.37934971546032886,,,,,P5_effect_shuffled_atlas,1536,,,quantization_decomposition,,,2
0.023089839737084908,0.383209816014845,,,,,,,task,,0.9219767655222499,0.17709981025199997,0.29969819257920505,0.14220853674487424,0.37506577497589594,,,,,P6_random_latent_atlas,1536,,,quantization_decomposition,,,bowl_on_plate
0.02386327624559698,0.3252930461897639,,,,,,,task,,1.2017166058870938,0.12186670978780449,0.12787425182440965,0.012626813816573351,0.1623808496329381,,,,,P6_random_latent_atlas,1536,,,quantization_decomposition,,,plate_push
0.02387608062377923,0.39243984304244656,,,,,,,task,,0.5702078609893853,0.9785222884578872,0.0,0.1605101428538727,0.2529589229110875,,,,,P6_random_latent_atlas,1536,,,quantization_decomposition,,,stove_turn_on
0.02382704270607661,0.3603286320813572,,,,,,,task,,0.9690830702023168,0.043227629813804506,0.29203798135342846,0.014766648523087664,0.48252783051414855,,,,,P6_random_latent_atlas,1536,,,quantization_decomposition,,,wine_rack
0.02359956583527471,0.05860073018205835,,,,,,,phase,,0.0,2.334493614175723e-08,1.5556856417162618e-29,0.0,0.2930036275653556,,,,,P6_random_latent_atlas,1536,,,quantization_decomposition,,,free_space
0.023200251805117977,0.5116864333138286,,,,,,,phase,,1.4856428578566139,0.3686555895454097,0.2351303307631403,0.09389540094454583,0.37510798745943313,,,,,P6_random_latent_atlas,1536,,,quantization_decomposition,,,pre_contact
0.023672450327088906,0.4525226914552092,,,,,,,phase,,1.221954576000997,0.422508360727742,0.2475742288476923,0.06587682558306604,0.30469946611654825,,,,,P6_random_latent_atlas,1536,,,quantization_decomposition,,,contact_onset
0.02418397134505614,0.4384614823773165,,,,,,,phase,,0.9553868687434347,0.5295524646934083,0.23690586614621054,0.1703399154107961,0.30012229689273323,,,,,P6_random_latent_atlas,1536,,,quantization_decomposition,,,post_contact
0.023812834090110046,0.36929331601486376,,,,,,,direction_family,,0.9212009173611566,0.3328049156776551,0.18511380677359765,0.08454603471850437,0.3228009055434053,,,,,P6_random_latent_atlas,3072,,,quantization_decomposition,,,0
0.021789918251030094,0.36290354863209157,,,,,,,direction_family,,0.9190027301487026,0.3241394625679617,0.17278940796525408,0.08243207878276472,0.31615406369577476,,,,,P6_random_latent_atlas,1536,,,quantization_decomposition,,,1
0.025240652881287556,0.35978115666659344,,,,,,,direction_family,,0.9015797377300302,0.33096714438822444,0.17659340424459372,0.07858799371863451,0.3111775032514846,,,,,P6_random_latent_atlas,1536,,,quantization_decomposition,,,2
0.017644604512821866,0.3590981138832315,,,,,,,task,,0.8311865964281192,0.20170772070757367,0.28764524931913454,0.11084568311588856,0.3641053198454414,,,,,UG_NCEA_coverage_50,1536,,,quantization_decomposition,,,bowl_on_plate
0.020723599686339095,0.2912599097026798,,,,,,,task,,1.0989542870871631,0.11503850095589079,0.12018318632780432,0.009205863628866552,0.11291771051367372,,,,,UG_NCEA_coverage_50,1536,,,quantization_decomposition,,,plate_push
0.01976742076846883,0.35549763568644693,,,,,,,task,,0.5018334833593785,0.9120338076368357,0.0,0.16929028309709926,0.19433060433892124,,,,,UG_NCEA_coverage_50,1536,,,quantization_decomposition,,,stove_turn_on
0.019401639444677207,0.3322480693247854,,,,,,,task,,0.9166862729416705,0.048310357780437074,0.2893556631471297,0.015137047798428982,0.3917510049562609,,,,,UG_NCEA_coverage_50,1536,,,quantization_decomposition,,,wine_rack
0.01980835469073386,0.04064200945700749,,,,,,,phase,,0.0,1.977174304897607e-08,1.2683962512136966e-29,0.0,0.20321002751329434,,,,,UG_NCEA_coverage_50,1536,,,quantization_decomposition,,,free_space
0.020409287167633985,0.4779553572441178,,,,,,,phase,,1.3698764437223943,0.37117474957106017,0.20410433708739154,0.10688361492013303,0.3377376409196103,,,,,UG_NCEA_coverage_50,1536,,,quantization_decomposition,,,pre_contact
0.019411232867681965,0.4025267417940051,,,,,,,phase,,1.0342473074971472,0.41960463158142614,0.2349728319755886,0.059053619307165794,0.2647553186086979,,,,,UG_NCEA_coverage_50,1536,,,quantization_decomposition,,,contact_onset
0.017908389686257197,0.4169796201020131,,,,,,,phase,,0.9445368885967902,0.4863109861565078,0.25810692973108845,0.13854164341298453,0.2574016526126948,,,,,UG_NCEA_coverage_50,1536,,,quantization_decomposition,,,post_contact
0.019482098942347776,0.3368830536493306,,,,,,,direction_family,,0.8418819774519876,0.31672214858145437,0.18252019920410337,0.06962515369810086,0.27366578931100666,,,,,UG_NCEA_coverage_50,3072,,,quantization_decomposition,,,0
0.01744132936354614,0.34201055250531653,,,,,,,direction_family,,0.8271812745529578,0.32025565754245683,0.17943005205951068,0.09517584933582811,0.2880099290358292,,,,,UG_NCEA_coverage_50,1536,,,quantization_decomposition,,,1
0.021131737164065315,0.3223270687931659,,,,,,,direction_family,,0.8377154103593986,0.3233904323753716,0.15271364832635104,0.07005272090825349,0.22776313199645473,,,,,UG_NCEA_coverage_50,1536,,,quantization_decomposition,,,2
0.018563936133485028,0.35794822814345323,,,,,,,task,,0.8446548800959969,0.20219156414935688,0.2859401535082435,0.11018806876702016,0.3467664741966488,,,,,UG_NCEA_coverage_70,1536,,,quantization_decomposition,,,bowl_on_plate
0.02160030471522853,0.2948805676055016,,,,,,,task,,1.1192615125999497,0.11467872062987887,0.11509196771241866,0.009124042649619921,0.11624659443564073,,,,,UG_NCEA_coverage_70,1536,,,quantization_decomposition,,,plate_push
0.02261593042649987,0.3459215894693137,,,,,,,task,,0.5393024026251024,0.8504383942430348,0.0,0.16659037525215079,0.17327677522628057,,,,,UG_NCEA_coverage_70,1536,,,quantization_decomposition,,,stove_turn_on
0.0202757232756421,0.3313665517062306,,,,,,,task,,0.9265328787632461,0.049413134000482806,0.2846762786998352,0.014892515469695085,0.38131795159789394,,,,,UG_NCEA_coverage_70,1536,,,quantization_decomposition,,,wine_rack
0.02140859099187305,0.03291835776775764,,,,,,,phase,,0.0,1.5765871232276262e-08,1.17855033599299e-29,0.0,0.16459177307291697,,,,,UG_NCEA_coverage_70,1536,,,quantization_decomposition,,,free_space
0.02174276827201378,0.47175086724420834,,,,,,,phase,,1.3827740728579077,0.35260169030482774,0.19451407083990116,0.10553936034404333,0.32332514187436134,,,,,UG_NCEA_coverage_70,1536,,,quantization_decomposition,,,pre_contact
0.020398864025066455,0.4123864444668439,,,,,,,phase,,1.065153966408665,0.41966351937732255,0.2381786179648934,0.06937244377056782,0.2695636748127707,,,,,UG_NCEA_coverage_70,1536,,,quantization_decomposition,,,contact_onset
0.019505671261902235,0.4130612674456893,,,,,,,phase,,0.9818236348177218,0.4444565875747319,0.25301571111570276,0.1258831980238748,0.26012720569641506,,,,,UG_NCEA_coverage_70,1536,,,quantization_decomposition,,,post_contact
0.02086385573755359,0.3330240469375005,,,,,,,direction_family,,0.8529700453930137,0.30381371007432184,0.17789865378882952,0.06763841159538407,0.26279941383595357,,,,,UG_NCEA_coverage_70,3072,,,quantization_decomposition,,,0
0.01887636676137068,0.3325453247633298,,,,,,,direction_family,,0.854680379389726,0.2816056478209389,0.1715707927993949,0.09139734643131352,0.26347245737527564,,,,,UG_NCEA_coverage_70,1536,,,quantization_decomposition,,,1
0.022451816314377652,0.3315235182861683,,,,,,,direction_family,,0.8691312039085416,0.32748874505317077,0.15834029954344345,0.07412083251640428,0.22853651040928114,,,,,UG_NCEA_coverage_70,1536,,,quantization_decomposition,,,2
0.022415141397254906,0.34938782509994976,,,,,,,task,,0.8799213663772356,0.19433711010125476,0.2623999342384493,0.10503136372352485,0.3052493510592844,,,,,UG_NCEA_coverage_90,1536,,,quantization_decomposition,,,bowl_on_plate
0.02160030471522853,0.2948805676055016,,,,,,,task,,1.1192615125999497,0.11467872062987887,0.11509196771241866,0.009124042649619921,0.11624659443564073,,,,,UG_NCEA_coverage_90,1536,,,quantization_decomposition,,,plate_push
0.022954911673519318,0.3420305864587528,,,,,,,task,,0.5360192149437969,0.8444243030781798,0.0,0.170663161021396,0.1590462532503913,,,,,UG_NCEA_coverage_90,1536,,,quantization_decomposition,,,stove_turn_on
0.02103726947276527,0.3395201177149745,,,,,,,task,,0.9464162071465054,0.0564951339119647,0.28352816277938847,0.019554480238483184,0.3916066044985303,,,,,UG_NCEA_coverage_90,1536,,,quantization_decomposition,,,wine_rack
0.022503568051097742,0.026941592486444493,,,,,,,phase,,0.0,1.9502639851924298e-08,1.2452364888672296e-29,0.0,0.13470794292958257,,,,,UG_NCEA_coverage_90,1536,,,quantization_decomposition,,,free_space
0.02316486051907533,0.47545491473137674,,,,,,,phase,,1.4147437166257901,0.34065829755694704,0.1948946425072823,0.10957806136708582,0.3173998555997785,,,,,UG_NCEA_coverage_90,1536,,,quantization_decomposition,,,pre_contact
0.02080158752139633,0.41553691355338485,,,,,,,phase,,1.082208918852574,0.41952674701446807,0.23578558196927377,0.06937213415471896,0.2707911857758895,,,,,UG_NCEA_coverage_90,1536,,,quantization_decomposition,,,contact_onset
0.021537611167198614,0.4078856761079724,,,,,,,phase,,0.9846656655891234,0.4497502036472231,0.23033984025370033,0.12542285211121917,0.24924981893859613,,,,,UG_NCEA_coverage_90,1536,,,quantization_decomposition,,,post_contact
0.02209811952583592,0.3333187118246901,,,,,,,direction_family,,0.8684585310002716,0.3057122410619306,0.16984571501094056,0.07125126606328097,0.25132580598702675,,,,,UG_NCEA_coverage_90,3072,,,quantization_decomposition,,,0
0.020168097418532944,0.3259948072861553,,,,,,,direction_family,,0.868218774683403,0.27887998870803327,0.16049837552978194,0.0814247220554721,0.2409521754540863,,,,,UG_NCEA_coverage_90,1536,,,quantization_decomposition,,,1
0.023643290788563216,0.333186865943643,,,,,,,direction_family,,0.8764824643835413,0.3196307968893836,0.16083025917859337,0.08044579345098991,0.22854501581570694,,,,,UG_NCEA_coverage_90,1536,,,quantization_decomposition,,,2
,,,,,,,,,28,,,,,,,0.03757859769111822,0.06157274158722606,0.0018588209552123168,PHYSICAL_SUPPORT,,free_space,,support_nonlinearity,development,bowl_on_plate,
,,,,,,,,,28,,,,,,,0.8580178560263411,1.6630540364566542,0.3471929014822582,PHYSICAL_SUPPORT,,pre_contact,,support_nonlinearity,development,bowl_on_plate,
,,,,,,,,,28,,,,,,,0.7015519304584249,1.0116284496677357,0.2732477897774634,PHYSICAL_SUPPORT,,contact_onset,,support_nonlinearity,development,bowl_on_plate,
,,,,,,,,,28,,,,,,,0.947737568065627,1.3906443815593896,0.3260597323288637,PHYSICAL_SUPPORT,,post_contact,,support_nonlinearity,development,bowl_on_plate,
,,,,,,,,,29,,,,,,,0.045392411771977614,0.09263294579966545,0.0062588624041669165,PHYSICAL_SUPPORT,,free_space,,support_nonlinearity,development,bowl_on_plate,
,,,,,,,,,29,,,,,,,0.10316411721073995,0.19932938542722253,0.015406577295855059,PHYSICAL_SUPPORT,,pre_contact,,support_nonlinearity,development,bowl_on_plate,
,,,,,,,,,29,,,,,,,1.1757338370547934,1.4297465664654885,0.3865624499648332,PHYSICAL_SUPPORT,,contact_onset,,support_nonlinearity,development,bowl_on_plate,
,,,,,,,,,29,,,,,,,0.19842019572769368,0.2871909229865756,0.028090172098150196,PHYSICAL_SUPPORT,,post_contact,,support_nonlinearity,development,bowl_on_plate,
,,,,,,,,,30,,,,,,,0.0650344721641904,0.13408874913013138,0.006660376521637398,PHYSICAL_SUPPORT,,free_space,,support_nonlinearity,development,bowl_on_plate,
,,,,,,,,,30,,,,,,,0.8477751895042319,1.179939460970176,0.2907119511658915,PHYSICAL_SUPPORT,,pre_contact,,support_nonlinearity,development,bowl_on_plate,
,,,,,,,,,30,,,,,,,0.5544037649043944,1.0182102488270999,0.0930303080918307,PHYSICAL_SUPPORT,,contact_onset,,support_nonlinearity,development,bowl_on_plate,
,,,,,,,,,30,,,,,,,0.9628587806547046,1.4538457590789948,0.42469724159787625,PHYSICAL_SUPPORT,,post_contact,,support_nonlinearity,development,bowl_on_plate,
,,,,,,,,,31,,,,,,,0.027867676487385792,0.036922376669629976,0.0021433499710949433,PHYSICAL_SUPPORT,,free_space,,support_nonlinearity,development,bowl_on_plate,
,,,,,,,,,31,,,,,,,0.3508033007691004,0.40383507366809446,0.09719310578190903,PHYSICAL_SUPPORT,,pre_contact,,support_nonlinearity,development,bowl_on_plate,
,,,,,,,,,31,,,,,,,0.1601005639101904,0.2691368742522879,0.03053170742690253,PHYSICAL_SUPPORT,,contact_onset,,support_nonlinearity,development,bowl_on_plate,
,,,,,,,,,31,,,,,,,0.8517787793297039,1.6688669064652002,0.314223048518494,PHYSICAL_SUPPORT,,post_contact,,support_nonlinearity,development,bowl_on_plate,
,,,,,,,,,28,,,,,,,0.08613798552997373,0.2725516418340646,0.007408190026475181,PHYSICAL_SUPPORT,,free_space,,support_nonlinearity,development,plate_push,
,,,,,,,,,28,,,,,,,0.8905023721802497,0.9146344085526518,0.3018698780207773,PHYSICAL_SUPPORT,,pre_contact,,support_nonlinearity,development,plate_push,
,,,,,,,,,28,,,,,,,0.19324459063476038,0.24604116574241774,0.03408411032157394,PHYSICAL_SUPPORT,,contact_onset,,support_nonlinearity,development,plate_push,
,,,,,,,,,28,,,,,,,0.6041750826860812,1.244953410795114,0.3430200664520349,PHYSICAL_SUPPORT,,post_contact,,support_nonlinearity,development,plate_push,
,,,,,,,,,29,,,,,,,0.03735812152183684,0.08413402394418784,0.006794401412862347,PHYSICAL_SUPPORT,,free_space,,support_nonlinearity,development,plate_push,
,,,,,,,,,29,,,,,,,0.4649632533033724,0.6936921849642136,0.17888085909438747,PHYSICAL_SUPPORT,,pre_contact,,support_nonlinearity,development,plate_push,
,,,,,,,,,29,,,,,,,0.09042737487530818,0.12227388722177879,0.026178175190653064,PHYSICAL_SUPPORT,,contact_onset,,support_nonlinearity,development,plate_push,
,,,,,,,,,29,,,,,,,0.29735062834511367,0.44033982532632776,0.1263399507631949,PHYSICAL_SUPPORT,,post_contact,,support_nonlinearity,development,plate_push,
,,,,,,,,,30,,,,,,,0.11032742675848616,0.37177270404496415,0.017128596994883012,PHYSICAL_SUPPORT,,free_space,,support_nonlinearity,development,plate_push,
,,,,,,,,,30,,,,,,,0.713576927217572,0.7223106796295823,0.1957206572500371,PHYSICAL_SUPPORT,,pre_contact,,support_nonlinearity,development,plate_push,
,,,,,,,,,30,,,,,,,0.29737470056565735,0.6057634660628913,0.05958695253641547,PHYSICAL_SUPPORT,,contact_onset,,support_nonlinearity,development,plate_push,
,,,,,,,,,30,,,,,,,0.3666573195773674,0.5894756540516859,0.08250944699669359,PHYSICAL_SUPPORT,,post_contact,,support_nonlinearity,development,plate_push,
,,,,,,,,,31,,,,,,,0.05364524856447849,0.13463731231266715,0.007636376401810956,PHYSICAL_SUPPORT,,free_space,,support_nonlinearity,development,plate_push,
,,,,,,,,,31,,,,,,,0.609245580058979,0.7972934218813634,0.1215681415168584,PHYSICAL_SUPPORT,,pre_contact,,support_nonlinearity,development,plate_push,
,,,,,,,,,31,,,,,,,0.5617398374444099,1.1262398304407162,0.14488169751115723,PHYSICAL_SUPPORT,,contact_onset,,support_nonlinearity,development,plate_push,
,,,,,,,,,31,,,,,,,0.371637980488217,0.7618204787619224,0.09667656502959114,PHYSICAL_SUPPORT,,post_contact,,support_nonlinearity,development,plate_push,
,,,,,,,,,28,,,,,,,0.019784094119767726,0.018049529521775125,0.0010323547099712535,PHYSICAL_SUPPORT,,free_space,,support_nonlinearity,development,stove_turn_on,
,,,,,,,,,28,,,,,,,0.1392419418048234,0.13455632907211962,0.011261823753995157,PHYSICAL_SUPPORT,,pre_contact,,support_nonlinearity,development,stove_turn_on,
,,,,,,,,,28,,,,,,,0.4684992534280941,0.1849056252983442,0.011766327741298576,PHYSICAL_SUPPORT,,contact_onset,,support_nonlinearity,development,stove_turn_on,
,,,,,,,,,28,,,,,,,0.30325988611445137,0.5653564488922533,0.05777160367894437,PHYSICAL_SUPPORT,,post_contact,,support_nonlinearity,development,stove_turn_on,
,,,,,,,,,29,,,,,,,0.25891590566462613,0.759821519512549,0.04276510309421779,PHYSICAL_SUPPORT,,free_space,,support_nonlinearity,development,stove_turn_on,
,,,,,,,,,29,,,,,,,0.6082074184496981,0.6239908243456164,0.11277601530709569,PHYSICAL_SUPPORT,,pre_contact,,support_nonlinearity,development,stove_turn_on,
,,,,,,,,,29,,,,,,,0.5422136816577291,0.8311668573312166,0.2594452471941794,PHYSICAL_SUPPORT,,contact_onset,,support_nonlinearity,development,stove_turn_on,
,,,,,,,,,29,,,,,,,0.1227568609569083,0.1796317500516792,0.0128253279727707,PHYSICAL_SUPPORT,,post_contact,,support_nonlinearity,development,stove_turn_on,
,,,,,,,,,30,,,,,,,0.026691275201636583,0.03598450887938428,0.002214915512869013,PHYSICAL_SUPPORT,,free_space,,support_nonlinearity,development,stove_turn_on,
,,,,,,,,,30,,,,,,,0.8373080837226989,1.3125656179847924,0.1866588705765564,PHYSICAL_SUPPORT,,pre_contact,,support_nonlinearity,development,stove_turn_on,
,,,,,,,,,30,,,,,,,0.47349607886706796,0.4320662628923548,0.12854088642032205,PHYSICAL_SUPPORT,,contact_onset,,support_nonlinearity,development,stove_turn_on,
,,,,,,,,,30,,,,,,,0.4856605225142217,0.6208895905119728,0.10590076867633175,PHYSICAL_SUPPORT,,post_contact,,support_nonlinearity,development,stove_turn_on,
,,,,,,,,,31,,,,,,,0.02322245582554388,0.03637577427118969,0.0021942717262832616,PHYSICAL_SUPPORT,,free_space,,support_nonlinearity,development,stove_turn_on,
,,,,,,,,,31,,,,,,,0.5678090737023966,0.8586811206463478,0.07378940433835365,PHYSICAL_SUPPORT,,pre_contact,,support_nonlinearity,development,stove_turn_on,
,,,,,,,,,31,,,,,,,0.23924767793809468,0.6535478211432598,0.08390005251313075,PHYSICAL_SUPPORT,,contact_onset,,support_nonlinearity,development,stove_turn_on,
,,,,,,,,,31,,,,,,,0.27819860270759184,0.5800351773541935,0.15737976148756772,PHYSICAL_SUPPORT,,post_contact,,support_nonlinearity,development,stove_turn_on,
,,,,,,,,,28,,,,,,,0.02516614866539173,0.04197399078961405,0.001039631018804579,PHYSICAL_SUPPORT,,free_space,,support_nonlinearity,development,wine_rack,
,,,,,,,,,28,,,,,,,1.050779297113796,1.1727870359489603,0.6053091166119011,PHYSICAL_SUPPORT,,pre_contact,,support_nonlinearity,development,wine_rack,
,,,,,,,,,28,,,,,,,0.818845976238338,0.48411576012703433,0.15263013502091097,PHYSICAL_SUPPORT,,contact_onset,,support_nonlinearity,development,wine_rack,
,,,,,,,,,28,,,,,,,1.2022836908104697,1.2872926512435843,0.4407987881058814,PHYSICAL_SUPPORT,,post_contact,,support_nonlinearity,development,wine_rack,
,,,,,,,,,29,,,,,,,0.023780799533664174,0.028863565119036445,0.0017734457082808977,PHYSICAL_SUPPORT,,free_space,,support_nonlinearity,development,wine_rack,
,,,,,,,,,29,,,,,,,0.7636265800597348,1.557745817313089,0.27253369495730134,PHYSICAL_SUPPORT,,pre_contact,,support_nonlinearity,development,wine_rack,
,,,,,,,,,29,,,,,,,0.536242692830567,0.7803636429293639,0.05294117704861728,PHYSICAL_SUPPORT,,contact_onset,,support_nonlinearity,development,wine_rack,
,,,,,,,,,29,,,,,,,0.14984192892829182,0.303851821051327,0.018635392829164044,PHYSICAL_SUPPORT,,post_contact,,support_nonlinearity,development,wine_rack,
,,,,,,,,,30,,,,,,,0.03771123873816989,0.06906109026232231,0.004013225267434761,PHYSICAL_SUPPORT,,free_space,,support_nonlinearity,development,wine_rack,
,,,,,,,,,30,,,,,,,0.6703672795666203,1.1425759183509967,0.14358666002420942,PHYSICAL_SUPPORT,,pre_contact,,support_nonlinearity,development,wine_rack,
,,,,,,,,,30,,,,,,,0.5783211636765838,0.7834186062381817,0.1360753612019271,PHYSICAL_SUPPORT,,contact_onset,,support_nonlinearity,development,wine_rack,
,,,,,,,,,30,,,,,,,0.04638486479514357,0.09650454440230403,0.0026707677023891548,PHYSICAL_SUPPORT,,post_contact,,support_nonlinearity,development,wine_rack,
,,,,,,,,,31,,,,,,,0.020411953553019963,0.017372266170836037,0.0013324206356153292,PHYSICAL_SUPPORT,,free_space,,support_nonlinearity,development,wine_rack,
,,,,,,,,,31,,,,,,,1.1954999839485159,1.2512433368220497,0.41931138872076384,PHYSICAL_SUPPORT,,pre_contact,,support_nonlinearity,development,wine_rack,
,,,,,,,,,31,,,,,,,0.8285079085162834,1.061684526160155,0.1666309212981478,PHYSICAL_SUPPORT,,contact_onset,,support_nonlinearity,development,wine_rack,
,,,,,,,,,31,,,,,,,0.04518441551513738,0.08287485775585941,0.00433905807631499,PHYSICAL_SUPPORT,,post_contact,,support_nonlinearity,development,wine_rack,
