balanced_prediction_error,contact_accuracy,effect_norm_spearman,level,mean_nrmse,mean_predicted_effect_norm,mean_true_effect_norm,method,mse,n,phase,predicted_to_true_norm_ratio,rmse,split,task_id,uncertainty_error_spearman
nan,nan,0.578743269604496,pooled,nan,1.1748531518573306,5.995872765583639,LJ_linear_j_atlas,3.8394932240637996,6144,ALL,0.19594364286730664,1.959462483454021,calibration,ALL,nan
nan,nan,0.5253988574864681,task,nan,1.3260938676631577,6.034082591362611,LJ_linear_j_atlas,1.7136277834615516,1536,ALL,0.21976727159176992,1.3090560658205406,calibration,bowl_on_plate,nan
nan,nan,0.6483404751254175,task,nan,1.0716522628025398,4.985910172582577,LJ_linear_j_atlas,1.1686619561511478,1536,ALL,0.2149361351705722,1.0810466947135762,calibration,plate_push,nan
nan,nan,0.6587818159335895,task,nan,1.0351479423509522,3.2048663928912724,LJ_linear_j_atlas,0.40307178787523146,1536,ALL,0.32299254179425957,0.6348793490697515,calibration,stove_turn_on,nan
nan,nan,0.46253556679159274,task,nan,1.2665185346126728,9.758631905498094,LJ_linear_j_atlas,12.072611368767268,1536,ALL,0.12978443565425454,3.474566356938268,calibration,wine_rack,nan
nan,nan,0.9369265033686766,phase,nan,0.6186739473427684,1.9876816926227086,LJ_linear_j_atlas,0.07187327317700169,1536,free_space,0.3112540351098368,0.2680919118082485,calibration,ALL,nan
nan,nan,0.396833615126812,phase,nan,1.5228087409634334,6.5071294405762075,LJ_linear_j_atlas,3.010726991983066,1536,pre_contact,0.2340215843053198,1.735144660246824,calibration,ALL,nan
nan,nan,0.42375036610544725,phase,nan,1.2647729137643748,7.943336473800389,LJ_linear_j_atlas,8.855491160366588,1536,contact_onset,0.15922439115301135,2.9758177296949135,calibration,ALL,nan
nan,nan,0.41630279096271766,phase,nan,1.2931570053587462,7.5453434553352485,LJ_linear_j_atlas,3.4198814707285408,1536,post_contact,0.171384776983792,1.849292153968253,calibration,ALL,nan
0.38432177180874866,0.9143880208333334,0.3277727951959789,pooled,1.1859689181259943,2.0297975840512663,5.995872765583639,MC_NCEA,4.138604508242369,6144,ALL,0.3385324644816218,2.034356042644052,calibration,ALL,0.5922156665067718
0.4312328168763253,0.8841145833333334,0.32892311977730637,task,1.0453502158427053,2.7986448462761473,6.034082591362611,MC_NCEA,2.2346140310202345,1536,ALL,0.4638061882484376,1.4948625458617373,calibration,bowl_on_plate,0.5908623954666542
0.29838641153166484,0.9811197916666666,0.36566930282669186,task,1.0211620398893348,0.9159771963216675,4.985910172582577,MC_NCEA,1.4184308528175134,1536,ALL,0.18371313654197147,1.1909789472604095,calibration,plate_push,0.49033753992188345
0.24726562192818102,0.9010416666666666,0.05223798652331621,task,0.8978162286868319,1.0636449143639766,3.2048663928912724,MC_NCEA,0.5051324257157166,1536,ALL,0.331884323391219,0.7107266884785717,calibration,stove_turn_on,0.5057961071262813
0.5604022368988236,0.8912760416666666,0.3976701627233983,task,1.7795471880851048,3.3409233792432738,9.758631905498094,MC_NCEA,12.396240723416012,1536,ALL,0.3423557125216466,3.520829550463358,calibration,wine_rack,0.6354405394408076
0.019944999512198983,1.0,0.5931272702756544,phase,0.6341310839704398,1.1929380549311948,1.9876816926227086,MC_NCEA,0.05325165562128233,1536,free_space,0.600165539260532,0.23076320248532334,calibration,ALL,0.7463623733466989
0.4323401333586749,0.8151041666666666,0.2785431168262129,phase,1.0865545431279484,1.7766859002683002,6.5071294405762075,MC_NCEA,3.285342497380918,1536,pre_contact,0.27303681546420483,1.8125513778596507,calibration,ALL,0.23795223056569864
0.40961981761536315,0.8424479166666666,0.232535535503369,phase,1.1183521441002706,1.146051708376035,7.943336473800389,MC_NCEA,9.047206872542864,1536,contact_onset,0.1442783787588594,3.0078575219818613,calibration,ALL,-0.053780780513882326
0.6753821367487579,1.0,0.06516913354942896,phase,1.9048379013053178,4.003514672629535,7.5453434553352485,MC_NCEA,4.168617007424415,1536,post_contact,0.5305940937385274,2.0417191303958573,calibration,ALL,0.3900083400178867
0.39064716648463255,0.9010416666666666,0.49948185072328694,pooled,1.2835199359798055,1.23909875671355,5.995872765583639,NCEA,4.298382317417759,6144,ALL,0.20665861420975903,2.073254040733494,calibration,ALL,0.4465492477243775
0.41850238994778355,0.8307291666666666,0.4808612252282991,task,1.0529920779246804,1.287289969070116,6.034082591362611,NCEA,1.9103626345322837,1536,ALL,0.21333648480595646,1.3821586864511193,calibration,bowl_on_plate,0.39477103462051166
0.30040573067057014,0.9811197916666666,0.3769132936634286,task,1.0350212191319887,0.6976696662410783,4.985910172582577,NCEA,1.4489218089853786,1536,ALL,0.1399282462162175,1.203711680173196,calibration,plate_push,0.4331962017520064
0.25829280333167476,0.9010416666666666,0.23859942323756228,task,1.0465308864154725,0.42738795051021344,3.2048663928912724,NCEA,0.5457284538950932,1536,ALL,0.1333559337943711,0.7387343594927024,calibration,stove_turn_on,0.1605269496555115
0.5853877419885019,0.8912760416666666,0.31165593355852195,task,1.9995355604470806,2.544047441032793,9.758631905498094,NCEA,13.28851637225828,1536,ALL,0.26069714132771576,3.6453417360047715,calibration,wine_rack,0.6521775109195755
0.04857157139146298,1.0,0.35338018444183356,phase,0.9699330864968548,0.2896719613490859,1.9876816926227086,NCEA,0.13305909764826326,1536,free_space,0.14573357616775612,0.3647726657087442,calibration,ALL,0.34540881452404215
0.41930212813063195,0.82421875,0.4780269738931106,phase,1.035048518068709,0.6721215129558308,6.5071294405762075,NCEA,3.014252099287393,1536,pre_contact,0.1032900173715177,1.7361601594574716,calibration,ALL,0.22334330806448535
0.41904332007582196,0.7799479166666666,0.315336652474574,phase,1.0899136926094506,0.9311303536912116,7.943336473800389,NCEA,9.080781578332912,1536,contact_onset,0.11722156763248932,3.0134335198130575,calibration,ALL,-0.04675466810530264
0.6756716463406133,1.0,-0.006792844570949065,phase,2.039184446744208,3.0634711988580725,7.5453434553352485,NCEA,4.965436494402469,1536,post_contact,0.406008184649556,2.228325939893549,calibration,ALL,0.2658615941149793
0.3802048153924266,0.89794921875,0.43991114935653947,pooled,1.2153091660612318,1.4201203960401472,5.995872765583639,P3_mode_shuffled_atlas,4.067816996234197,6144,ALL,0.2368496550146378,2.0168829902188667,calibration,ALL,0.5375740470161197
0.44274255313537486,0.818359375,0.4509707017880341,task,1.077741143437658,1.8848338495590724,6.034082591362611,P3_mode_shuffled_atlas,2.0100930108561608,1536,ALL,0.3123646090388433,1.4177774898961264,calibration,bowl_on_plate,0.5616828199737633
0.3005407508234767,0.9811197916666666,0.3146961108879983,task,1.0415456891943118,0.7349929357878864,4.985910172582577,P3_mode_shuffled_atlas,1.4527507063261538,1536,ALL,0.14741399470644262,1.2053010853418136,calibration,plate_push,0.39298136995852223
0.2564756982964238,0.9010416666666666,0.13956854033726177,task,1.08738527452045,0.6447869350862069,3.2048663928912724,P3_mode_shuffled_atlas,0.5454308604944862,1536,ALL,0.20118995803270037,0.7385329109081641,calibration,stove_turn_on,0.3021985877931755
0.5210602593144312,0.8912760416666666,0.3794711767540323,task,1.6545645570925078,2.415867863727423,9.758631905498094,P3_mode_shuffled_atlas,12.262993407259989,1536,ALL,0.2475621467355791,3.5018557090862537,calibration,wine_rack,0.6515893690001189
0.04389945349988372,1.0,0.45589354089357204,phase,0.9363501443442613,0.46394897857680917,1.9876816926227086,P3_mode_shuffled_atlas,0.11802288307204926,1536,free_space,0.2334121103488342,0.34354458673081906,calibration,ALL,0.4930131968713111
0.42531915943437887,0.8118489583333334,0.3900255127855991,phase,1.0422185427125634,0.9357188470118368,6.5071294405762075,P3_mode_shuffled_atlas,3.0709166369844123,1536,pre_contact,0.14379902160498267,1.752403103450919,calibration,ALL,0.43497115964707805
0.42626828135338507,0.7799479166666666,0.2270492118673163,phase,1.1714418194594753,1.2558439495818068,7.943336473800389,P3_mode_shuffled_atlas,9.110537760373598,1536,contact_onset,0.15810030882161086,3.0183667372228973,calibration,ALL,-0.030758147255355733
0.6253323672820589,1.0,-0.021081686694510507,phase,1.7112261577286276,3.024969808990136,7.5453434553352485,P3_mode_shuffled_atlas,3.9717907045067293,1536,post_contact,0.4009055156861289,1.9929351982708141,calibration,ALL,0.3141223894479071
0.37965619681758556,0.9002278645833334,0.46738299116476434,pooled,1.1943669997277737,1.002672797330888,5.995872765583639,P4_state_shuffled_atlas,4.14881789787999,6144,ALL,0.1672271638394728,2.0368647225282266,calibration,ALL,0.4610333942642444
0.41132464507759986,0.8274739583333334,0.33032767402444374,task,1.0180612800387292,1.152547668859673,6.034082591362611,P4_state_shuffled_atlas,1.8942685991010857,1536,ALL,0.19100627997857844,1.3763243073858304,calibration,bowl_on_plate,0.4318433413106458
0.2980081701935581,0.9811197916666666,0.3672593534297322,task,1.020610349453764,0.6285794299619738,4.985910172582577,P4_state_shuffled_atlas,1.4447818494136306,1536,ALL,0.126071150141958,1.201990785910454,calibration,plate_push,0.42182444530569513
0.2564401309814539,0.9010416666666666,0.25082618364278314,task,1.0102512156352703,0.3792518914075724,3.2048663928912724,P4_state_shuffled_atlas,0.5405365843076774,1536,ALL,0.11833625646572743,0.735211931559654,calibration,stove_turn_on,0.1766448290967257
0.5528518410177304,0.8912760416666666,0.344537400870811,task,1.7285451537833307,1.8503121990943328,9.758631905498094,P4_state_shuffled_atlas,12.715684558697566,1536,ALL,0.18960774594355298,3.5659058538746597,calibration,wine_rack,0.6389545360743357
0.04511880093900022,1.0,0.5433778483084989,phase,0.9338085548773213,0.3426094725728035,1.9876816926227086,P4_state_shuffled_atlas,0.12308822796311525,1536,free_space,0.172366367232943,0.3508393192946242,calibration,ALL,0.4618714873493322
0.4183297326960396,0.8209635416666666,0.4276432220748147,phase,1.0291104449028676,0.738891719840467,6.5071294405762075,P4_state_shuffled_atlas,3.011327127611468,1536,pre_contact,0.11355110215466038,1.7353175869596515,calibration,ALL,0.3618930754473264
0.4187603475527646,0.7799479166666666,0.13571139476361002,phase,1.0622315371745126,0.7909449899064688,7.943336473800389,P4_state_shuffled_atlas,9.025047741557787,1536,contact_onset,0.0995733962063993,3.004171723047434,calibration,ALL,-0.15403071614083869
0.636415906082538,1.0,-0.07660009067857135,phase,1.7523174619563928,2.1382450070038126,7.5453434553352485,P4_state_shuffled_atlas,4.4358084943875875,1536,post_contact,0.2833860406303808,2.106135915459301,calibration,ALL,0.18885115508552344
0.36588705431353125,0.9033203125,0.4359743593482025,pooled,1.1376418581986434,0.7253736320150589,5.995872765583639,P5_effect_shuffled_atlas,4.052293787496598,6144,ALL,0.12097882332972604,2.0130309951653995,calibration,ALL,0.37194704166250686
0.4062681892756009,0.83984375,0.4235744913999733,task,1.0378331684929314,0.7688707188256861,6.034082591362611,P5_effect_shuffled_atlas,1.8760453001311552,1536,ALL,0.12742131172123392,1.3696880302211725,calibration,bowl_on_plate,0.4592736853064157
0.3016881990548517,0.9811197916666666,0.33574176488633256,task,1.0284947116457974,0.504927653450674,4.985910172582577,P5_effect_shuffled_atlas,1.4652530322914317,1536,ALL,0.10127090861509326,1.2104763658541342,calibration,plate_push,0.2177927210328197
0.2616414085887058,0.9010416666666666,0.029637697011347088,task,1.0439214841527218,0.2944181541582414,3.2048663928912724,P5_effect_shuffled_atlas,0.555231933993559,1536,ALL,0.09186596820737725,0.7451388689322004,calibration,stove_turn_on,0.08923329718199717
0.49395042033496644,0.8912760416666666,0.32511474892393705,task,1.4403180685031236,1.333278001625634,9.758631905498094,P5_effect_shuffled_atlas,12.312644883570249,1536,ALL,0.1366255039166355,3.5089378568977607,calibration,wine_rack,0.4335090600423008
0.05331107520469156,1.0,-0.023053328033374378,phase,1.0109430308851646,0.16385671379005848,1.9876816926227086,P5_effect_shuffled_atlas,0.14754590247949662,1536,free_space,0.08243609346416661,0.3841170426829518,calibration,ALL,-0.004839246867178543
0.4233621741020912,0.8333333333333334,0.20103770405989924,phase,1.0555429989767726,0.7298700345175652,6.5071294405762075,P5_effect_shuffled_atlas,3.0340782308564216,1536,pre_contact,0.11216467125524632,1.7418605658480306,calibration,ALL,0.09663570711801618
0.41473967917665516,0.7799479166666666,0.18983878128847811,phase,1.0461768859395215,0.5250223550053003,7.943336473800389,P5_effect_shuffled_atlas,9.03452501311607,1536,contact_onset,0.0660959480612446,3.0057486610021256,calibration,ALL,-0.08295386910052337
0.572135288770687,1.0,-0.15704886827706416,phase,1.4379045169931157,1.4827454247473117,7.5453434553352485,P5_effect_shuffled_atlas,3.993026003534405,1536,post_contact,0.19651132298011895,1.9982557402731025,calibration,ALL,0.09915076590676453
1.1328816106812838,0.7849934895833334,0.41629642041936976,pooled,27.343555622157425,61.79343067695396,5.995872765583639,P6_random_latent_atlas,1908.332857212061,6144,ALL,10.305994321902357,43.68446929072232,calibration,ALL,0.7487276539697292
1.6147048229271082,0.65234375,0.32315914287954667,task,16.847975606873714,71.8140142233567,6.034082591362611,P6_random_latent_atlas,486.6902403039085,1536,ALL,11.901397293791385,22.061057098514308,calibration,bowl_on_plate,0.8021736200591703
0.7556565585369565,0.9811197916666666,0.35712546345942325,task,3.3231823010408337,9.258925711027144,4.985910172582577,P6_random_latent_atlas,9.712562166329027,1536,ALL,1.8570181552691816,3.1164983822118417,calibration,plate_push,0.7743419511972857
0.3315809219004132,0.9010416666666666,0.387220344822288,task,1.4101262993146364,2.0235411276496755,3.2048663928912724,P6_random_latent_atlas,0.5624768659905905,1536,ALL,0.6313964077061374,0.7499845771684845,calibration,stove_turn_on,0.2832811615864061
1.8295841393606571,0.60546875,0.28851630929472577,task,87.79293828140051,164.07724164578235,9.758631905498094,P6_random_latent_atlas,7136.366149512017,1536,ALL,16.81354960763915,84.47701551020856,calibration,wine_rack,0.8465592773741732
0.24277422690734418,1.0,0.10995623493988671,phase,2.355831305812368,3.1309392536570115,1.9876816926227086,P6_random_latent_atlas,0.47441338014421186,1536,free_space,1.5751713492545159,0.6887767273538007,calibration,ALL,0.2725622848933686
0.48396765790924784,0.8333333333333334,0.3892690930977262,phase,1.7897102864036913,4.693288838868484,6.5071294405762075,P6_random_latent_atlas,4.520251370259313,1536,pre_contact,0.7212533393915233,2.1260882790371882,calibration,ALL,0.35711738040389185
1.3246304968870435,0.744140625,0.45043426306905243,phase,6.1813339972134544,24.95814142758647,7.943336473800389,P6_random_latent_atlas,67.51507487989426,1536,contact_onset,3.142022437285168,8.216755739334975,calibration,ALL,0.8927194617459877
2.4801540610214996,0.5625,0.003330864596203527,phase,99.04734689920019,214.3913531877039,7.5453434553352485,P6_random_latent_atlas,7560.821689217947,1536,post_contact,28.4137301975445,86.95298551066517,calibration,ALL,0.9321799321937274
nan,nan,0.6193335381619497,pooled,nan,1.2978768316308806,5.235583718583947,LJ_linear_j_atlas,1.691440456749019,6144,ALL,0.24789534489230047,1.300553903822913,development,ALL,nan
nan,nan,0.568423264210354,task,nan,1.2168814993062111,5.504281343035051,LJ_linear_j_atlas,1.7764787290477153,1536,ALL,0.22107908798048917,1.3328461010363182,development,bowl_on_plate,nan
nan,nan,0.6526331200951943,task,nan,1.1077328800547568,5.445398946906472,LJ_linear_j_atlas,2.0853055763191013,1536,ALL,0.20342547733514715,1.4440587163682443,development,plate_push,nan
nan,nan,0.7313173149081913,task,nan,1.2169285190221422,4.367578772038974,LJ_linear_j_atlas,0.7170867669031263,1536,ALL,0.2786277208811571,0.846809758389171,development,stove_turn_on,nan
nan,nan,0.5153606100725686,task,nan,1.649964428140412,5.625075812355294,LJ_linear_j_atlas,2.1868907547261336,1536,ALL,0.29332305611176285,1.478813968937991,development,wine_rack,nan
nan,nan,0.9430815239288582,phase,nan,0.6164461355560148,1.988647388310725,LJ_linear_j_atlas,0.07362385305722154,1536,free_space,0.30998262395811693,0.27133715753140325,development,ALL,nan
nan,nan,0.49958027689231466,phase,nan,1.2765663996899212,6.188727355672161,LJ_linear_j_atlas,2.3240124130508133,1536,pre_contact,0.20627284517872782,1.5244711912826734,development,ALL,nan
nan,nan,0.4685985907964496,phase,nan,1.617202471532029,6.311293918537867,LJ_linear_j_atlas,2.1245857719539596,1536,contact_onset,0.2562394482662099,1.4575958877391084,development,ALL,nan
nan,nan,0.4152993457046349,phase,nan,1.6812923197455572,6.453666211815038,LJ_linear_j_atlas,2.2435397889340822,1536,post_contact,0.2605173965563224,1.4978450483725219,development,ALL,nan
0.3867006790546969,0.9200846354166666,0.146668051511293,pooled,3.1292958183014465,4.337100627545927,5.235583718583947,MC_NCEA,6.745261254372475,6144,ALL,0.8283891273003977,2.597164079216497,development,ALL,0.6807706372033677
0.4243926144346199,0.8977864583333334,0.14546794897946208,task,1.0997301533866837,3.107627330745648,5.504281343035051,MC_NCEA,2.5583141899686113,1536,ALL,0.5645836644374919,1.5994730976070248,development,bowl_on_plate,0.6055639270682556
0.3296498060867456,0.9609375,0.2771561312850112,task,1.157853242322354,1.3978043009216587,5.445398946906472,MC_NCEA,2.4233154084061925,1536,ALL,0.25669456261156964,1.5567001665080507,development,plate_push,0.6691846659545547
0.3506636327175394,0.9029947916666666,0.03321405997342426,task,0.8641680661109196,1.0406114723009523,4.367578772038974,MC_NCEA,0.9885780357772251,1536,ALL,0.23825820359850086,0.9942726164273182,development,stove_turn_on,0.5840287630944837
0.44209666297988287,0.9186197916666666,0.052705752471637834,task,9.395431811385828,11.80235940621545,5.625075812355294,MC_NCEA,21.010837383337872,1536,ALL,2.0981689491707747,4.583757997902799,development,wine_rack,0.7493680017494633
0.020122287775035014,1.0,0.6124243053804208,phase,0.6038764557429378,1.1800480187327291,1.988647388310725,MC_NCEA,0.05369734708056354,1536,free_space,0.5933922854645096,0.23172688035824315,development,ALL,0.7532900453313384
0.4848722625521353,0.7213541666666666,0.08837850329759525,phase,1.1433173118935318,2.685714947680632,6.188727355672161,MC_NCEA,3.0931890083109965,1536,pre_contact,0.4339688587539877,1.7587464309305638,development,ALL,0.5600168297097227
0.45700636588856164,0.9609375,-0.05904316594960303,phase,1.2549840124360199,1.5857560948740381,6.311293918537867,MC_NCEA,2.371720280098927,1536,contact_onset,0.2512568920639667,1.5400390514850353,development,ALL,0.0059279526564079525
0.5848018000030558,0.998046875,-0.25813577650315644,phase,9.515005493133296,11.89688344889631,6.453666211815038,MC_NCEA,21.46243838199942,1536,post_contact,1.8434302392516229,4.632757103712585,development,ALL,0.5471740387382457
0.3813457369141396,0.8719075520833334,0.36776701624239566,pooled,1.2722559702143683,1.124084296961276,5.235583718583947,NCEA,1.9448522252801606,6144,ALL,0.21470085426602706,1.3945795872879254,development,ALL,0.5237949001833014
0.39928426407223266,0.892578125,0.4464342433332839,task,1.0405549585774665,0.8900790679423759,5.504281343035051,NCEA,1.8843507186261597,1536,ALL,0.16170668112171532,1.3727165470796072,development,bowl_on_plate,0.5479966473035377
0.3372041714567971,0.9609375,0.33914720017257144,task,1.1621950091727355,1.155104870160964,5.445398946906472,NCEA,2.372162504205209,1536,ALL,0.21212492994974746,1.5401826204074662,development,plate_push,0.6285728496224507
0.36907742984744624,0.9029947916666666,0.3558867989431165,task,1.0203555393856683,0.47309038006157306,4.367578772038974,NCEA,1.0477484996343298,1536,ALL,0.10831868290281896,1.0235958673394152,development,stove_turn_on,0.40125768834016096
0.4198170822800824,0.7311197916666666,0.11782579647733751,task,1.865918373721603,1.9780628696801916,5.625075812355294,NCEA,2.4751471786549444,1536,ALL,0.35165088181308446,1.573260048006986,development,wine_rack,0.4817570920962329
0.049233925145556655,1.0,0.411115111982605,phase,0.967913984404162,0.2928741199042027,1.988647388310725,NCEA,0.1346549716575285,1536,free_space,0.14727302669428358,0.3669536369318725,development,ALL,0.38531459146164426
0.4707147570097021,0.7161458333333334,0.4807379859502521,phase,1.0029503408754665,0.718075190554373,6.188727355672161,NCEA,2.448891806817,1536,pre_contact,0.11602954037007862,1.5648935448831656,development,ALL,0.24397100749376402
0.44882649437009375,0.9609375,-0.09041130070105688,phase,1.204895005822369,1.310237725963816,6.311293918537867,NCEA,2.33674833416397,1536,contact_onset,0.20760207698698935,1.5286426443626286,development,ALL,0.09545712410910887
0.5566077711312057,0.810546875,-0.27762428623210955,phase,1.9132645497554754,2.175150151422713,6.453666211815038,NCEA,2.8591137884821443,1536,post_contact,0.33704100584572544,1.6908914183004609,development,ALL,0.20279422901855532
0.40901829574334125,0.87255859375,0.2931161097600357,pooled,1.596511890894382,1.7253172019069705,5.235583718583947,P3_mode_shuffled_atlas,2.2630666903818004,6144,ALL,0.32953674215596573,1.5043492581118922,development,ALL,0.5965890784076704
0.40511769347437204,0.8951822916666666,0.38591595953452196,task,1.0323572775322274,1.4052940964174923,5.504281343035051,P3_mode_shuffled_atlas,1.9703435849451676,1536,ALL,0.25530927814867393,1.4036892764943272,development,bowl_on_plate,0.5873932712155538
0.3163257381844699,0.9609375,0.2057795833871983,task,1.1147043179893081,1.054633670214874,5.445398946906472,P3_mode_shuffled_atlas,2.376569943118952,1536,ALL,0.19367427079222738,1.5416127734028906,development,plate_push,0.5653775412782208
0.36572759306061425,0.9029947916666666,0.39894371915127186,task,1.0258742775562422,0.6593709887141207,4.367578772038974,P3_mode_shuffled_atlas,1.042856065272104,1536,ALL,0.15096945541895695,1.0212032438609389,development,stove_turn_on,0.48667271572939486
0.548902158253909,0.7311197916666666,0.057963276635605125,task,3.2131116904997508,3.7819700522813946,5.625075812355294,P3_mode_shuffled_atlas,3.662497168190978,1536,ALL,0.6723411698691103,1.9137651810478156,development,wine_rack,0.6836580617832869
0.04492269491988544,1.0,0.49173004409156124,phase,0.9362573357022378,0.47555513117307174,1.988647388310725,P3_mode_shuffled_atlas,0.12091933188142352,1536,free_space,0.23913496880763588,0.34773457101850475,development,ALL,0.5265570892205087
0.4759665864090694,0.71875,0.24526143204325868,phase,1.0104151179567553,1.2135124552296475,6.188727355672161,P3_mode_shuffled_atlas,2.534743774734596,1536,pre_contact,0.19608432969945355,1.5920878665245193,development,ALL,0.5485027472454695
0.43546068177725167,0.9609375,-0.1880359320792864,phase,1.1944822647695073,1.339245650684461,6.311293918537867,P3_mode_shuffled_atlas,2.323642925863867,1536,contact_onset,0.2121982699539246,1.5243500011033775,development,ALL,-0.05111589214150838
0.6797232198671587,0.810546875,-0.2642539270205718,phase,3.244892845149028,3.8729555705407015,6.453666211815038,P3_mode_shuffled_atlas,4.072960729047317,1536,post_contact,0.6001171184605574,2.018157756233966,development,ALL,0.49461663741066636
0.3845394285435193,0.8714192708333334,0.31254551658517793,pooled,1.2173736249695126,0.9853730609465856,5.235583718583947,P4_state_shuffled_atlas,1.9197516452041283,6144,ALL,0.1882069152001062,1.385551025839225,development,ALL,0.5150722203918274
0.39342399801449907,0.890625,0.2246954962976228,task,0.9826800701172127,0.737590504087469,5.504281343035051,P4_state_shuffled_atlas,1.8505411399823266,1536,ALL,0.1340030529182149,1.3603459633425339,development,bowl_on_plate,0.4592356277245957
0.3432288604830667,0.9609375,0.2937159524879254,task,1.138217312854169,1.088322233738533,5.445398946906472,P4_state_shuffled_atlas,2.366262578047795,1536,ALL,0.1998608815166441,1.5382660946818645,development,plate_push,0.6279131053980108
0.3646949146968801,0.9029947916666666,0.42287846117696176,task,0.9956647896254246,0.3996226386273823,4.367578772038974,P4_state_shuffled_atlas,1.0392864241229436,1536,ALL,0.09149752288058247,1.0194539833278125,development,stove_turn_on,0.40695923265742523
0.43680994097963133,0.7311197916666666,0.14823311889780633,task,1.7529323272812434,1.7159568673329584,5.625075812355294,P4_state_shuffled_atlas,2.4229164386634485,1536,ALL,0.3050548871828386,1.5565720152512856,development,wine_rack,0.4781109485948389
0.04583966977430959,1.0,0.5630681815171481,phase,0.9318259440720634,0.34265326266177,1.988647388310725,P4_state_shuffled_atlas,0.12488273804689864,1536,free_space,0.1723046854238146,0.3533875182386874,development,ALL,0.4509062856965746
0.46810512250665,0.7141927083333334,0.25775345826295565,phase,0.9953273177529279,0.7575938642645875,6.188727355672161,P4_state_shuffled_atlas,2.433667340683025,1536,pre_contact,0.12241513007843675,1.560021583402943,development,ALL,0.3958375442928926
0.4593556702925903,0.9609375,-0.10362777375599405,phase,1.1661870036433495,1.0754475704937552,6.311293918537867,P4_state_shuffled_atlas,2.316990708407434,1536,contact_onset,0.1704004890874902,1.5221664522671081,development,ALL,0.03431933917229511
0.5648572516005274,0.810546875,-0.3147684378437203,phase,1.7761542344097088,1.7657975463662297,6.453666211815038,P4_state_shuffled_atlas,2.8034657936791554,1536,post_contact,0.27361153930358206,1.674355336742818,development,ALL,0.1029282765274295
0.35927038743438433,0.8720703125,0.28599998091425083,pooled,1.1256583704044538,0.6806824021950888,5.235583718583947,P5_effect_shuffled_atlas,1.88416094968754,6144,ALL,0.13001079512471075,1.3726474236625879,development,ALL,0.3803349930183385
0.396599497234817,0.8932291666666666,0.4124037781943335,task,1.0273821039530902,0.5307046550345452,5.504281343035051,P5_effect_shuffled_atlas,1.8661153042822327,1536,ALL,0.09641670219239114,1.3660583092541227,development,bowl_on_plate,0.4374127784995094
0.3092367016954704,0.9609375,0.18540778998599158,task,1.0664195730187715,0.7468046736321412,5.445398946906472,P5_effect_shuffled_atlas,2.335638093401511,1536,ALL,0.13714416168835536,1.528279455270374,development,plate_push,0.38088516344137396
0.37028801368873915,0.9029947916666666,0.333219093532525,task,1.0213828183217089,0.2995410464888361,4.367578772038974,P5_effect_shuffled_atlas,1.0557851544275707,1536,ALL,0.06858286069308772,1.027514065318607,development,stove_turn_on,0.3084889931367209
0.3609573371185107,0.7311197916666666,0.11119162625844634,task,1.3874489863242452,1.1456792336248327,5.625075812355294,P5_effect_shuffled_atlas,2.279105246638846,1536,ALL,0.2036735631381867,1.5096705755358837,development,wine_rack,0.27407084454955594
0.054200766856365636,1.0,0.015248281928499828,phase,1.0093157246748534,0.16812812431696025,1.988647388310725,P5_effect_shuffled_atlas,0.1494594146140229,1536,free_space,0.08454395953008957,0.38659981196842674,development,ALL,0.002629751419385876
0.4729782198386309,0.716796875,0.13292074539216164,phase,1.0207752530089733,0.7428662864258513,6.188727355672161,P5_effect_shuffled_atlas,2.4495561544273037,1536,pre_contact,0.12003538752518984,1.5651057965605084,development,ALL,0.17583748880743297
0.4193009874895102,0.9609375,-0.18398418873540612,phase,1.074598204447618,0.6911364677168118,6.311293918537867,P5_effect_shuffled_atlas,2.279647400926146,1536,contact_onset,0.10950788802384391,1.5098501253191146,development,ALL,-0.14386605029256622
0.4906015755530306,0.810546875,-0.24673024384457645,phase,1.3979442994863707,1.1205987303207319,6.453666211815038,P5_effect_shuffled_atlas,2.6579808287826885,1536,post_contact,0.17363754082434535,1.6303315088602957,development,ALL,-0.09422087200425344
1.2571008497319995,0.7353515625,0.322267375265605,pooled,40.609460722142195,67.35641067867833,5.235583718583947,P6_random_latent_atlas,1134.8556218892352,6144,ALL,12.86511959298705,33.68761822820419,development,ALL,0.7965202242455941
1.260928176139258,0.7057291666666666,0.4947218640790999,task,11.985193090832373,33.910259319486066,5.504281343035051,P6_random_latent_atlas,150.10680448504544,1536,ALL,6.16070604065235,12.251808212873945,development,bowl_on_plate,0.7398887531815649
1.0870330487663857,0.8984375,0.3852576292653102,task,14.944972597680751,36.04859351724318,5.445398946906472,P6_random_latent_atlas,175.98713419680902,1536,ALL,6.620009639095839,13.266014254357223,development,plate_push,0.8698012641223332
0.5069622788522365,0.9166666666666666,0.2543819432817854,task,1.4928696731159878,2.5960394425794173,4.367578772038974,P6_random_latent_atlas,1.0655358347565023,1536,ALL,0.5943886940744229,1.0322479521687133,development,stove_turn_on,0.280024716732117
2.1734798951701175,0.4205729166666667,0.0770346881960501,task,134.01480752693968,196.87075043540463,5.625075812355294,P6_random_latent_atlas,4212.26301304033,1536,ALL,34.99877281706755,64.90194922373541,development,wine_rack,0.9698688458840459
0.16964355341657045,1.0,0.329984967039942,phase,1.5953632047202533,2.2416775702322713,1.988647388310725,P6_random_latent_atlas,0.2272732440739019,1536,free_space,1.1272373289547752,0.47673183664813273,development,ALL,0.24521817229829249
0.8476528405403903,0.73046875,0.41475827855884917,phase,2.5723952046096894,10.49931394711256,6.188727355672161,P6_random_latent_atlas,12.500137724800753,1536,pre_contact,1.6965222967028288,3.535553383107198,development,ALL,0.5046574824258941
1.7052193542533949,0.6484375,0.054893954020162804,phase,20.228763927578658,57.57392838378504,6.311293918537867,P6_random_latent_atlas,324.68166882551617,1536,contact_onset,9.122365259313284,18.018925296074574,development,ALL,0.8996201394378406
2.3058876507176422,0.5625,-0.28722724240715974,phase,138.0413205516602,199.1107228135834,6.453666211815038,P6_random_latent_atlas,4202.01340776255,1536,post_contact,30.85234288210658,64.82293890099824,development,ALL,0.9186347543704794
