task_id,phase,method,k,n,settled_effect_error_mean,immediate_effect_error_mean,contact_mode_preservation,task_progress_preservation_005,task_progress_mae,action_reconstruction_error_mean,codebook_utilization,dead_code_ratio,clipped_coordinate_rate
bowl_on_plate,contact_onset,caaa_v2,32,48,3953.1709699989647,4090.6759260109698,0.5416666666666666,0.8958333333333334,0.02626883843010419,1.0093750772251426,0.03125,0.96875,0.8958333333333334
bowl_on_plate,contact_onset,caaa_v2,64,192,12434.98519914769,3646.88945985734,0.71875,0.859375,0.02338707022725892,0.9959630304728408,0.015625,0.984375,0.9565972222222222
bowl_on_plate,contact_onset,caaa_v2,128,48,26959.30080918176,3793.8829128275497,0.4583333333333333,0.9375,0.026737691130935753,1.0044917285165313,0.0078125,0.9921875,0.90625
bowl_on_plate,contact_onset,covariance_mahalanobis,32,48,1886.4820585433981,2039.9915269069345,0.8958333333333334,0.8125,0.017826158346491146,0.1702688522512024,0.125,0.875,0.0
bowl_on_plate,contact_onset,covariance_mahalanobis,64,192,643.2912153749477,675.0063728968998,0.8177083333333334,1.0,0.00981669284361101,0.11564785092325665,0.109375,0.890625,0.0
bowl_on_plate,contact_onset,covariance_mahalanobis,128,48,1721.0807163741035,1857.9973428212415,0.9791666666666666,1.0,0.011468311514202018,0.15081892250245788,0.0859375,0.9140625,0.0
bowl_on_plate,contact_onset,euclidean_farthest,32,48,510.25695858650323,577.9895785535203,0.9791666666666666,1.0,0.007592128082702924,0.11978534704992104,0.09375,0.90625,0.0
bowl_on_plate,contact_onset,euclidean_farthest,64,192,692.7369243916663,585.2503868840244,0.9947916666666666,1.0,0.011116238967951888,0.09451695404632325,0.125,0.875,0.0
bowl_on_plate,contact_onset,euclidean_farthest,128,48,408.7135147677775,444.0712073459752,1.0,1.0,0.006986792441607725,0.08582741770602716,0.0546875,0.9453125,0.0
bowl_on_plate,contact_onset,global_kmeans,32,48,627.6167445923224,640.2102365355413,1.0,1.0,0.010609160845949017,0.09020718804669377,0.15625,0.84375,0.0
bowl_on_plate,contact_onset,global_kmeans,64,192,600.6337539019277,647.7864342129006,0.9895833333333334,1.0,0.010287303070968954,0.08504298100593206,0.09375,0.90625,0.0
bowl_on_plate,contact_onset,global_kmeans,128,48,621.2719633063872,619.8565309393516,1.0,1.0,0.010348103181286006,0.08468847425038924,0.0546875,0.9453125,0.0
bowl_on_plate,contact_onset,old_diagonal_sensitivity,32,48,2835.65924963747,2512.1958277379435,0.6041666666666666,1.0,0.016200387062976832,0.5590672213498968,0.03125,0.96875,0.2604166666666667
bowl_on_plate,contact_onset,old_diagonal_sensitivity,64,192,1891.8221192793128,2006.397496906108,0.8229166666666666,1.0,0.017515180353203604,0.38885737184063035,0.015625,0.984375,0.07313368055555555
bowl_on_plate,contact_onset,old_diagonal_sensitivity,128,48,2312.890327192989,2284.9287927064124,1.0,0.9791666666666666,0.02184242111989344,0.37980480937948985,0.0078125,0.9921875,0.052083333333333336
bowl_on_plate,contact_onset,pca_kmeans,32,48,668.2381236667692,590.3198748855801,0.9791666666666666,1.0,0.011002265736106699,0.08267378154154088,0.09375,0.90625,0.0
bowl_on_plate,contact_onset,pca_kmeans,64,192,656.542957024129,477.84265124938383,0.984375,1.0,0.010984247963065763,0.09102470997642813,0.125,0.875,0.0
bowl_on_plate,contact_onset,pca_kmeans,128,48,672.1487386879029,454.97163048060656,0.9791666666666666,1.0,0.01111539726752952,0.08936163271995277,0.0703125,0.9296875,0.0
bowl_on_plate,contact_onset,permuted_j,32,48,5695.261324806185,3323.1132599970674,0.75,0.25,0.08743318792628936,1.0391312344838965,0.03125,0.96875,1.0
bowl_on_plate,contact_onset,permuted_j,64,192,5236.380040797428,3212.828493308749,0.75,0.25,0.07733806826933491,1.0330214506173194,0.015625,0.984375,1.0
bowl_on_plate,contact_onset,permuted_j,128,48,4185.908859628019,2958.425619160109,0.5,0.75,0.02614073117511855,1.0205688495437482,0.0078125,0.9921875,0.9791666666666666
bowl_on_plate,contact_onset,phase_conditioned_kmeans,32,48,512.1758294471307,559.0310141243091,0.9791666666666666,1.0,0.009254494426822324,0.08588928836264907,0.1875,0.8125,0.0
bowl_on_plate,contact_onset,phase_conditioned_kmeans,64,192,520.0443134061456,557.762905198161,0.984375,1.0,0.009209708042208187,0.08603068266326895,0.140625,0.859375,0.0
bowl_on_plate,contact_onset,phase_conditioned_kmeans,128,48,478.1091060774525,553.0269378079905,1.0,1.0,0.00840402754658956,0.08538903526285063,0.0859375,0.9140625,0.0
bowl_on_plate,contact_onset,random_spd,32,48,2042.7408184791013,2057.825182230423,0.875,0.9791666666666666,0.019100921871190803,0.20289658933543767,0.03125,0.96875,0.0
bowl_on_plate,contact_onset,random_spd,64,192,1921.0280279417875,2017.05258033296,0.875,0.9479166666666666,0.017775808104747798,0.20234849557865942,0.015625,0.984375,0.0
bowl_on_plate,contact_onset,random_spd,128,48,2045.351400543088,2075.0800411603636,0.75,0.9791666666666666,0.018459040015995437,0.1975416988174655,0.015625,0.984375,0.0
bowl_on_plate,free_space,caaa_v2,32,48,266.2534815869697,268.1221699658068,1.0,1.0,1.3877787807814457e-17,1.0720979217412527,0.03125,0.96875,1.0
bowl_on_plate,free_space,caaa_v2,64,192,279.062625852842,263.07080412607814,1.0,1.0,0.0,1.0721992401191853,0.015625,0.984375,1.0
bowl_on_plate,free_space,caaa_v2,128,48,289.0657343560013,261.6491391844537,1.0,1.0,0.0,1.0711988402523238,0.0078125,0.9921875,1.0
bowl_on_plate,free_space,covariance_mahalanobis,32,48,74.08694311987297,51.520740681184655,1.0,1.0,0.0,0.1297709316419072,0.125,0.875,0.005208333333333333
bowl_on_plate,free_space,covariance_mahalanobis,64,192,77.53564671159431,50.49507344220731,1.0,1.0,8.673617379884035e-19,0.12909455243954848,0.046875,0.953125,0.008897569444444444
bowl_on_plate,free_space,covariance_mahalanobis,128,48,68.91371269862941,44.70834470879121,1.0,1.0,1.1564823173178713e-18,0.12392130719901957,0.03125,0.96875,0.005208333333333333
bowl_on_plate,free_space,euclidean_farthest,32,48,77.60232699483778,40.79456236157829,1.0,1.0,0.0,0.10142403447371677,0.125,0.875,0.0
bowl_on_plate,free_space,euclidean_farthest,64,192,56.64953062518811,33.72389433803725,1.0,1.0,0.0,0.07936346662112002,0.0625,0.9375,0.0
bowl_on_plate,free_space,euclidean_farthest,128,48,50.0262251778716,24.742888107633245,1.0,1.0,0.0,0.05907424303070714,0.0234375,0.9765625,0.0
bowl_on_plate,free_space,global_kmeans,32,48,58.710502262490515,33.04797669303538,1.0,1.0,0.0,0.07858651484507274,0.09375,0.90625,0.0
bowl_on_plate,free_space,global_kmeans,64,192,44.53336948761872,24.99556835272574,1.0,1.0,0.0,0.06176993174948259,0.046875,0.953125,0.0
bowl_on_plate,free_space,global_kmeans,128,48,45.84620904958768,25.549530727646303,1.0,1.0,0.0,0.05882402900396905,0.0234375,0.9765625,0.0
bowl_on_plate,free_space,old_diagonal_sensitivity,32,48,562.7660266529241,215.58749207332713,1.0,1.0,0.00028410774198450034,0.9133320611628895,0.03125,0.96875,0.7065972222222222
bowl_on_plate,free_space,old_diagonal_sensitivity,64,192,487.7629088277804,246.14281355249355,1.0,1.0,1.3877787807814457e-17,1.0001357170238845,0.015625,0.984375,0.8376736111111112
bowl_on_plate,free_space,old_diagonal_sensitivity,128,48,700.948406307116,146.75742287909551,1.0,1.0,0.001386839388146038,0.7633620695949109,0.0078125,0.9921875,0.5121527777777778
bowl_on_plate,free_space,pca_kmeans,32,48,51.30450736191122,31.718852922787182,1.0,1.0,0.0,0.07154721404902828,0.09375,0.90625,0.0
bowl_on_plate,free_space,pca_kmeans,64,192,46.338964053382504,26.7160152972567,1.0,1.0,0.0,0.06083400861123759,0.046875,0.953125,0.0
bowl_on_plate,free_space,pca_kmeans,128,48,46.42386137665331,27.55139235308236,1.0,1.0,0.0,0.058123611872456876,0.0234375,0.9765625,0.0
bowl_on_plate,free_space,permuted_j,32,48,437.77135825946533,270.8792785925785,1.0,1.0,1.3877787807814457e-17,1.0122210229278814,0.03125,0.96875,0.9895833333333334
bowl_on_plate,free_space,permuted_j,64,192,362.0223842858407,263.9181172960816,1.0,1.0,1.3877787807814457e-17,1.001667621003193,0.015625,0.984375,0.9895833333333334
bowl_on_plate,free_space,permuted_j,128,48,406.8881411886643,251.40536590633823,1.0,1.0,1.3877787807814457e-17,1.0092635179521012,0.0078125,0.9921875,0.9670138888888888
bowl_on_plate,free_space,phase_conditioned_kmeans,32,48,71.63771416436244,38.30567948091967,1.0,1.0,0.0,0.09077892352515071,0.09375,0.90625,0.0
bowl_on_plate,free_space,phase_conditioned_kmeans,64,192,70.2620981892555,37.47077979834632,1.0,1.0,0.0,0.09019042874960524,0.078125,0.921875,0.0
bowl_on_plate,free_space,phase_conditioned_kmeans,128,48,70.86725007771402,38.10659126706835,1.0,1.0,0.0,0.0888948977713388,0.0390625,0.9609375,0.0
bowl_on_plate,free_space,random_spd,32,48,758.0945442093516,450.6407799523108,1.0,1.0,1.3877787807814457e-17,1.0923556580375984,0.03125,0.96875,1.0
bowl_on_plate,free_space,random_spd,64,192,777.0987585925183,448.2283998730308,1.0,1.0,1.3877787807814457e-17,1.092354427084133,0.015625,0.984375,1.0
bowl_on_plate,free_space,random_spd,128,48,873.4718320250939,523.9235964948751,1.0,1.0,1.3877787807814457e-17,1.0904630021068076,0.0078125,0.9921875,0.9895833333333334
bowl_on_plate,post_contact,caaa_v2,32,48,492115.104349091,278235.4550321851,1.0,0.9166666666666666,0.009009331137218727,0.08372786895628302,0.1875,0.8125,0.0
bowl_on_plate,post_contact,caaa_v2,64,192,594823.6526537989,949724.6920491246,0.9947916666666666,0.8177083333333334,0.02136160523073442,0.12713606959257326,0.140625,0.859375,0.004991319444444444
bowl_on_plate,post_contact,caaa_v2,128,48,508944.92408947897,264200.1823614752,1.0,0.8958333333333334,0.011293752800542548,0.09746916870246007,0.078125,0.921875,0.005208333333333333
bowl_on_plate,post_contact,covariance_mahalanobis,32,48,349265.4468321646,156065.4884173186,1.0,0.875,0.016967820453069896,0.05036477905543441,0.03125,0.96875,0.0
bowl_on_plate,post_contact,covariance_mahalanobis,64,192,370218.3652826051,181293.5596800505,0.9947916666666666,0.8802083333333334,0.015745444775879924,0.04750593553425056,0.046875,0.953125,0.0
bowl_on_plate,post_contact,covariance_mahalanobis,128,48,379760.1349987243,486570.62572554493,1.0,0.8333333333333334,0.020292951886895262,0.046053954079885606,0.0390625,0.9609375,0.0
bowl_on_plate,post_contact,euclidean_farthest,32,48,373736.2557650809,715355.3898331627,1.0,0.8333333333333334,0.023601628092332367,0.059720632723879584,0.03125,0.96875,0.0
bowl_on_plate,post_contact,euclidean_farthest,64,192,589082.9647791589,209103.9400822308,0.9895833333333334,0.8697916666666666,0.013382489901480383,0.050537227260583906,0.078125,0.921875,0.0
bowl_on_plate,post_contact,euclidean_farthest,128,48,489201.7590785458,268150.9318155906,1.0,0.8541666666666666,0.01689238590718312,0.04189829627998165,0.046875,0.953125,0.0
bowl_on_plate,post_contact,global_kmeans,32,48,441024.9797635791,307059.0870691255,1.0,0.875,0.015063275444804673,0.0474515700826732,0.0625,0.9375,0.0
bowl_on_plate,post_contact,global_kmeans,64,192,387939.23227016005,267167.58737608365,0.9947916666666666,0.875,0.01551950476345163,0.050046408118204655,0.015625,0.984375,0.0
bowl_on_plate,post_contact,global_kmeans,128,48,456322.4128496305,296056.2559907658,1.0,0.8333333333333334,0.018742767988658943,0.042986009735044156,0.046875,0.953125,0.0
bowl_on_plate,post_contact,old_diagonal_sensitivity,32,48,389144.7096205104,225600.2610783152,1.0,0.8958333333333334,0.012633655188209655,0.05371100784290677,0.03125,0.96875,0.0
bowl_on_plate,post_contact,old_diagonal_sensitivity,64,192,362865.9699819316,285414.27122083254,0.9947916666666666,0.890625,0.014387543740385986,0.05804339970113395,0.046875,0.953125,0.0
bowl_on_plate,post_contact,old_diagonal_sensitivity,128,48,339062.7769186507,275389.84281653963,1.0,0.8958333333333334,0.013648259738509395,0.05269843563738908,0.015625,0.984375,0.0
bowl_on_plate,post_contact,pca_kmeans,32,48,455513.83664000314,257177.32078719852,1.0,0.875,0.012550208882289636,0.04211472020810372,0.125,0.875,0.0
bowl_on_plate,post_contact,pca_kmeans,64,192,362403.4400097886,255857.74050954144,0.9947916666666666,0.8958333333333334,0.01363900909613402,0.04686217317704935,0.03125,0.96875,0.0
bowl_on_plate,post_contact,pca_kmeans,128,48,439063.19924945943,221410.32174136143,1.0,0.875,0.01404870720316296,0.03795094483793108,0.0390625,0.9609375,0.0
bowl_on_plate,post_contact,permuted_j,32,48,2813736.8945832253,1748486.4719530817,0.9375,0.8333333333333334,0.021629748180658288,0.6773765546119334,0.25,0.75,0.4765625
bowl_on_plate,post_contact,permuted_j,64,192,2333863.452455605,2473971.2341450467,0.9635416666666666,0.5572916666666666,0.11157737655720516,0.791191348139614,0.21875,0.78125,0.5407986111111112
bowl_on_plate,post_contact,permuted_j,128,48,2128013.0918032206,2019119.6522431076,1.0,0.6041666666666666,0.11124450589326935,0.7805688191140252,0.109375,0.890625,0.5590277777777778
bowl_on_plate,post_contact,phase_conditioned_kmeans,32,48,340388.80352819146,321056.71686754475,1.0,0.9166666666666666,0.01005641523413312,0.04839183945985645,0.0625,0.9375,0.0
bowl_on_plate,post_contact,phase_conditioned_kmeans,64,192,400488.9573258399,269302.8324069824,0.9947916666666666,0.875,0.01572817780966399,0.04719277168977748,0.078125,0.921875,0.0
bowl_on_plate,post_contact,phase_conditioned_kmeans,128,48,436662.00467481586,202230.0067594729,1.0,0.8541666666666666,0.017847969028271207,0.045929861305895624,0.0390625,0.9609375,0.0
bowl_on_plate,post_contact,random_spd,32,48,383527.40512619185,126679.60268964904,1.0,0.8958333333333334,0.014518619185992968,0.05485591764959872,0.125,0.875,0.0
bowl_on_plate,post_contact,random_spd,64,192,328671.04970818985,161680.32183564812,0.9947916666666666,0.890625,0.01397776352909876,0.05773168935150175,0.140625,0.859375,0.0
bowl_on_plate,post_contact,random_spd,128,48,334448.65408481896,161840.39995078303,0.9791666666666666,0.9375,0.009150023361286572,0.05858006406174313,0.0859375,0.9140625,0.0
bowl_on_plate,pre_contact,caaa_v2,32,48,4637.625807785855,1575.3754212227213,0.7708333333333334,0.5,0.04627938786279215,1.0019437634586925,0.03125,0.96875,0.9583333333333334
bowl_on_plate,pre_contact,caaa_v2,64,192,3826.8582828026797,1250.1482922501484,0.5572916666666666,0.5,0.03254962387155718,1.000866083804015,0.015625,0.984375,0.9583333333333334
bowl_on_plate,pre_contact,caaa_v2,128,48,4294.57570674496,1977.3662380440371,0.7708333333333334,0.5625,0.032148434550021136,0.972165111565682,0.0078125,0.9921875,0.9375
bowl_on_plate,pre_contact,covariance_mahalanobis,32,48,377.69235546251116,239.28279310097605,0.4791666666666667,1.0,0.0024805011961296767,0.10213276109547774,0.09375,0.90625,0.0
bowl_on_plate,pre_contact,covariance_mahalanobis,64,192,428.0521097522084,268.9707319160768,0.5625,1.0,0.0026156020601148544,0.10615709131424579,0.109375,0.890625,0.0
bowl_on_plate,pre_contact,covariance_mahalanobis,128,48,480.18193606326486,304.98427371734505,0.5,1.0,0.0026929510353018832,0.1093618126541167,0.0703125,0.9296875,0.0
bowl_on_plate,pre_contact,euclidean_farthest,32,48,318.8757816639845,166.3888530112398,0.7291666666666666,1.0,0.003116118115016664,0.08676132229933486,0.125,0.875,0.0
bowl_on_plate,pre_contact,euclidean_farthest,64,192,474.2135292875053,303.9590883705337,0.7916666666666666,1.0,0.0015642997863100424,0.0955743997576471,0.09375,0.90625,0.0
bowl_on_plate,pre_contact,euclidean_farthest,128,48,292.51572564339034,201.9376515846036,0.5,1.0,0.0026243709265395244,0.08503080270676011,0.046875,0.953125,0.0
bowl_on_plate,pre_contact,global_kmeans,32,48,265.4622454557068,147.60589379079087,0.5416666666666666,1.0,0.0015167197097586832,0.07928425310388952,0.15625,0.84375,0.0
bowl_on_plate,pre_contact,global_kmeans,64,192,294.1846088990394,166.9033581685737,0.578125,1.0,0.001945511396839337,0.07504010089656192,0.125,0.875,0.0
bowl_on_plate,pre_contact,global_kmeans,128,48,336.61917991596465,169.7565611545787,0.5416666666666666,1.0,0.0031807652424803226,0.08273068569189293,0.03125,0.96875,0.0
bowl_on_plate,pre_contact,old_diagonal_sensitivity,32,48,2122.0840340138543,1196.2082445585684,0.5833333333333334,1.0,0.0037526696246054335,0.6238782570524838,0.03125,0.96875,0.28125
bowl_on_plate,pre_contact,old_diagonal_sensitivity,64,192,1672.996868328594,872.4473491456048,0.765625,1.0,0.015610085031500326,0.4878018394385221,0.015625,0.984375,0.1970486111111111
bowl_on_plate,pre_contact,old_diagonal_sensitivity,128,48,482.178174582744,431.58291625885323,0.7708333333333334,1.0,0.0020568050124547426,0.3931169906471274,0.0078125,0.9921875,0.125
bowl_on_plate,pre_contact,pca_kmeans,32,48,241.35462346870295,98.00051324429755,0.8333333333333334,1.0,0.0023255391013425053,0.06949760119065308,0.1875,0.8125,0.0
bowl_on_plate,pre_contact,pca_kmeans,64,192,299.34946000136824,191.97151409661,0.4322916666666667,1.0,0.0013779672109110021,0.06600712448985831,0.09375,0.90625,0.0
bowl_on_plate,pre_contact,pca_kmeans,128,48,296.2486155142994,166.28594761755508,0.6041666666666666,1.0,0.0017174493860342445,0.07058944400778884,0.0703125,0.9296875,0.0
bowl_on_plate,pre_contact,permuted_j,32,48,8216.509869895726,5177.199835239393,0.7708333333333334,0.5,0.07615720611200441,1.0255342744229905,0.03125,0.96875,1.0
bowl_on_plate,pre_contact,permuted_j,64,192,8391.71184852029,4933.041418627203,0.8072916666666666,0.5,0.07680226747363673,1.0208530409413394,0.015625,0.984375,1.0
bowl_on_plate,pre_contact,permuted_j,128,48,8395.714336494986,4168.129727486265,0.7708333333333334,0.75,0.04551972917246306,1.0022610248729802,0.0078125,0.9921875,1.0
bowl_on_plate,pre_contact,phase_conditioned_kmeans,32,48,378.73044336047604,217.73869732154222,0.5,1.0,0.003678930578405568,0.08654475524020071,0.09375,0.90625,0.0
bowl_on_plate,pre_contact,phase_conditioned_kmeans,64,192,400.17294557388533,213.92717399511446,0.546875,1.0,0.003762416015437768,0.08582900969889899,0.140625,0.859375,0.0
bowl_on_plate,pre_contact,phase_conditioned_kmeans,128,48,335.16290691983824,194.05382628003449,0.4791666666666667,1.0,0.0033552003015440215,0.08248478811031972,0.0390625,0.9609375,0.0
bowl_on_plate,pre_contact,random_spd,32,48,598.2629178139065,289.13215370715227,0.5208333333333334,1.0,0.0032129591197651414,0.1515739037178452,0.03125,0.96875,0.0
bowl_on_plate,pre_contact,random_spd,64,192,428.8966062805387,298.30544821170366,0.5104166666666666,1.0,0.0010656682766474477,0.1412100962653284,0.015625,0.984375,0.0
bowl_on_plate,pre_contact,random_spd,128,48,406.1341131447468,296.9647440495688,0.5,1.0,0.0010973179060221373,0.13738424363102947,0.015625,0.984375,0.0
plate_push,contact_onset,caaa_v2,32,48,1746.074664810447,1701.7616213361325,0.0,1.0,0.0006881153411118072,1.0816481341599524,0.03125,0.96875,1.0
plate_push,contact_onset,caaa_v2,64,192,1684.2464707836962,1245.5199710822292,1.0,1.0,0.0009428264001575121,0.9731527052801084,0.015625,0.984375,1.0
plate_push,contact_onset,caaa_v2,128,48,2541.0890516746604,1541.552677259818,0.75,1.0,0.0030662865912528705,0.990602807037015,0.0078125,0.9921875,0.9479166666666666
plate_push,contact_onset,covariance_mahalanobis,32,48,330.15389952193254,291.4752082874955,1.0,1.0,0.00012034225377242605,0.15796021562736912,0.125,0.875,0.0
plate_push,contact_onset,covariance_mahalanobis,64,192,372.8553164464991,242.66472223113578,1.0,1.0,0.00014208768327577195,0.14751265390009857,0.078125,0.921875,0.0
plate_push,contact_onset,covariance_mahalanobis,128,48,756.5033884195415,504.32028652817695,1.0,1.0,0.00022605039251013094,0.18320181399810045,0.046875,0.953125,0.0
plate_push,contact_onset,euclidean_farthest,32,48,510.30619374241525,297.3882543472248,1.0,1.0,0.0001891301964197217,0.12667117865464209,0.09375,0.90625,0.0
plate_push,contact_onset,euclidean_farthest,64,192,358.9989378947512,205.5415505621737,1.0,1.0,7.89451599887919e-05,0.12183639816392673,0.09375,0.90625,0.0
plate_push,contact_onset,euclidean_farthest,128,48,379.4145954069061,196.94655147019725,1.0,1.0,6.128815380867783e-05,0.12116109502026991,0.0390625,0.9609375,0.0
plate_push,contact_onset,global_kmeans,32,48,272.1914633264182,204.23522277907185,1.0,1.0,8.186455483887142e-05,0.12482294006184426,0.09375,0.90625,0.0
plate_push,contact_onset,global_kmeans,64,192,238.06799294077214,198.50293245110547,1.0,1.0,6.24560270463583e-05,0.12618934451701003,0.0625,0.9375,0.0
plate_push,contact_onset,global_kmeans,128,48,336.9978797182626,193.98100350284082,1.0,1.0,6.404115641437198e-05,0.12230712467326284,0.0390625,0.9609375,0.0
plate_push,contact_onset,old_diagonal_sensitivity,32,48,2107.393352710966,1549.0309650826657,1.0,1.0,0.0020456202118636128,0.8275583250515232,0.03125,0.96875,0.6770833333333334
plate_push,contact_onset,old_diagonal_sensitivity,64,192,1877.2919268665437,1564.2263663028634,1.0,1.0,0.0019703452687756663,0.684484866257773,0.015625,0.984375,0.4375
plate_push,contact_onset,old_diagonal_sensitivity,128,48,811.7410403768569,977.1931242754563,1.0,1.0,0.0007265245337583663,0.7049666474242754,0.0078125,0.9921875,0.4479166666666667
plate_push,contact_onset,pca_kmeans,32,48,231.11218956222012,192.83910534908094,1.0,1.0,5.603948520145958e-05,0.1256396289636844,0.125,0.875,0.0
plate_push,contact_onset,pca_kmeans,64,192,271.7810402268469,190.1825007553895,1.0,1.0,9.819912010327898e-05,0.12667440081277304,0.078125,0.921875,0.0
plate_push,contact_onset,pca_kmeans,128,48,279.57186193616474,187.46408165763685,1.0,1.0,9.717010046362665e-05,0.11987685571913446,0.046875,0.953125,0.0
plate_push,contact_onset,permuted_j,32,48,1781.6376598902953,1630.6501771590417,0.25,1.0,0.0013887235919516994,1.0931413921051532,0.03125,0.96875,1.0
plate_push,contact_onset,permuted_j,64,192,1893.717709589807,1631.1215903002412,0.25,1.0,0.002153709178251747,1.0858078395888684,0.015625,0.984375,1.0
plate_push,contact_onset,permuted_j,128,48,1930.0911944312932,1389.791025657001,0.25,1.0,0.0023817409975592733,1.030446159539353,0.0078125,0.9921875,1.0
plate_push,contact_onset,phase_conditioned_kmeans,32,48,214.59303253923517,229.9937026040129,1.0,1.0,0.00010993837205597837,0.13393101898169257,0.09375,0.90625,0.0
plate_push,contact_onset,phase_conditioned_kmeans,64,192,217.32246128724262,231.99728887673248,1.0,1.0,0.00010339782141787668,0.1335682356736003,0.0625,0.9375,0.0
plate_push,contact_onset,phase_conditioned_kmeans,128,48,173.36277999364165,220.67399295710948,1.0,1.0,8.160366883464953e-05,0.12981006721635946,0.0390625,0.9609375,0.0
plate_push,contact_onset,random_spd,32,48,898.3779299757663,751.0819825911241,0.25,1.0,0.0006578321905942298,0.3245385865861913,0.03125,0.96875,0.0
plate_push,contact_onset,random_spd,64,192,1023.2521790023962,789.766658365162,0.25,1.0,0.0006204019050948809,0.35264502500052836,0.015625,0.984375,0.0
plate_push,contact_onset,random_spd,128,48,959.3752749258887,644.4978496221921,0.25,1.0,0.0006375244137606836,0.3838201051541799,0.0078125,0.9921875,0.0
plate_push,free_space,caaa_v2,32,48,193.9707062506424,266.0781452461079,1.0,1.0,0.0,1.086584894614098,0.03125,0.96875,0.984375
plate_push,free_space,caaa_v2,64,192,203.74139448707783,283.42231614172164,1.0,1.0,0.0,1.0990679197294522,0.015625,0.984375,1.0
plate_push,free_space,caaa_v2,128,48,203.63583601904688,283.41426716661164,1.0,1.0,0.0,1.0990696678240421,0.0078125,0.9921875,1.0
plate_push,free_space,covariance_mahalanobis,32,48,34.6898865964006,19.079934936116825,1.0,1.0,0.0,0.052955514724976865,0.0625,0.9375,0.0
plate_push,free_space,covariance_mahalanobis,64,192,21.671649746826933,13.446696404769957,1.0,1.0,0.0,0.0375714498756781,0.03125,0.96875,0.0
plate_push,free_space,covariance_mahalanobis,128,48,22.773566697452143,13.057751736358043,1.0,1.0,0.0,0.038572812257421686,0.015625,0.984375,0.0
plate_push,free_space,euclidean_farthest,32,48,60.05951698013041,42.672470935725016,1.0,1.0,0.0,0.07312827479697376,0.0625,0.9375,0.0
plate_push,free_space,euclidean_farthest,64,192,27.88098805976305,19.534744522148074,1.0,1.0,0.0,0.04882579372879533,0.03125,0.96875,0.0
plate_push,free_space,euclidean_farthest,128,48,20.577411659664072,10.961444050730487,1.0,1.0,0.0,0.030589381750422823,0.03125,0.96875,0.0
plate_push,free_space,global_kmeans,32,48,29.878352404086552,16.10960820573014,1.0,1.0,0.0,0.044196649415294574,0.03125,0.96875,0.0
plate_push,free_space,global_kmeans,64,192,21.694625543135533,13.812103450574426,1.0,1.0,0.0,0.034687011266011876,0.03125,0.96875,0.0
plate_push,free_space,global_kmeans,128,48,18.375981801408553,10.23518332880324,1.0,1.0,0.0,0.028500367655914877,0.0390625,0.9609375,0.0
plate_push,free_space,old_diagonal_sensitivity,32,48,528.0156500171931,211.3813249629121,1.0,1.0,0.0,0.8788525483827186,0.03125,0.96875,0.7092013888888888
plate_push,free_space,old_diagonal_sensitivity,64,192,449.90911736562293,239.4849679083135,1.0,1.0,0.0,0.940195698868401,0.015625,0.984375,0.7469618055555556
plate_push,free_space,old_diagonal_sensitivity,128,48,418.89017137787124,144.31876807802647,1.0,1.0,0.0,0.7087001071218596,0.0078125,0.9921875,0.5078125
plate_push,free_space,pca_kmeans,32,48,32.63226795241926,15.8469799849209,1.0,1.0,0.0,0.048534508633481875,0.03125,0.96875,0.0
plate_push,free_space,pca_kmeans,64,192,24.48749818387817,14.146623386297739,1.0,1.0,0.0,0.035463286745840886,0.03125,0.96875,0.0
plate_push,free_space,pca_kmeans,128,48,20.009576901424484,9.29127648228681,1.0,1.0,0.0,0.028392393684433238,0.03125,0.96875,0.0
plate_push,free_space,permuted_j,32,48,221.33451477808157,307.63119199038755,1.0,1.0,0.0,1.0679920112071308,0.03125,0.96875,1.0
plate_push,free_space,permuted_j,64,192,221.44196530997647,307.6354164459844,1.0,1.0,0.0,1.0679902277401803,0.015625,0.984375,1.0
plate_push,free_space,permuted_j,128,48,221.33451477808157,307.63119199038755,1.0,1.0,0.0,1.0679920112071308,0.0078125,0.9921875,1.0
plate_push,free_space,phase_conditioned_kmeans,32,48,16.64859259930554,8.77938028180178,1.0,1.0,0.0,0.026870805192761138,0.125,0.875,0.0
plate_push,free_space,phase_conditioned_kmeans,64,192,17.25198157551279,9.042263177247252,1.0,1.0,0.0,0.027564314655708622,0.09375,0.90625,0.0
plate_push,free_space,phase_conditioned_kmeans,128,48,16.17327264997443,8.473220795729913,1.0,1.0,0.0,0.02545152748997695,0.046875,0.953125,0.0
plate_push,free_space,random_spd,32,48,768.5722608154174,439.36099441880265,1.0,1.0,0.0,1.1406825460745857,0.03125,0.96875,1.0
plate_push,free_space,random_spd,64,192,841.9020623769978,511.7222568249081,1.0,1.0,0.0,1.1545661443450712,0.015625,0.984375,1.0
plate_push,free_space,random_spd,128,48,581.2713695464399,355.02969955491295,1.0,1.0,0.0,1.029459989911534,0.0078125,0.9921875,1.0
plate_push,post_contact,caaa_v2,32,48,2374.9587092317033,1576.9411599610673,0.5,0.75,0.018543305973164653,1.1232826647119276,0.03125,0.96875,0.9791666666666666
plate_push,post_contact,caaa_v2,64,192,2032.792880774951,1441.7559590622552,0.5,1.0,0.009958415349007918,1.1138821184239729,0.015625,0.984375,1.0
plate_push,post_contact,caaa_v2,128,48,1693.4595167965651,1281.200295844407,0.25,1.0,0.009476834445562618,1.0878849814286615,0.0078125,0.9921875,0.9583333333333334
plate_push,post_contact,covariance_mahalanobis,32,48,1749.8301636360775,1544.320976229498,1.0,1.0,0.017928653223466057,0.3058457619586883,0.15625,0.84375,0.0
plate_push,post_contact,covariance_mahalanobis,64,192,1151.2515844671718,935.2799298329077,0.5885416666666666,1.0,0.006640510212889462,0.18406581206251868,0.09375,0.90625,0.0
plate_push,post_contact,covariance_mahalanobis,128,48,1567.328314731205,1268.050981909332,0.625,1.0,0.009877476343533205,0.21977379614116552,0.0546875,0.9453125,0.0
plate_push,post_contact,euclidean_farthest,32,48,671.7966445876922,745.4858316190254,0.75,1.0,0.005633780647848745,0.12076221600769133,0.09375,0.90625,0.0
plate_push,post_contact,euclidean_farthest,64,192,1183.1733122942314,1192.5049339147806,0.5,1.0,0.005474524692989271,0.1334199146425478,0.0625,0.9375,0.0
plate_push,post_contact,euclidean_farthest,128,48,1053.1478203584672,930.8334070233458,0.6666666666666666,1.0,0.005271810607227696,0.12932723283883235,0.046875,0.953125,0.0
plate_push,post_contact,global_kmeans,32,48,1215.6951384900235,945.3271504304681,0.625,1.0,0.006177076293421353,0.13539227086105918,0.0625,0.9375,0.0
plate_push,post_contact,global_kmeans,64,192,1083.8948518014486,871.8413059013261,0.59375,1.0,0.005818816541359667,0.126745447208532,0.0625,0.9375,0.0
plate_push,post_contact,global_kmeans,128,48,1068.5728138885263,872.0185283203077,0.6666666666666666,1.0,0.00559452841145714,0.12621664751486078,0.0390625,0.9609375,0.0
plate_push,post_contact,old_diagonal_sensitivity,32,48,1140.2657842398405,944.4299135460014,0.7916666666666666,1.0,0.007551465648098094,0.5484496307921453,0.03125,0.96875,0.03125
plate_push,post_contact,old_diagonal_sensitivity,64,192,2111.5188731250096,2120.430334206105,0.06770833333333333,1.0,0.01887185774988261,0.4288416614893232,0.015625,0.984375,0.0
plate_push,post_contact,old_diagonal_sensitivity,128,48,1879.552644743061,1634.6099851974266,1.0,1.0,0.01633057941049638,0.419066867885267,0.0078125,0.9921875,0.0
plate_push,post_contact,pca_kmeans,32,48,1542.4526029219178,1116.1206394395192,0.625,1.0,0.00884298028148262,0.13480152714513594,0.09375,0.90625,0.0
plate_push,post_contact,pca_kmeans,64,192,1286.5523046286262,1041.8154923131842,0.6510416666666666,1.0,0.007150711846956368,0.1304557904030342,0.046875,0.953125,0.0
plate_push,post_contact,pca_kmeans,128,48,1260.881399135744,943.4089697237645,0.7291666666666666,1.0,0.006994213002315962,0.12692894171999533,0.03125,0.96875,0.0
plate_push,post_contact,permuted_j,32,48,2388.4972209459265,2349.9288746783027,0.5,1.0,0.015186677421431155,1.15519508810015,0.03125,0.96875,1.0
plate_push,post_contact,permuted_j,64,192,2389.44728810954,2350.231895639317,0.5,1.0,0.01517453081120014,1.1551950049045139,0.015625,0.984375,1.0
plate_push,post_contact,permuted_j,128,48,2621.594487815349,2468.571735517039,0.25,0.8541666666666666,0.025728698917585707,1.1436300421749117,0.0078125,0.9921875,1.0
plate_push,post_contact,phase_conditioned_kmeans,32,48,621.2751080747724,699.3123408859179,1.0,1.0,0.0062356755594043314,0.1349846073426768,0.09375,0.90625,0.0
plate_push,post_contact,phase_conditioned_kmeans,64,192,594.4093436679905,675.7538051060211,1.0,1.0,0.006010881803474137,0.13498137750940545,0.0625,0.9375,0.0
plate_push,post_contact,phase_conditioned_kmeans,128,48,628.5274060775433,686.7579049195674,1.0,1.0,0.00543730432857627,0.1346267053431652,0.03125,0.96875,0.0
plate_push,post_contact,random_spd,32,48,1933.7714654299036,1702.0342513242394,0.2916666666666667,1.0,0.014243339034490819,0.3821362086851337,0.03125,0.96875,0.0
plate_push,post_contact,random_spd,64,192,1923.719416647884,1707.2473043074222,0.53125,1.0,0.014210103938360724,0.3839108989468502,0.015625,0.984375,0.0
plate_push,post_contact,random_spd,128,48,1926.7135582641974,1701.1322324034734,0.25,1.0,0.014481780314542664,0.393109634107061,0.015625,0.984375,0.0
plate_push,pre_contact,caaa_v2,32,48,1440.7389739019015,496.5528474496652,0.5,1.0,0.00012597133178919473,1.0414664805059033,0.03125,0.96875,0.9791666666666666
plate_push,pre_contact,caaa_v2,64,192,652.0769287607641,542.9532185379885,0.2552083333333333,1.0,0.00031859395488367885,1.079820603688277,0.015625,0.984375,1.0
plate_push,pre_contact,caaa_v2,128,48,822.97429818218,768.8077264527388,0.5,1.0,0.0005615720801749165,0.9873683510911686,0.0078125,0.9921875,0.90625
plate_push,pre_contact,covariance_mahalanobis,32,48,155.31829348645078,204.99002415815372,0.7083333333333334,1.0,6.332055501682265e-05,0.13543442825652474,0.09375,0.90625,0.0
plate_push,pre_contact,covariance_mahalanobis,64,192,173.63625002816534,227.06331721500018,0.2552083333333333,1.0,5.7194559686380264e-05,0.19706733919118868,0.09375,0.90625,0.0
plate_push,pre_contact,covariance_mahalanobis,128,48,164.98485022456902,220.03117625324316,0.5,1.0,6.656558656005995e-05,0.16492411046104108,0.03125,0.96875,0.0
plate_push,pre_contact,euclidean_farthest,32,48,177.59064948086697,215.99059314669321,0.4791666666666667,1.0,7.05190967425982e-05,0.129471403305149,0.125,0.875,0.0
plate_push,pre_contact,euclidean_farthest,64,192,159.65990847409975,177.9273213484827,0.7447916666666666,1.0,4.0980387348189416e-05,0.0883390305831705,0.0625,0.9375,0.0
plate_push,pre_contact,euclidean_farthest,128,48,157.22338604263402,181.80589971197142,0.75,1.0,4.225628917334018e-05,0.08608389952249658,0.03125,0.96875,0.0
plate_push,pre_contact,global_kmeans,32,48,164.01576693710624,234.05674910465208,0.25,1.0,6.636884570775559e-05,0.09011306753546079,0.0625,0.9375,0.0
plate_push,pre_contact,global_kmeans,64,192,97.99077547637569,165.84971464210932,0.5052083333333334,1.0,3.334531242815428e-05,0.09100384272137367,0.0625,0.9375,0.0
plate_push,pre_contact,global_kmeans,128,48,149.03942467557178,178.47374619409493,0.75,1.0,4.8123530686545015e-05,0.08497550199703237,0.03125,0.96875,0.0
plate_push,pre_contact,old_diagonal_sensitivity,32,48,1710.846318092402,970.2487419597755,1.0,1.0,0.0018636163654564008,0.7926127381715959,0.03125,0.96875,0.59375
plate_push,pre_contact,old_diagonal_sensitivity,64,192,459.66173417343754,351.6083002728469,0.005208333333333333,1.0,0.0005667424595132399,0.6543119394289248,0.015625,0.984375,0.3528645833333333
plate_push,pre_contact,old_diagonal_sensitivity,128,48,666.6858378864691,779.6248083168521,1.0,1.0,0.0007206885082976518,0.4375109186005754,0.0078125,0.9921875,0.20833333333333334
plate_push,pre_contact,pca_kmeans,32,48,86.18890688179765,223.4488134243147,0.5,1.0,3.547315866420029e-05,0.09285397275804465,0.09375,0.90625,0.0
plate_push,pre_contact,pca_kmeans,64,192,125.0446033559703,186.0338799549672,0.7447916666666666,1.0,5.743065066495004e-05,0.08177727491998836,0.0625,0.9375,0.0
plate_push,pre_contact,pca_kmeans,128,48,132.33103795733751,185.86418343970362,0.75,1.0,4.8602261914620295e-05,0.07883074695231136,0.0234375,0.9765625,0.0
plate_push,pre_contact,permuted_j,32,48,745.0772477089528,350.4649270829357,0.0,1.0,0.00044933109067824516,1.0686455131653017,0.03125,0.96875,1.0
plate_push,pre_contact,permuted_j,64,192,716.3091634942072,317.4678722688449,0.005208333333333333,1.0,0.00034470517606968693,1.0706760601773795,0.015625,0.984375,1.0
plate_push,pre_contact,permuted_j,128,48,1592.9240305652763,395.29034461104055,0.5,1.0,0.0031795007759961506,1.0716495826673158,0.0078125,0.9921875,1.0
plate_push,pre_contact,phase_conditioned_kmeans,32,48,176.48844791017925,233.6738685892021,0.5,1.0,5.2617396574258595e-05,0.09826185475123429,0.125,0.875,0.0
plate_push,pre_contact,phase_conditioned_kmeans,64,192,175.60232247754288,233.10487436013145,0.484375,1.0,5.28757594082182e-05,0.098418248089273,0.09375,0.90625,0.0
plate_push,pre_contact,phase_conditioned_kmeans,128,48,177.35539038571906,231.14934555361734,0.5,1.0,5.223097007411523e-05,0.09761080056186594,0.0546875,0.9453125,0.0
plate_push,pre_contact,random_spd,32,48,227.18704176328478,295.8649578103934,0.0,1.0,6.0656555249050084e-05,0.2780749445800728,0.03125,0.96875,0.0
plate_push,pre_contact,random_spd,64,192,233.8100749257225,301.3484852352067,0.005208333333333333,1.0,6.160850794017184e-05,0.28434104334708404,0.015625,0.984375,0.0
plate_push,pre_contact,random_spd,128,48,742.1588374292824,360.338037365307,0.25,1.0,0.0014497609864045247,0.35044310419553737,0.015625,0.984375,0.010416666666666666
stove_turn_on,contact_onset,caaa_v2,32,48,2564.537216953709,581.2046258300037,0.4583333333333333,0.3333333333333333,0.06492570608330173,0.7063987435124218,0.03125,0.96875,0.4513888888888889
stove_turn_on,contact_onset,caaa_v2,64,192,2823.5496890639392,1002.0250610595302,0.4322916666666667,0.4479166666666667,0.06305776678058442,0.7097108627230507,0.015625,0.984375,0.4661458333333333
stove_turn_on,contact_onset,caaa_v2,128,48,2698.0432228091677,728.8529870764502,0.4791666666666667,0.4583333333333333,0.06351777733337671,0.7134025399331557,0.0078125,0.9921875,0.4791666666666667
stove_turn_on,contact_onset,covariance_mahalanobis,32,48,177.82726115798266,241.47968791672884,0.9791666666666666,1.0,0.003063215487404006,0.04922939442244326,0.03125,0.96875,0.0
stove_turn_on,contact_onset,covariance_mahalanobis,64,192,239.5584023809678,168.38207579071636,0.9947916666666666,1.0,0.006139162969314102,0.04504074412304702,0.078125,0.921875,0.0
stove_turn_on,contact_onset,covariance_mahalanobis,128,48,188.3648214546513,255.70854882754807,0.875,1.0,0.004816300154123079,0.04494983057719488,0.046875,0.953125,0.0
stove_turn_on,contact_onset,euclidean_farthest,32,48,234.1526759963125,263.31557265445235,0.9583333333333334,1.0,0.006463346717893108,0.054304278901461646,0.03125,0.96875,0.0
stove_turn_on,contact_onset,euclidean_farthest,64,192,248.65159912247825,207.85369121200293,0.984375,1.0,0.006175665734713186,0.053259215318183915,0.0625,0.9375,0.0
stove_turn_on,contact_onset,euclidean_farthest,128,48,233.94556143180475,188.74066070060678,1.0,1.0,0.005546068634841935,0.04540447006645848,0.0546875,0.9453125,0.0
stove_turn_on,contact_onset,global_kmeans,32,48,284.34612141106885,286.3944167827716,1.0,1.0,0.0067418135906354175,0.048567052785185034,0.0625,0.9375,0.0
stove_turn_on,contact_onset,global_kmeans,64,192,260.31692556016645,210.08147105088608,0.9947916666666666,1.0,0.0051847970924178465,0.04683706653053302,0.0625,0.9375,0.0
stove_turn_on,contact_onset,global_kmeans,128,48,188.92630293692642,227.7101121724273,0.9166666666666666,1.0,0.0044109979587671835,0.042647095962432914,0.0390625,0.9609375,0.0
stove_turn_on,contact_onset,old_diagonal_sensitivity,32,48,500.2478030107183,533.2844550122733,0.4791666666666667,1.0,0.005798180857588552,0.626722147178619,0.03125,0.96875,0.23350694444444445
stove_turn_on,contact_onset,old_diagonal_sensitivity,64,192,3016.8415263901534,1940.460142934012,0.7864583333333334,0.2552083333333333,0.10596195450521884,0.39461195494214546,0.015625,0.984375,0.052083333333333336
stove_turn_on,contact_onset,old_diagonal_sensitivity,128,48,1048.5214996065486,1658.3497495641866,0.9791666666666666,0.7291666666666666,0.03585251794850735,0.36609630635468915,0.0078125,0.9921875,0.07118055555555555
stove_turn_on,contact_onset,pca_kmeans,32,48,311.8034227130738,241.73905271422953,0.8958333333333334,1.0,0.009601122617067427,0.04715494774553421,0.0625,0.9375,0.0
stove_turn_on,contact_onset,pca_kmeans,64,192,277.46520812907255,184.0427390144217,0.9947916666666666,1.0,0.007972868604871064,0.044080907442986046,0.0625,0.9375,0.0
stove_turn_on,contact_onset,pca_kmeans,128,48,197.24319237891078,142.19813795983188,1.0,1.0,0.005124187601105221,0.03741730509606663,0.0234375,0.9765625,0.0
stove_turn_on,contact_onset,permuted_j,32,48,5383.8988599444665,2840.8326837048294,0.041666666666666664,0.25,0.1844224488798115,1.0103946049243187,0.03125,0.96875,0.9895833333333334
stove_turn_on,contact_onset,permuted_j,64,192,6352.701319414536,3175.5913789625138,0.0,0.25,0.21908192521564818,1.0148410563804968,0.015625,0.984375,1.0
stove_turn_on,contact_onset,permuted_j,128,48,6359.82385159282,3173.151087993768,0.0,0.25,0.2191632223223973,1.0148435076782638,0.0078125,0.9921875,1.0
stove_turn_on,contact_onset,phase_conditioned_kmeans,32,48,145.87518373210526,234.11330485239117,0.9791666666666666,1.0,0.0028016101914056825,0.04434207693657081,0.0625,0.9375,0.0
stove_turn_on,contact_onset,phase_conditioned_kmeans,64,192,156.76266914297295,188.94198539894066,0.9635416666666666,1.0,0.004019673151109372,0.04397734375663412,0.046875,0.953125,0.0
stove_turn_on,contact_onset,phase_conditioned_kmeans,128,48,115.82244220631287,149.0964755870056,1.0,1.0,0.0022868419290493617,0.0432048878372164,0.046875,0.953125,0.0
stove_turn_on,contact_onset,random_spd,32,48,3769.213464266822,1331.3166273056065,0.25,0.0,0.13101989786351,0.9983604071679392,0.03125,0.96875,0.9895833333333334
stove_turn_on,contact_onset,random_spd,64,192,2981.2958968637236,1286.8370823820042,0.25,0.25,0.07912420734765926,0.9998451085611758,0.015625,0.984375,0.9895833333333334
stove_turn_on,contact_onset,random_spd,128,48,5914.380366314045,3752.5671705687746,0.75,0.0,0.20489799059475966,0.9980635380507054,0.0078125,0.9921875,0.9895833333333334
stove_turn_on,free_space,caaa_v2,32,48,132.52309575675426,96.29860178390034,1.0,1.0,0.0,0.31232377434918096,0.03125,0.96875,0.0
stove_turn_on,free_space,caaa_v2,64,192,133.43680152739398,97.21200553056524,1.0,1.0,0.0,0.31505320011725907,0.015625,0.984375,0.0
stove_turn_on,free_space,caaa_v2,128,48,133.21039314140856,97.34413662414023,1.0,1.0,0.0,0.31469849315650295,0.0078125,0.9921875,0.0
stove_turn_on,free_space,covariance_mahalanobis,32,48,68.02069914518438,50.660028357146224,1.0,1.0,0.0,0.09687315048225993,0.03125,0.96875,0.0
stove_turn_on,free_space,covariance_mahalanobis,64,192,65.08004616893312,49.253109569935184,1.0,1.0,0.0,0.08877042065751274,0.03125,0.96875,0.0
stove_turn_on,free_space,covariance_mahalanobis,128,48,52.23426809046973,38.63539652094523,1.0,1.0,0.0,0.07790926467727498,0.015625,0.984375,0.0
stove_turn_on,free_space,euclidean_farthest,32,48,124.25905425123732,69.69979852710608,1.0,1.0,0.0,0.12664375266892416,0.0625,0.9375,0.0
stove_turn_on,free_space,euclidean_farthest,64,192,54.70922937578905,35.854670793878824,1.0,1.0,0.0,0.07884536488208384,0.03125,0.96875,0.0
stove_turn_on,free_space,euclidean_farthest,128,48,40.26607416489401,29.29031363888174,1.0,1.0,0.0,0.05800519506084306,0.03125,0.96875,0.0
stove_turn_on,free_space,global_kmeans,32,48,65.64292583940562,41.89604512350126,1.0,1.0,0.0,0.07923758747393565,0.0625,0.9375,0.0
stove_turn_on,free_space,global_kmeans,64,192,56.833045712189026,38.22819170662902,1.0,1.0,0.0,0.07274032152782613,0.03125,0.96875,0.0
stove_turn_on,free_space,global_kmeans,128,48,45.99129029126535,31.925641461350924,1.0,1.0,0.0,0.061519564041502134,0.0234375,0.9765625,0.0
stove_turn_on,free_space,old_diagonal_sensitivity,32,48,604.5237348406096,201.29095867273352,1.0,1.0,0.0,0.9838871833111501,0.03125,0.96875,0.6258680555555556
stove_turn_on,free_space,old_diagonal_sensitivity,64,192,477.630263111704,197.5695395399274,1.0,1.0,0.0,1.030313412794226,0.015625,0.984375,0.7957899305555556
stove_turn_on,free_space,old_diagonal_sensitivity,128,48,431.9659849397637,240.97553251248056,1.0,1.0,0.0,0.9594262875260444,0.0078125,0.9921875,0.5
stove_turn_on,free_space,pca_kmeans,32,48,58.94589865840958,38.361687785593226,1.0,1.0,0.0,0.07353902672770792,0.0625,0.9375,0.0
stove_turn_on,free_space,pca_kmeans,64,192,52.083201810129786,33.66398975048812,1.0,1.0,0.0,0.06710438915414166,0.03125,0.96875,0.0
stove_turn_on,free_space,pca_kmeans,128,48,48.99451628320653,33.08660807168116,1.0,1.0,0.0,0.06126175713957425,0.0390625,0.9609375,0.0
stove_turn_on,free_space,permuted_j,32,48,649.2346000980356,308.6964688465127,1.0,1.0,0.0,1.060044489865553,0.03125,0.96875,0.9895833333333334
stove_turn_on,free_space,permuted_j,64,192,713.2033397017964,380.8630498914317,1.0,1.0,0.0,1.0424671168833177,0.015625,0.984375,0.84375
stove_turn_on,free_space,permuted_j,128,48,713.0382198976735,365.0868844709387,1.0,1.0,0.0,1.1449962726833602,0.0078125,0.9921875,0.9479166666666666
stove_turn_on,free_space,phase_conditioned_kmeans,32,48,45.99129029126535,31.925641461350924,1.0,1.0,0.0,0.061519564041502134,0.09375,0.90625,0.0
stove_turn_on,free_space,phase_conditioned_kmeans,64,192,49.61295320754285,33.26670894219832,1.0,1.0,0.0,0.06110540474144618,0.09375,0.90625,0.0
stove_turn_on,free_space,phase_conditioned_kmeans,128,48,48.484757864682784,32.702359573675615,1.0,1.0,0.0,0.06012923545859012,0.046875,0.953125,0.0
stove_turn_on,free_space,random_spd,32,48,702.479870142772,412.81890135288035,1.0,1.0,0.0,0.9897137401024213,0.03125,0.96875,1.0
stove_turn_on,free_space,random_spd,64,192,680.372871316069,445.37598902423787,1.0,1.0,0.0,0.9902872363970768,0.015625,0.984375,1.0
stove_turn_on,free_space,random_spd,128,48,842.5618817918584,551.0088230957175,1.0,1.0,0.0,1.0134262287016453,0.0078125,0.9921875,0.9895833333333334
stove_turn_on,post_contact,caaa_v2,32,48,1135.3445998323377,818.1774113175883,0.16666666666666666,0.75,0.028110219619128785,0.8071942250205799,0.03125,0.96875,0.5711805555555556
stove_turn_on,post_contact,caaa_v2,64,192,1299.131181252707,937.2298568067521,0.25,0.734375,0.035618120232678886,0.8173116027315137,0.015625,0.984375,0.5733506944444444
stove_turn_on,post_contact,caaa_v2,128,48,1478.309611957544,1062.2874080266445,0.3125,0.5208333333333334,0.04250246504892322,0.8248047386633717,0.0078125,0.9921875,0.5833333333333334
stove_turn_on,post_contact,covariance_mahalanobis,32,48,622.5241365090802,566.9385342317887,0.8958333333333334,0.7708333333333334,0.02148132877568591,0.09650071163690811,0.0625,0.9375,0.0
stove_turn_on,post_contact,covariance_mahalanobis,64,192,1204.2208271669078,684.9390209308464,0.8697916666666666,0.4375,0.04162197230749426,0.09179277836511233,0.078125,0.921875,0.0
stove_turn_on,post_contact,covariance_mahalanobis,128,48,1633.6586235961793,506.7727290782396,0.8333333333333334,0.6666666666666666,0.05717728051152831,0.08957658246488413,0.0390625,0.9609375,0.0
stove_turn_on,post_contact,euclidean_farthest,32,48,485.3983270503183,553.6730759406277,0.875,0.8541666666666666,0.016636456224866855,0.10736072964995735,0.03125,0.96875,0.0
stove_turn_on,post_contact,euclidean_farthest,64,192,406.6238322550806,359.0573060097784,0.8645833333333334,0.9895833333333334,0.013701660032655614,0.0788285928705588,0.0625,0.9375,0.0
stove_turn_on,post_contact,euclidean_farthest,128,48,537.5989290479778,360.5343282391721,0.9166666666666666,1.0,0.0180518824579836,0.07279893377107205,0.0390625,0.9609375,0.0
stove_turn_on,post_contact,global_kmeans,32,48,681.9367659659098,396.79927448117104,0.8958333333333334,0.875,0.023649108760023168,0.08965499224904101,0.0625,0.9375,0.0
stove_turn_on,post_contact,global_kmeans,64,192,353.5675950912082,407.1266830390559,0.8958333333333334,0.9947916666666666,0.011944096852131004,0.08361492155205567,0.0625,0.9375,0.0
stove_turn_on,post_contact,global_kmeans,128,48,493.6088621149799,345.8779503718741,0.875,1.0,0.017047297285459163,0.07228083856361976,0.03125,0.96875,0.0
stove_turn_on,post_contact,old_diagonal_sensitivity,32,48,11229.408851853497,7580.907828326936,0.8125,0.0,0.39688279175353264,0.6564243063502176,0.03125,0.96875,0.375
stove_turn_on,post_contact,old_diagonal_sensitivity,64,192,2292.1608392732737,1990.2285592090022,0.890625,0.75,0.07777456011263055,0.46430830843007814,0.015625,0.984375,0.19618055555555555
stove_turn_on,post_contact,old_diagonal_sensitivity,128,48,4587.568398040457,3468.885504747461,0.875,0.5,0.1598431860850519,0.47907608222973513,0.0078125,0.9921875,0.20833333333333334
stove_turn_on,post_contact,pca_kmeans,32,48,736.3631615750559,513.1783917556553,0.875,0.875,0.02560464397029884,0.09538015757311713,0.0625,0.9375,0.0
stove_turn_on,post_contact,pca_kmeans,64,192,574.966103174711,544.0951510728628,0.8802083333333334,0.9270833333333334,0.01975327371536997,0.09056431148457685,0.046875,0.953125,0.0
stove_turn_on,post_contact,pca_kmeans,128,48,573.9250473642641,556.1752746418223,0.9375,1.0,0.019502652537511798,0.07688592393454985,0.0390625,0.9609375,0.0
stove_turn_on,post_contact,permuted_j,32,48,7926.948458720425,4727.175102673843,0.3958333333333333,0.25,0.2760691179413176,1.039109992792425,0.03125,0.96875,1.0
stove_turn_on,post_contact,permuted_j,64,192,8418.270389806881,5269.95210454232,0.390625,0.25,0.2942510023947525,1.0295095898382238,0.015625,0.984375,1.0
stove_turn_on,post_contact,permuted_j,128,48,5250.295764449003,2700.477405355178,0.6458333333333334,0.5,0.17653721341970385,1.0190162101508158,0.015625,0.984375,1.0
stove_turn_on,post_contact,phase_conditioned_kmeans,32,48,498.9484316206737,432.51189375814187,0.8958333333333334,0.8125,0.016988394681601546,0.08767041484721594,0.1875,0.8125,0.0
stove_turn_on,post_contact,phase_conditioned_kmeans,64,192,554.2249393763972,483.5264115107484,0.890625,0.8177083333333334,0.019050623901170335,0.08584786246523053,0.125,0.875,0.0
stove_turn_on,post_contact,phase_conditioned_kmeans,128,48,573.4265584214003,445.6494357635333,0.8958333333333334,0.7708333333333334,0.019608005168356177,0.08439069381226016,0.0859375,0.9140625,0.0
stove_turn_on,post_contact,random_spd,32,48,5197.561894987846,1445.4152369855722,0.8958333333333334,0.25,0.18145951371580507,1.0139506030168508,0.03125,0.96875,1.0
stove_turn_on,post_contact,random_spd,64,192,5209.411872514102,1520.1056548296456,0.640625,0.25,0.18172096732944854,1.013817219743851,0.015625,0.984375,1.0
stove_turn_on,post_contact,random_spd,128,48,4125.961547868048,1383.553937328612,0.8541666666666666,0.3958333333333333,0.13794564152903838,1.001515966582444,0.015625,0.984375,1.0
stove_turn_on,pre_contact,caaa_v2,32,48,6588.369195698033,1710.8962401631968,0.8958333333333334,0.5625,0.22897886998991065,0.8749803261619213,0.03125,0.96875,0.6666666666666666
stove_turn_on,pre_contact,caaa_v2,64,192,6907.346621737488,1628.2754379072783,0.859375,0.5625,0.24162579720945745,0.8891176511704263,0.015625,0.984375,0.6521267361111112
stove_turn_on,pre_contact,caaa_v2,128,48,7075.435685628198,1981.3156388674731,0.7708333333333334,0.5,0.2460853937742692,0.8845776053569621,0.0078125,0.9921875,0.6675347222222222
stove_turn_on,pre_contact,covariance_mahalanobis,32,48,238.73059989808135,277.8051854650753,0.4791666666666667,1.0,0.0031461335507433296,0.07659871341419364,0.09375,0.90625,0.0
stove_turn_on,pre_contact,covariance_mahalanobis,64,192,580.249751312744,508.75547799210403,0.5,0.9479166666666666,0.015227881431674797,0.0861173307593694,0.109375,0.890625,0.0
stove_turn_on,pre_contact,covariance_mahalanobis,128,48,521.750777843515,732.7654085361573,0.5,1.0,0.012244430673534224,0.08340589916618309,0.046875,0.953125,0.0
stove_turn_on,pre_contact,euclidean_farthest,32,48,579.5986556042532,729.6013870467613,0.4583333333333333,0.9583333333333334,0.01589603139899026,0.09261965122188105,0.09375,0.90625,0.0
stove_turn_on,pre_contact,euclidean_farthest,64,192,561.4482394982592,299.77006298737047,0.671875,0.9739583333333334,0.015467150686288955,0.08868489044136203,0.125,0.875,0.0
stove_turn_on,pre_contact,euclidean_farthest,128,48,425.16241913191084,631.5092658173386,0.5208333333333334,0.9583333333333334,0.010483787547608111,0.0806670005896671,0.046875,0.953125,0.0
stove_turn_on,pre_contact,global_kmeans,32,48,418.5276082104362,740.0307661818425,0.3541666666666667,1.0,0.009928843729269944,0.0807617816008251,0.0625,0.9375,0.0
stove_turn_on,pre_contact,global_kmeans,64,192,528.7322081277783,197.9053215905694,0.5208333333333334,0.9114583333333334,0.015094750744130156,0.07859378803913504,0.046875,0.953125,0.0
stove_turn_on,pre_contact,global_kmeans,128,48,512.8367501916607,327.5234927834502,0.5625,0.9166666666666666,0.013955888734998909,0.08086711502710452,0.0546875,0.9453125,0.0
stove_turn_on,pre_contact,old_diagonal_sensitivity,32,48,516.1906738514673,2647.8732279862875,0.7708333333333334,1.0,0.006869864172167888,0.4061337703565994,0.03125,0.96875,0.052083333333333336
stove_turn_on,pre_contact,old_diagonal_sensitivity,64,192,616.5201823423492,817.8107157388835,0.15625,1.0,0.015648918300290537,0.2664804926133329,0.015625,0.984375,0.0
stove_turn_on,pre_contact,old_diagonal_sensitivity,128,48,700.937156112533,825.623390602173,0.8541666666666666,0.9166666666666666,0.021609851270157826,0.1724916643726997,0.0078125,0.9921875,0.0
stove_turn_on,pre_contact,pca_kmeans,32,48,407.9615583140873,722.4940483403008,0.4791666666666667,1.0,0.010453246359709742,0.06492589956142023,0.0625,0.9375,0.0
stove_turn_on,pre_contact,pca_kmeans,64,192,552.67186347267,709.4963548885972,0.5,1.0,0.014892254217093823,0.061551030682229606,0.078125,0.921875,0.0
stove_turn_on,pre_contact,pca_kmeans,128,48,537.8635596288842,729.7491973388846,0.4375,1.0,0.012477368406260585,0.064248749157091,0.0546875,0.9453125,0.0
stove_turn_on,pre_contact,permuted_j,32,48,2805.294820788103,1830.0407733246295,0.7291666666666666,0.5,0.06471378385761413,1.0187505102666556,0.03125,0.96875,1.0
stove_turn_on,pre_contact,permuted_j,64,192,4126.467619005974,1404.0590371357493,0.71875,0.5,0.06453737031607441,1.0189510644724702,0.015625,0.984375,1.0
stove_turn_on,pre_contact,permuted_j,128,48,4028.1735985719456,1170.1936079624413,0.7291666666666666,0.5,0.06381315896736355,1.02311831344577,0.0078125,0.9921875,1.0
stove_turn_on,pre_contact,phase_conditioned_kmeans,32,48,511.40819106827513,287.26453655532777,0.4791666666666667,0.9375,0.01374781368254994,0.08437568182890316,0.125,0.875,0.0
stove_turn_on,pre_contact,phase_conditioned_kmeans,64,192,501.3815074715671,386.49104170021684,0.4947916666666667,0.875,0.013905269813796554,0.08362854717203594,0.09375,0.90625,0.0
stove_turn_on,pre_contact,phase_conditioned_kmeans,128,48,429.49129888302554,506.550136563664,0.3958333333333333,1.0,0.008417219255932107,0.08189556923320496,0.0546875,0.9453125,0.0
stove_turn_on,pre_contact,random_spd,32,48,4944.58709036066,1472.981853835041,0.9791666666666666,0.25,0.14522603306912182,1.0295476871832439,0.03125,0.96875,0.9895833333333334
stove_turn_on,pre_contact,random_spd,64,192,5306.306477923258,1510.864735278458,0.96875,0.2552083333333333,0.143219170080339,1.0346421389472502,0.015625,0.984375,0.9893663194444444
stove_turn_on,pre_contact,random_spd,128,48,5571.534834176564,2313.3784744178033,0.9791666666666666,0.25,0.17111952347060913,0.9939029962409817,0.0078125,0.9921875,0.9791666666666666
wine_rack,contact_onset,caaa_v2,32,48,5642.78800196278,4684.644391069447,0.9166666666666666,1.0,0.0025625929870461833,0.8264643553220798,0.03125,0.96875,0.5920138888888888
wine_rack,contact_onset,caaa_v2,64,192,4228.66956864958,2420.7778349788873,0.59375,1.0,0.002782292530790403,0.8029696110570516,0.015625,0.984375,0.6143663194444444
wine_rack,contact_onset,caaa_v2,128,48,2806.0270269474604,2476.990298477554,0.625,1.0,0.0015745040899153822,0.7870748560233402,0.0078125,0.9921875,0.5442708333333334
wine_rack,contact_onset,covariance_mahalanobis,32,48,811.0928677869119,429.2535166307783,0.75,1.0,0.0005989225999097455,0.06333651452471781,0.0625,0.9375,0.0
wine_rack,contact_onset,covariance_mahalanobis,64,192,531.1054815309077,233.83028341452902,0.8229166666666666,1.0,0.0004081658423097684,0.05163081970187453,0.046875,0.953125,0.0
wine_rack,contact_onset,covariance_mahalanobis,128,48,784.7683325785729,344.0468103257304,0.8125,1.0,0.0004123698311861368,0.04776312806155253,0.046875,0.953125,0.0
wine_rack,contact_onset,euclidean_farthest,32,48,1019.8417574080355,741.2788140367151,0.7708333333333334,1.0,0.0006767501908744623,0.10548172728310756,0.09375,0.90625,0.0
wine_rack,contact_onset,euclidean_farthest,64,192,1046.8962136704856,711.9697429464878,0.8333333333333334,1.0,0.0008091262724975867,0.07556026569884622,0.09375,0.90625,0.0
wine_rack,contact_onset,euclidean_farthest,128,48,465.50925304846686,280.79096322891917,0.875,1.0,0.00025176245721958077,0.04139842913731053,0.03125,0.96875,0.0
wine_rack,contact_onset,global_kmeans,32,48,779.0841245007085,362.03468407658875,0.9375,1.0,0.0004074430438403571,0.05489489810268953,0.0625,0.9375,0.0
wine_rack,contact_onset,global_kmeans,64,192,571.5489502467453,306.3719956160065,0.7760416666666666,1.0,0.00030212342874533167,0.045262620461872245,0.078125,0.921875,0.0
wine_rack,contact_onset,global_kmeans,128,48,665.8757688176688,304.57572186429564,0.8333333333333334,1.0,0.00033506159849818466,0.044136655091684525,0.046875,0.953125,0.0
wine_rack,contact_onset,old_diagonal_sensitivity,32,48,2903.588814797395,1334.6622876425877,0.8333333333333334,1.0,0.0018939379184923614,0.36416632932548065,0.03125,0.96875,0.09375
wine_rack,contact_onset,old_diagonal_sensitivity,64,192,772.5760618512962,480.990192718914,0.6875,1.0,0.00043788435412712295,0.21068207739206493,0.015625,0.984375,0.03125
wine_rack,contact_onset,old_diagonal_sensitivity,128,48,852.2485125795451,827.2950457894036,0.8333333333333334,1.0,0.0006314498687565699,0.16347731780610245,0.0078125,0.9921875,0.041666666666666664
wine_rack,contact_onset,pca_kmeans,32,48,404.6784830752844,325.00205316789175,0.8333333333333334,1.0,0.0004775382640516713,0.05138508840064693,0.125,0.875,0.0
wine_rack,contact_onset,pca_kmeans,64,192,349.07659530235287,211.84451121584414,0.8125,1.0,0.0002844063142926456,0.04764637320631395,0.046875,0.953125,0.0
wine_rack,contact_onset,pca_kmeans,128,48,308.1976460459652,262.1239706544363,0.8541666666666666,1.0,0.0002888907511454661,0.04305942727563331,0.0390625,0.9609375,0.0
wine_rack,contact_onset,permuted_j,32,48,5777.4301475405255,4539.433708264552,0.375,1.0,0.004874909226898178,1.0042350064488577,0.03125,0.96875,1.0
wine_rack,contact_onset,permuted_j,64,192,5777.723599115253,4543.334834050007,0.34375,1.0,0.004870864649214111,1.0042343345307807,0.015625,0.984375,1.0
wine_rack,contact_onset,permuted_j,128,48,7920.80505596069,1678.7259579539314,0.3333333333333333,1.0,0.0013338874048783864,1.0000699324552416,0.0078125,0.9921875,1.0
wine_rack,contact_onset,phase_conditioned_kmeans,32,48,456.91731170297516,203.00862039811477,0.8958333333333334,1.0,0.000351156486707015,0.043691433062149086,0.125,0.875,0.0
wine_rack,contact_onset,phase_conditioned_kmeans,64,192,420.73766027903474,217.68237091741278,0.8125,1.0,0.0003517551541551825,0.0439318789810233,0.15625,0.84375,0.0
wine_rack,contact_onset,phase_conditioned_kmeans,128,48,386.3704041455032,241.05841727562333,0.75,1.0,0.00035792861479381523,0.043121629088309736,0.0703125,0.9296875,0.0
wine_rack,contact_onset,random_spd,32,48,1382.3761863181,388.03980370010896,0.75,1.0,0.0004038340348096389,0.11358844613476456,0.03125,0.96875,0.0
wine_rack,contact_onset,random_spd,64,192,1501.8912261297683,371.5832897190813,0.7552083333333334,1.0,0.00045079039630065626,0.11314109542746109,0.015625,0.984375,0.0
wine_rack,contact_onset,random_spd,128,48,2089.971692003751,679.2695858395081,0.6666666666666666,1.0,0.0011030801704834555,0.1382660520108819,0.015625,0.984375,0.013020833333333334
wine_rack,free_space,caaa_v2,32,48,455.70568635153813,170.37024231358987,1.0,1.0,0.0,0.1442421119837947,0.03125,0.96875,0.0
wine_rack,free_space,caaa_v2,64,192,452.98638552630814,168.72238553563326,1.0,1.0,0.0,0.1420448344162312,0.015625,0.984375,0.0
wine_rack,free_space,caaa_v2,128,48,454.07211121361075,169.44294126189195,1.0,1.0,0.0,0.14310285381699384,0.0078125,0.9921875,0.0
wine_rack,free_space,covariance_mahalanobis,32,48,56.96165961589972,28.362223543694125,1.0,1.0,0.0,0.053067752101658795,0.03125,0.96875,0.0
wine_rack,free_space,covariance_mahalanobis,64,192,35.6844834621838,17.5734719822523,1.0,1.0,0.0,0.030394959571085494,0.03125,0.96875,0.0
wine_rack,free_space,covariance_mahalanobis,128,48,28.862703772592607,15.616673721674536,1.0,1.0,0.0,0.033300514011091624,0.0234375,0.9765625,0.0
wine_rack,free_space,euclidean_farthest,32,48,140.56343871576823,66.56901557612615,1.0,1.0,0.0,0.11157217331523824,0.0625,0.9375,0.0
wine_rack,free_space,euclidean_farthest,64,192,47.12779907476414,24.134757316579623,1.0,1.0,0.0,0.05190684562687095,0.046875,0.953125,0.0
wine_rack,free_space,euclidean_farthest,128,48,34.728366410559055,15.15637886978652,1.0,1.0,0.0,0.030093704157061484,0.0234375,0.9765625,0.0
wine_rack,free_space,global_kmeans,32,48,95.206779907881,37.94478157740485,1.0,1.0,0.0,0.04699822984159809,0.0625,0.9375,0.0
wine_rack,free_space,global_kmeans,64,192,40.28993809550038,21.80116931478319,1.0,1.0,0.0,0.04664630366469682,0.046875,0.953125,0.0
wine_rack,free_space,global_kmeans,128,48,29.704224479992558,15.437787850025797,1.0,1.0,0.0,0.030975759413816945,0.03125,0.96875,0.0
wine_rack,free_space,old_diagonal_sensitivity,32,48,744.4841371408233,216.5744931337671,1.0,1.0,0.0,0.8967943494496692,0.03125,0.96875,0.7152777777777778
wine_rack,free_space,old_diagonal_sensitivity,64,192,447.27838792416765,173.98910780005681,1.0,1.0,0.0,0.9301189232445441,0.015625,0.984375,0.7712673611111112
wine_rack,free_space,old_diagonal_sensitivity,128,48,430.5396938376923,193.94601232934102,1.0,1.0,0.0,0.7509781346896256,0.0078125,0.9921875,0.3758680555555556
wine_rack,free_space,pca_kmeans,32,48,59.91014116289379,29.58797659355116,1.0,1.0,0.0,0.052447095990169335,0.03125,0.96875,0.0
wine_rack,free_space,pca_kmeans,64,192,55.5508085023802,27.37497199404616,1.0,1.0,0.0,0.050360200442776976,0.03125,0.96875,0.0
wine_rack,free_space,pca_kmeans,128,48,41.849164378281586,19.858220314593318,1.0,1.0,0.0,0.03568442730468993,0.0234375,0.9765625,0.0
wine_rack,free_space,permuted_j,32,48,791.8230809366167,449.15288919850394,1.0,1.0,0.0,1.0101778473890466,0.03125,0.96875,0.9791666666666666
wine_rack,free_space,permuted_j,64,192,725.2692472917887,371.90365423882923,1.0,1.0,0.00026755403851883036,0.9963920910850415,0.015625,0.984375,0.96875
wine_rack,free_space,permuted_j,128,48,577.1615396759261,352.5038092576845,1.0,1.0,0.0,0.9903221936856265,0.0078125,0.9921875,0.9583333333333334
wine_rack,free_space,phase_conditioned_kmeans,32,48,30.856566160486263,15.78961657742263,1.0,1.0,0.0,0.03140902186151786,0.09375,0.90625,0.0
wine_rack,free_space,phase_conditioned_kmeans,64,192,32.42274923790189,16.301144264385115,1.0,1.0,0.0,0.030296240896002507,0.0625,0.9375,0.0
wine_rack,free_space,phase_conditioned_kmeans,128,48,29.44827971189228,14.933438732260816,1.0,1.0,0.0,0.030105057834540205,0.0390625,0.9609375,0.0
wine_rack,free_space,random_spd,32,48,969.6529965634109,632.7805816251988,1.0,1.0,0.0,0.9870355412880057,0.03125,0.96875,0.9895833333333334
wine_rack,free_space,random_spd,64,192,754.7884126519481,597.703699654252,1.0,1.0,0.0,0.9818145955166457,0.015625,0.984375,1.0
wine_rack,free_space,random_spd,128,48,901.4634377392425,638.0775782889816,1.0,1.0,0.0,0.9814516427821444,0.0078125,0.9921875,1.0
wine_rack,post_contact,caaa_v2,32,48,995071.8098794735,812871.3392618262,1.0,0.2916666666666667,0.16876973902099116,0.39944802813648517,0.1875,0.8125,0.21875
wine_rack,post_contact,caaa_v2,64,192,1011004.305320792,1156860.0244107735,1.0,0.34375,0.13395333256584466,0.36079475872130007,0.125,0.875,0.1996527777777778
wine_rack,post_contact,caaa_v2,128,48,873938.9153458112,855173.6908168745,1.0,0.3333333333333333,0.13217833745581506,0.3528580362158955,0.046875,0.953125,0.2013888888888889
wine_rack,post_contact,covariance_mahalanobis,32,48,767534.4593220549,937896.0181147488,1.0,0.8333333333333334,0.06651732852081181,0.070362532755655,0.09375,0.90625,0.0
wine_rack,post_contact,covariance_mahalanobis,64,192,802714.3850839379,1425721.9485656703,1.0,0.8229166666666666,0.06906497371056923,0.07914722102880521,0.046875,0.953125,0.0
wine_rack,post_contact,covariance_mahalanobis,128,48,873064.0737533498,1203531.0957156713,1.0,0.8333333333333334,0.06490182974324937,0.0781114938080767,0.0390625,0.9609375,0.0
wine_rack,post_contact,euclidean_farthest,32,48,865033.6375382748,1584973.6215845246,1.0,0.8333333333333334,0.07042260027756314,0.07378824415099303,0.0625,0.9375,0.0
wine_rack,post_contact,euclidean_farthest,64,192,853535.3604168566,1755892.846415257,1.0,0.828125,0.0685364318738492,0.06179763005281985,0.078125,0.921875,0.0
wine_rack,post_contact,euclidean_farthest,128,48,931295.5805307245,1307409.7377595117,1.0,0.8333333333333334,0.0676221558995183,0.06203125545207864,0.0390625,0.9609375,0.0
wine_rack,post_contact,global_kmeans,32,48,817255.1580744698,1656475.0754783172,1.0,0.8333333333333334,0.06935576788836244,0.0640220271087986,0.09375,0.90625,0.0
wine_rack,post_contact,global_kmeans,64,192,837528.7920328748,1536723.4621092833,1.0,0.8229166666666666,0.07254303576503868,0.07037322377359698,0.078125,0.921875,0.0
wine_rack,post_contact,global_kmeans,128,48,838278.0568323262,1049337.6179513894,1.0,0.8333333333333334,0.06817581502596705,0.06523826466633668,0.03125,0.96875,0.0
wine_rack,post_contact,old_diagonal_sensitivity,32,48,1393758.9656068666,1693278.1872911397,1.0,0.7708333333333334,0.049494490394051543,0.15243572036455863,0.09375,0.90625,0.0
wine_rack,post_contact,old_diagonal_sensitivity,64,192,673138.7405722329,2500239.981997263,1.0,0.7604166666666666,0.04204411435961467,0.12787291068419682,0.0625,0.9375,0.0
wine_rack,post_contact,old_diagonal_sensitivity,128,48,601197.9223870186,2608948.2854341757,1.0,0.75,0.04213011979925468,0.11507198618320176,0.0234375,0.9765625,0.0
wine_rack,post_contact,pca_kmeans,32,48,651692.1199122844,1580877.098263232,1.0,0.8333333333333334,0.06860363141008313,0.06449160946301552,0.125,0.875,0.0
wine_rack,post_contact,pca_kmeans,64,192,874768.960061723,1834493.3224880898,1.0,0.8229166666666666,0.07113054509459327,0.06568581930351321,0.078125,0.921875,0.0
wine_rack,post_contact,pca_kmeans,128,48,924670.9779211679,1428232.2613041596,1.0,0.8333333333333334,0.06724747368480459,0.0647096150088696,0.0390625,0.9609375,0.0
wine_rack,post_contact,permuted_j,32,48,2151549.200365096,1830472.143267529,0.9375,0.5833333333333334,0.11071676879020126,1.0235741246216712,0.21875,0.78125,0.9861111111111112
wine_rack,post_contact,permuted_j,64,192,2150329.4781258516,1904723.4802456845,0.9895833333333334,0.671875,0.08047123298923946,1.0252410159442837,0.171875,0.828125,0.9878472222222222
wine_rack,post_contact,permuted_j,128,48,2148412.8044757047,1837621.6841567096,1.0,0.6458333333333334,0.08801701262492449,1.022996152073772,0.1015625,0.8984375,0.9800347222222222
wine_rack,post_contact,phase_conditioned_kmeans,32,48,846779.3952929891,1626354.9888218464,1.0,0.8333333333333334,0.06628068081314599,0.0689542940732275,0.15625,0.84375,0.0
wine_rack,post_contact,phase_conditioned_kmeans,64,192,794165.8883347969,1431648.9910356896,1.0,0.8229166666666666,0.07112345452915089,0.07285225657247144,0.078125,0.921875,0.0
wine_rack,post_contact,phase_conditioned_kmeans,128,48,742107.4364221925,1478570.5968544285,1.0,0.8333333333333334,0.06711486497623889,0.07176412225047449,0.046875,0.953125,0.0
wine_rack,post_contact,random_spd,32,48,1193769.3446209368,984876.8518531249,1.0,0.6458333333333334,0.15050009213607207,0.3344121726841737,0.25,0.75,0.15885416666666666
wine_rack,post_contact,random_spd,64,192,1311698.0290525667,1347812.734300634,0.9739583333333334,0.59375,0.15245354612323228,0.3555858103544409,0.296875,0.703125,0.19010416666666666
wine_rack,post_contact,random_spd,128,48,1972244.4626494397,2137717.7594179846,1.0,0.4583333333333333,0.2143713032253476,0.4759561612619645,0.1328125,0.8671875,0.2526041666666667
wine_rack,pre_contact,caaa_v2,32,48,1068.6136524426768,409.82643181969917,0.0625,1.0,0.00042370873176494705,0.9516573846466416,0.03125,0.96875,0.8142361111111112
wine_rack,pre_contact,caaa_v2,64,192,3493.9267838397645,1245.6231508078363,0.5052083333333334,1.0,0.005964714004801498,0.8964047000143543,0.015625,0.984375,0.6870659722222222
wine_rack,pre_contact,caaa_v2,128,48,4818.357000784353,1468.2666824572123,0.5416666666666666,1.0,0.005859427523118199,0.9114114340792852,0.0078125,0.9921875,0.71875
wine_rack,pre_contact,covariance_mahalanobis,32,48,712.6497904795942,226.3487006693049,0.625,1.0,0.0004899897586660968,0.08126918458059111,0.0625,0.9375,0.0
wine_rack,pre_contact,covariance_mahalanobis,64,192,635.2324138230831,241.31866178837836,0.53125,1.0,0.0003507208067167601,0.08095664050948313,0.0625,0.9375,0.0
wine_rack,pre_contact,covariance_mahalanobis,128,48,640.7070844602457,221.05734463348517,0.5208333333333334,1.0,0.00045023703840570644,0.07684300107585136,0.0703125,0.9296875,0.0
wine_rack,pre_contact,euclidean_farthest,32,48,1105.6543422122495,232.0908076449688,0.5625,1.0,0.0004464353079143733,0.1349764575585256,0.09375,0.90625,0.0
wine_rack,pre_contact,euclidean_farthest,64,192,1079.2098738076163,302.3882801639251,0.7552083333333334,1.0,0.0003818954330095557,0.08561334285757344,0.09375,0.90625,0.0
wine_rack,pre_contact,euclidean_farthest,128,48,754.0684835524435,252.8801876828998,0.8958333333333334,1.0,0.00037340699718816685,0.050178777989372175,0.046875,0.953125,0.0
wine_rack,pre_contact,global_kmeans,32,48,766.622965056209,305.3233776372026,0.5625,1.0,0.0004476542405091862,0.06417341001115735,0.03125,0.96875,0.0
wine_rack,pre_contact,global_kmeans,64,192,630.4058626061616,179.56182033400546,0.8645833333333334,1.0,0.00043175811142172945,0.054167235001510716,0.0625,0.9375,0.0
wine_rack,pre_contact,global_kmeans,128,48,308.9085879556911,138.02046771125046,0.7916666666666666,1.0,0.00037309160942512856,0.056153193471448204,0.046875,0.953125,0.0
wine_rack,pre_contact,old_diagonal_sensitivity,32,48,818.8867528118523,313.12453131182764,0.5416666666666666,1.0,0.0004346128952865223,0.2823672595928312,0.03125,0.96875,0.020833333333333332
wine_rack,pre_contact,old_diagonal_sensitivity,64,192,719.4755009914543,333.59204743471645,0.10416666666666667,1.0,0.00023828534239276562,0.1872737264314955,0.015625,0.984375,0.0008680555555555555
wine_rack,pre_contact,old_diagonal_sensitivity,128,48,712.9402760534321,272.37598456828414,0.2708333333333333,1.0,0.0004934737946439634,0.13690330646867505,0.0078125,0.9921875,0.019097222222222224
wine_rack,pre_contact,pca_kmeans,32,48,699.1362181808486,301.3313348595022,0.7916666666666666,1.0,0.0005022207158005906,0.05773879690541348,0.0625,0.9375,0.0
wine_rack,pre_contact,pca_kmeans,64,192,790.6946995937998,205.79729542106693,0.6614583333333334,1.0,0.00036782237748903094,0.057563359612282705,0.046875,0.953125,0.0
wine_rack,pre_contact,pca_kmeans,128,48,437.495592464298,147.21894963049476,0.7291666666666666,1.0,0.0004307001790050051,0.05165176218171156,0.03125,0.96875,0.0
wine_rack,pre_contact,permuted_j,32,48,5650.614856240146,2478.4067395039237,0.2916666666666667,1.0,0.005819262698609499,0.9920721571237562,0.03125,0.96875,1.0
wine_rack,pre_contact,permuted_j,64,192,5634.800404818457,2477.6470593201598,0.328125,1.0,0.005800844938762547,0.9920737193642452,0.015625,0.984375,1.0
wine_rack,pre_contact,permuted_j,128,48,1951.9098432838057,1258.0397112694757,0.5,1.0,0.0025348601879278923,1.0154199025200827,0.0078125,0.9921875,0.9791666666666666
wine_rack,pre_contact,phase_conditioned_kmeans,32,48,558.5299748472172,223.1114669298025,0.7291666666666666,1.0,0.0005005393567673696,0.05594566686948904,0.125,0.875,0.0
wine_rack,pre_contact,phase_conditioned_kmeans,64,192,738.0796673544236,282.11523487244534,0.8697916666666666,1.0,0.0005464457779645478,0.052561091565856886,0.125,0.875,0.0
wine_rack,pre_contact,phase_conditioned_kmeans,128,48,512.0856914405437,191.69402290624814,0.9166666666666666,1.0,0.0005569984278616353,0.050501526888975946,0.0546875,0.9453125,0.0
wine_rack,pre_contact,random_spd,32,48,966.1798767762758,256.5541746058456,0.1875,1.0,0.00027431082549898383,0.13938183672331567,0.03125,0.96875,0.0
wine_rack,pre_contact,random_spd,64,192,988.1285117752127,261.3661699574844,0.2760416666666667,1.0,0.00025364077081002314,0.13903414508601028,0.015625,0.984375,0.0
wine_rack,pre_contact,random_spd,128,48,967.4048096167882,256.5561470848921,0.25,1.0,0.00025569636755060744,0.14105346112604975,0.015625,0.984375,0.0
