action_reconstruction_rmse,alphabet_k,balanced_task_effect_error,clipped,code_perplexity,contact_mode_preserved,error_group_contact_mode_and_penetration,error_group_gripper_and_articulation,error_group_object_pose,error_group_task_progress_and_constraint,error_group_tcp_object_relative_pose,inference_latency_ms,level,method,n,normalized_code_utilization,object_pose_error,phase,split,task_id,task_progress_abs_error,tcp_object_relative_pose_error,unique_codes
0.0237066070898,32,0.352376880321,0,5.26472058717,0.946754092262,0.85395871951,0.317679832998,0.190527103493,0.0817274709984,0.317991274603,0,pooled,C5_NCER_AA_K32,21504,0.14079816912,0.190527103493,ALL,development,ALL,0.00470178346488,0.317991274603,139
0.0235333949229,32,0.45447499855,0,7.78916274968,0.934151785714,1.1161019413,0.179174510869,0.354980414744,0.12887538282,0.493242743019,0,task,C5_NCER_AA_K32,5376,0.176111215975,0.354980414744,ALL,development,bowl_on_plate,0.00619923833008,0.493242743019,100
0.024095302008,32,0.320594476164,0,1,0.986793154762,1.20196565514,0.145014190218,0.107761845714,0.00216258557596,0.14606810417,0,task,C5_NCER_AA_K32,5376,0.03125,0.107761845714,ALL,development,plate_push,0.000247975416152,0.14606810417,1
0.0242463812157,32,0.317264678318,0,6.65985741533,0.931919642857,0.364887125251,0.832857186664,0,0.141001618273,0.247577461402,0,task,C5_NCER_AA_K32,5376,0.152777553138,0,ALL,development,stove_turn_on,0.0026141551622,0.247577461402,83
0.0229513502125,32,0.31717336825,0,7.01117393503,0.934151785714,0.732880156348,0.11367344424,0.299366153516,0.054870297325,0.385076789822,0,task,C5_NCER_AA_K32,5376,0.203053907366,0.299366153516,ALL,development,wine_rack,0.00974576495109,0.385076789822,86
0.0239812815902,32,0.424808453106,0,1.25027804702,0.967633928571,1.16233120005,0.37259059582,0.2748954873,0.0434500229607,0.270774959396,0,phase,C5_NCER_AA_K32,5376,0.0482161771083,0.2748954873,contact_onset,development,ALL,0.00131576396589,0.270774959396,38
0.0233044932135,32,0.067541458103,0,15.7676256388,1,0,9.36309644128e-07,5.52085449467e-30,1.6909206357e-31,0.337706354205,0,phase,C5_NCER_AA_K32,5376,0.27729396155,5.52085449467e-30,free_space,development,ALL,7.43452918276e-19,0.337706354205,79
0.0240275600229,32,0.44769880212,0,1.1058687414,0.998325892857,0.942116054469,0.584789651776,0.242268875178,0.219310586883,0.250008842295,0,phase,C5_NCER_AA_K32,5376,0.0370917581482,0.242268875178,post_contact,development,ALL,0.0166296330349,0.250008842295,18
0.0235130935324,32,0.469458807953,0,10.0782976042,0.821056547619,1.31138762352,0.313338148085,0.244944051496,0.0641492741504,0.413474942516,0,phase,C5_NCER_AA_K32,5376,0.200590779673,0.244944051496,pre_contact,development,ALL,0.000861736858759,0.413474942516,115
0.0239244398681,32,0.159368012002,0,66.270214036,0.969494047619,0.388011900972,0.119833303359,0.103641878194,0.0109753927029,0.174377584784,0,pooled,O_true_effect_K32,21504,0.323511379013,0.103641878194,ALL,development,ALL,0.000592994924263,0.174377584784,255
0.0242577218092,32,0.204990333213,0,66.4002332761,0.95740327381,0.538364296735,0.0719621432132,0.178088533883,0.00618643228789,0.230350259944,0,task,O_true_effect_K32,5376,0.336964156592,0.178088533883,ALL,development,bowl_on_plate,0.000655350405963,0.230350259944,220
0.0238534000371,32,0.156065196329,0,63.3559241501,0.992931547619,0.523174696226,0.0519163335338,0.0964070541775,0.00224762149265,0.106580276212,0,task,O_true_effect_K32,5376,0.35740245821,0.0964070541775,ALL,development,plate_push,0.000240262340828,0.106580276212,229
0.0240194013029,32,0.121947372662,0,53.0951653386,0.965959821429,0.0938590753507,0.319806273012,0,0.030576580072,0.165494934878,0,task,O_true_effect_K32,5376,0.296889760278,0,ALL,development,stove_turn_on,0.000915351361558,0.165494934878,216
0.0235672363231,32,0.154469145806,0,45.6693619648,0.961681547619,0.396649535577,0.035648463677,0.140071924717,0.00489093695888,0.1950848681,0,task,O_true_effect_K32,5376,0.302789140974,0.140071924717,ALL,development,wine_rack,0.000561015588702,0.1950848681,213
0.0244048235191,32,0.187832400922,0,88.2194458289,0.979538690476,0.515827470405,0.14314390808,0.138007348605,0.0129529185325,0.129230358986,0,phase,O_true_effect_K32,5376,0.368607704746,0.138007348605,contact_onset,development,ALL,0.000672543643771,0.129230358986,240
0.0224571186834,32,0.0343131511205,0,10.0293636255,1,0,4.84722888007e-07,6.96045666929e-30,2.0205068613e-31,0.171565270879,0,phase,O_true_effect_K32,5376,0.184451567827,6.96045666929e-30,free_space,development,ALL,1.00159629268e-18,0.171565270879,83
0.0244504342703,32,0.183442813843,0,86.6843446654,0.998139880952,0.381990328523,0.227489574309,0.148817793449,0.0148348951947,0.144081477739,0,phase,O_true_effect_K32,5376,0.360616366745,0.148817793449,post_contact,development,ALL,0.00125829349429,0.144081477739,232
0.0243853829994,32,0.231883682124,0,92.0901731881,0.900297619048,0.65422980496,0.108699246324,0.127742370724,0.0161137570842,0.25263323153,0,phase,O_true_effect_K32,5376,0.380369876736,0.127742370724,pre_contact,development,ALL,0.000441142558989,0.25263323153,228
0.02305947684,128,0.339574151726,0,6.8363752978,0.947312127976,0.834965839358,0.31312337259,0.184378035477,0.0803753467787,0.285028164429,0,pooled,C5_NCER_AA_K128,21504,0.0506889445756,0.184378035477,ALL,development,ALL,0.00468029255026,0.285028164429,192
0.0228837615294,128,0.432210890291,0,10.3211080702,0.94494047619,1.06452889539,0.178158390413,0.340160388666,0.1286528514,0.449553925585,0,task,C5_NCER_AA_K128,5376,0.0591613564783,0.340160388666,ALL,development,bowl_on_plate,0.00617805934392,0.449553925585,150
0.024095302008,128,0.320594476164,0,1,0.986793154762,1.20196565514,0.145014190218,0.107761845714,0.00216258557596,0.14606810417,0,task,C5_NCER_AA_K128,5376,0.0078125,0.107761845714,ALL,development,plate_push,0.000247975416152,0.14606810417,1
0.0238876044966,128,0.303231093258,0,8.42441025306,0.928571428571,0.357856817028,0.821879173907,0,0.13582298726,0.200596488093,0,task,C5_NCER_AA_K128,5376,0.0525814235101,0,ALL,development,stove_turn_on,0.00255303810851,0.200596488093,141
0.0213712393261,128,0.302260147193,0,11.4178378581,0.928943452381,0.71551198987,0.107441735823,0.289589907527,0.0548629628785,0.343894139867,0,task,C5_NCER_AA_K128,5376,0.0832004983139,0.289589907527,ALL,development,wine_rack,0.00974209733248,0.343894139867,132
0.0239061075554,128,0.422776615587,0,1.33471820845,0.966517857143,1.16040278284,0.371956038686,0.272067095889,0.0434494141792,0.266007746335,0,phase,C5_NCER_AA_K128,5376,0.0168327853462,0.272067095889,contact_onset,development,ALL,0.00131501285642,0.266007746335,69
0.0220669266956,128,0.0542682110376,0,24.6507431096,1,0,1.24941455648e-06,5.15085076051e-30,1.59061178443e-31,0.271339805774,0,phase,C5_NCER_AA_K128,5376,0.0843453068477,5.15085076051e-30,free_space,development,ALL,5.88566893635e-19,0.271339805774,143
0.0239583587871,128,0.44725011967,0,1.14654548522,0.997209821429,0.942674090183,0.581601969389,0.242692843049,0.219310586883,0.249971108844,0,phase,C5_NCER_AA_K128,5376,0.00983687687203,0.242692843049,post_contact,development,ALL,0.0166296330349,0.249971108844,31
0.0223065143219,128,0.434001660612,0,15.2828525133,0.825520833333,1.23678648441,0.298934232871,0.222752202969,0.0587413860531,0.352793996762,0,phase,C5_NCER_AA_K128,5376,0.0917408092364,0.222752202969,pre_contact,development,ALL,0.000776524309762,0.352793996762,166
0.0229504466174,128,0.10062406285,0,171.992943476,0.992978050595,0.312357661127,0.0566852565384,0.0476061612044,0.0040837123557,0.0823875230242,0,pooled,O_true_effect_K128,21504,0.240590032661,0.0476061612044,ALL,development,ALL,0.000379617160106,0.0823875230242,256
0.0229819410047,128,0.135956525613,0,172.397421547,0.985305059524,0.451816961764,0.0284250909382,0.0842205500154,0.00330725858763,0.112012766761,0,task,O_true_effect_K128,5376,0.248333603602,0.0842205500154,ALL,development,bowl_on_plate,0.000454745354622,0.112012766761,252
0.022876132102,128,0.107385057742,0,155.623659023,0.999441964286,0.421666522713,0.0237731580094,0.0399580022504,0.00110433692798,0.0504232688092,0,task,O_true_effect_K128,5376,0.250649890081,0.0399580022504,ALL,development,plate_push,0.000164670135045,0.0504232688092,237
0.0232896012661,128,0.0591189236886,0,155.935097506,0.995535714286,0.0559548691112,0.157196356544,0,0.00977713750842,0.0726662552789,0,task,O_true_effect_K128,5376,0.229807926798,0,ALL,development,stove_turn_on,0.000519292394569,0.0726662552789,248
0.0226541120968,128,0.100035744356,0,152.997085756,0.991629464286,0.319992290919,0.0173464206615,0.0662460925516,0.00214611639877,0.0944478012477,0,task,O_true_effect_K128,5376,0.233568710164,0.0662460925516,ALL,development,wine_rack,0.000379760756189,0.0944478012477,251
0.023598004348,128,0.122944032868,0,175.52953616,0.995907738095,0.415336291745,0.0694448389758,0.0631705784153,0.0042640924274,0.0625043627741,0,phase,O_true_effect_K128,5376,0.254775904529,0.0631705784153,contact_onset,development,ALL,0.000439900195912,0.0625043627741,252
0.0215731497634,128,0.016365092858,0,77.9796597514,1,0,8.48684756043e-07,7.57988917402e-30,2.33576325101e-31,0.0818246156052,0,phase,O_true_effect_K128,5376,0.197022930555,7.57988917402e-30,free_space,development,ALL,8.77687472964e-19,0.0818246156052,150
0.0236079865986,128,0.110755367805,0,182.433778251,0.999069940476,0.308884356786,0.111785839539,0.0644243671495,0.00641502987717,0.0622672456732,0,phase,O_true_effect_K128,5376,0.261223116624,0.0644243671495,post_contact,development,ALL,0.000796190026824,0.0622672456732,252
0.0230226457597,128,0.152431757869,0,184.171940652,0.97693452381,0.525209995976,0.0455094989537,0.0628296992527,0.00565572711822,0.122953868044,0,phase,O_true_effect_K128,5376,0.249338178937,0.0628296992527,pre_contact,development,ALL,0.00028237841769,0.122953868044,253
