candidate_distance_spearman,direction_family_id,inference_latency_ms,kendall_tau,level,method,n,ndcg_at_16,o1_baseline_gap_fraction_closed,oracle_neighbor_recall_at_1,oracle_neighbor_recall_at_8,oracle_regret,pairwise_accuracy,phase,split,task_id
0.303769041484,ALL,0,0.209461741355,pooled,B3_dynamic_action_medoids,6144,0.481471584666,-0.323778954877,0.06787109375,0.14540608724,0.321638973099,0.604730870677,ALL,development,ALL
0.275258184319,ALL,0,0.189099184999,task,B3_dynamic_action_medoids,1536,0.376550224935,-0.13684836453,0.0625,0.13134765625,0.494825931455,0.594549592499,ALL,development,bowl_on_plate
0.313493204706,ALL,0,0.216525257556,task,B3_dynamic_action_medoids,1536,0.436671271615,-0.405713380327,0.0618489583333,0.14111328125,0.277209763007,0.608262628778,ALL,development,plate_push
0.290714145587,ALL,0,0.200041256068,task,B3_dynamic_action_medoids,1536,0.497762704483,-0.820460477955,0.0559895833333,0.139241536458,0.301343809807,0.600020628034,ALL,development,stove_turn_on
0.335610631323,ALL,0,0.232181266795,task,B3_dynamic_action_medoids,1536,0.614902137633,-0.225953311697,0.0911458333333,0.169921875,0.213176388129,0.616090633398,ALL,development,wine_rack
0.253686776811,ALL,0,0.17380126053,phase,B3_dynamic_action_medoids,1536,0.350809346601,-0.220705164579,0.0494791666667,0.117106119792,0.412345807088,0.586900630265,contact_onset,development,ALL
0.432954003524,ALL,0,0.302516952536,phase,B3_dynamic_action_medoids,1536,0.843517646973,-2.2103696508,0.110677083333,0.208577473958,0.0470819361317,0.651258476268,free_space,development,ALL
0.263244443629,ALL,0,0.179896100018,phase,B3_dynamic_action_medoids,1536,0.370829024456,-0.636635483861,0.0501302083333,0.127115885417,0.397667733514,0.589948050009,post_contact,development,ALL
0.265190941972,ALL,0,0.181632652335,phase,B3_dynamic_action_medoids,1536,0.360730320635,-0.140835698963,0.0611979166667,0.128824869792,0.429460415664,0.590816326167,pre_contact,development,ALL
0.279133719563,0,0,0.191513022475,direction_family,B3_dynamic_action_medoids,2048,0.498309355011,-0.212916295067,0.04736328125,0.1455078125,0.304392370194,0.595756511238,ALL,development,ALL
0.378549239727,1,0,0.263708236693,direction_family,B3_dynamic_action_medoids,2048,0.456166988834,-0.54177759922,0.0791015625,0.158020019531,0.369799191525,0.631854118347,ALL,development,ALL
0.253624165162,2,0,0.173163964895,direction_family,B3_dynamic_action_medoids,2048,0.489938410154,-0.221025516954,0.0771484375,0.132690429688,0.29072535758,0.586581982447,ALL,development,ALL
0.234545411439,ALL,0.0830050292961,0.158634797773,pooled,B4_state_action_vq,6144,0.433941102429,-0.422622712145,0.048828125,0.115681966146,0.345655070702,0.579317398887,ALL,development,ALL
0.177255133417,ALL,0.101075589896,0.119598913833,task,B4_state_action_vq,1536,0.319891480546,-0.249940625491,0.0397135416667,0.09814453125,0.544050599507,0.559799456916,ALL,development,bowl_on_plate
0.259110810179,ALL,0.0802989622268,0.175702152736,task,B4_state_action_vq,1536,0.402039430479,-0.530111912293,0.0423177083333,0.111409505208,0.301741426465,0.587851076368,ALL,development,plate_push
0.218721978536,ALL,0.0768673638352,0.147476343584,task,B4_state_action_vq,1536,0.451919080606,-0.88706712123,0.0442708333333,0.109944661458,0.312369316752,0.573738171792,ALL,development,stove_turn_on
0.283093723623,ALL,0.0737782012266,0.19176178094,task,B4_state_action_vq,1536,0.561914418086,-0.290837992669,0.0690104166667,0.143229166667,0.224458940085,0.59588089047,ALL,development,wine_rack
0.180269666876,ALL,0.0737499186698,0.121595482186,phase,B4_state_action_vq,1536,0.312907739665,-0.292709459928,0.0397135416667,0.0939127604167,0.436668362723,0.560797741093,contact_onset,development,ALL
0.385137538579,ALL,0.103983201787,0.261653004932,phase,B4_state_action_vq,1536,0.788950614073,-2.83923300728,0.0891927083333,0.167561848958,0.0563045826198,0.630826502466,free_space,development,ALL
0.187895769803,ALL,0.073796460318,0.126670693536,phase,B4_state_action_vq,1536,0.32253981444,-0.719396788256,0.0358072916667,0.0963541666667,0.417776976327,0.563335346768,post_contact,development,ALL
0.184878670497,ALL,0.0804905364096,0.124620010439,phase,B4_state_action_vq,1536,0.311366241539,-0.253495161919,0.0305989583333,0.104899088542,0.471870361139,0.562310005219,pre_contact,development,ALL
0.244738354838,0,0.0830050292961,0.165948618651,direction_family,B4_state_action_vq,2048,0.456012585636,-0.315716191845,0.05908203125,0.127319335938,0.330190938787,0.582974309326,ALL,development,ALL
0.231087234369,1,0.0830050292961,0.156193251378,direction_family,B4_state_action_vq,2048,0.389069112175,-0.56149026316,0.04833984375,0.110168457031,0.374527322995,0.578096625689,ALL,development,ALL
0.22781064511,2,0.0830050292961,0.15376252329,direction_family,B4_state_action_vq,2048,0.456741609477,-0.395413209407,0.0390625,0.109558105469,0.332246950325,0.576881261645,ALL,development,ALL
0.306663269068,ALL,0.558020913938,0.232807926445,pooled,B5_local_knn_consequence,6144,0.401741010002,-0.487981388013,0.01708984375,0.0864664713542,0.361535287948,0.616403963223,ALL,development,ALL
0.234820509345,ALL,0.551619536471,0.180474695826,task,B5_local_knn_consequence,1536,0.295668974597,-0.35690428353,0.0162760416667,0.079833984375,0.590607724777,0.590237347913,ALL,development,bowl_on_plate
0.367673984456,ALL,0.567474281259,0.276701777519,task,B5_local_knn_consequence,1536,0.378889094392,-0.627774646057,0.0169270833333,0.0906575520833,0.321000731855,0.63835088876,ALL,development,plate_push
0.385291089614,ALL,0.560921722013,0.28804976763,task,B5_local_knn_consequence,1536,0.433060794787,-0.966941767803,0.0149739583333,0.0880533854167,0.325591098052,0.644024883815,ALL,development,stove_turn_on
0.238867492858,ALL,0.552068116008,0.186005464805,task,B5_local_knn_consequence,1536,0.499345176231,-0.201599507224,0.0201822916667,0.0873209635417,0.208941597109,0.593002732403,ALL,development,wine_rack
0.145734260219,ALL,0.559035241584,0.103807227398,phase,B5_local_knn_consequence,1536,0.254967632712,-0.384788552054,0.0078125,0.0453287760417,0.46777204661,0.551903613699,contact_onset,development,ALL
0.727552457655,ALL,0.548978279274,0.578631067251,phase,B5_local_knn_consequence,1536,0.813810261707,-2.76424271741,0.0423177083333,0.190104166667,0.05520480645,0.789315533625,free_space,development,ALL
0.154810470085,ALL,0.552431384146,0.112129390916,phase,B5_local_knn_consequence,1536,0.256053257997,-0.701025237493,0.0104166666667,0.042236328125,0.413313078883,0.556064695458,post_contact,development,ALL
0.198555888313,ALL,0.571638750747,0.136664020216,phase,B5_local_knn_consequence,1536,0.282132887593,-0.354389022946,0.0078125,0.0681966145833,0.50985121985,0.568332010108,pre_contact,development,ALL
0.334867951316,0,0.558020913938,0.256640637096,direction_family,B5_local_knn_consequence,2048,0.433187978961,-0.352748070042,0.01318359375,0.105712890625,0.339484425256,0.628320318548,ALL,development,ALL
0.230655564642,1,0.558020913938,0.165426598886,direction_family,B5_local_knn_consequence,2048,0.320373087516,-0.754918780172,0.00146484375,0.025146484375,0.420921633851,0.582713299443,ALL,development,ALL
0.354466291247,2,0.558020913938,0.276356543353,direction_family,B5_local_knn_consequence,2048,0.451661963529,-0.361615778793,0.03662109375,0.128540039062,0.324199804737,0.638178271676,ALL,development,ALL
0.536367296151,ALL,0.077703337297,0.403254521428,pooled,C0_stage2_ncea_reproduction,6144,0.531258494273,-0.213325508306,0.154459635417,0.255737304688,0.294802065775,0.701627260714,ALL,development,ALL
0.432696378903,ALL,0.0903003133822,0.335203227862,task,C0_stage2_ncea_reproduction,1536,0.414307963107,-0.113439163795,0.15625,0.232584635417,0.48463681572,0.667601613931,ALL,development,bowl_on_plate
0.565123798347,ALL,0.062157509357,0.419259680631,task,C0_stage2_ncea_reproduction,1536,0.480327434371,-0.286999598603,0.15625,0.232340494792,0.25379914477,0.709629840316,ALL,development,plate_push
0.585538244792,ALL,0.0717013328868,0.442529592233,task,C0_stage2_ncea_reproduction,1536,0.574483688268,-0.547874077029,0.152994791667,0.265218098958,0.25622213562,0.721264796116,ALL,development,stove_turn_on
0.56211076256,ALL,0.0866541935617,0.416025584985,task,C0_stage2_ncea_reproduction,1536,0.655914891347,-0.0613271496874,0.15234375,0.292805989583,0.184550166988,0.708012792493,ALL,development,wine_rack
0.399179316398,ALL,0.0563155477064,0.284411848227,phase,C0_stage2_ncea_reproduction,1536,0.3734085575,-0.274154230138,0.076171875,0.1572265625,0.430400533746,0.642205924113,contact_onset,development,ALL
0.897839892921,ALL,0.109201107635,0.726071187589,phase,C0_stage2_ncea_reproduction,1536,0.952978873998,-0.244585330896,0.383463541667,0.533854166667,0.0182525669731,0.863035593794,free_space,development,ALL
0.449196318416,ALL,0.0836021066056,0.319196362354,phase,C0_stage2_ncea_reproduction,1536,0.424876655359,-0.374453654344,0.0813802083333,0.173746744792,0.333963105977,0.659598181177,post_contact,development,ALL
0.399253656868,ALL,0.0616945872404,0.283338687542,phase,C0_stage2_ncea_reproduction,1536,0.373769890236,-0.0535228844547,0.0768229166667,0.158121744792,0.396592056403,0.641669343771,pre_contact,development,ALL
0.536882439798,0,0.077703337297,0.403326836202,direction_family,C0_stage2_ncea_reproduction,2048,0.526995151791,-0.192936468813,0.14892578125,0.234191894531,0.29937825117,0.701663418101,ALL,development,ALL
0.544580997063,1,0.077703337297,0.410612862354,direction_family,C0_stage2_ncea_reproduction,2048,0.53484439807,-0.169364877493,0.19287109375,0.295837402344,0.28047507404,0.705306431177,ALL,development,ALL
0.527638451591,2,0.077703337297,0.395823865728,direction_family,C0_stage2_ncea_reproduction,2048,0.531935932959,-0.279100079913,0.12158203125,0.237182617188,0.304552872114,0.697911932864,ALL,development,ALL
0.299977850971,ALL,0.077703337297,0.206394354852,pooled,C1_NC_VECTOR,6144,0.465967446123,-0.375052273799,0.0760091145833,0.151631673177,0.334096866908,0.603197177426,ALL,development,ALL
0.311882257619,ALL,0.0903003133822,0.215768235301,task,C1_NC_VECTOR,1536,0.375526247803,-0.143264086885,0.05859375,0.146647135417,0.497618446173,0.60788411765,ALL,development,bowl_on_plate
0.24795395775,ALL,0.062157509357,0.16934687533,task,C1_NC_VECTOR,1536,0.398529948702,-0.632632686172,0.0709635416667,0.125651041667,0.321958748025,0.584673437665,ALL,development,plate_push
0.321357012707,ALL,0.0717013328868,0.222778127078,task,C1_NC_VECTOR,1536,0.508311695342,-0.782172256627,0.0807291666667,0.164794921875,0.29500589771,0.611389063539,ALL,development,stove_turn_on
0.318718175809,ALL,0.0866541935617,0.2176841817,task,C1_NC_VECTOR,1536,0.581501892645,-0.275571893091,0.09375,0.16943359375,0.221804375724,0.60884209085,ALL,development,wine_rack
0.197317892814,ALL,0.0563155477064,0.134916239829,phase,C1_NC_VECTOR,1536,0.31753423322,-0.293207426924,0.041015625,0.104817708333,0.436836572549,0.567458119914,contact_onset,development,ALL
0.440904280331,ALL,0.109201107635,0.305490479352,phase,C1_NC_VECTOR,1536,0.841121948009,-2.31996841271,0.147786458333,0.252848307292,0.0486892656512,0.652745239676,free_space,development,ALL
0.288452793468,ALL,0.0836021066056,0.198513619187,phase,C1_NC_VECTOR,1536,0.357159079189,-0.655382483985,0.0494791666667,0.12060546875,0.402222857195,0.599256809594,post_contact,development,ALL
0.273236437272,ALL,0.0616945872404,0.186657081041,phase,C1_NC_VECTOR,1536,0.348054524076,-0.191781846798,0.0657552083333,0.128255208333,0.448638772236,0.59332854052,pre_contact,development,ALL
0.296655815086,0,0.077703337297,0.204206900926,direction_family,C1_NC_VECTOR,2048,0.477559952419,-0.323686559913,0.0849609375,0.15673828125,0.332191175108,0.602103450463,ALL,development,ALL
0.312605925911,1,0.077703337297,0.216077772326,direction_family,C1_NC_VECTOR,2048,0.443626457572,-0.402082388189,0.08837890625,0.162963867188,0.336292947741,0.608038886163,ALL,development,ALL
0.290671811917,2,0.077703337297,0.198898391305,direction_family,C1_NC_VECTOR,2048,0.476715928379,-0.401963112548,0.0546875,0.135192871094,0.333806477875,0.599449195652,ALL,development,ALL
0.392128223848,ALL,0.077703337297,0.277671481908,pooled,C2_NC_TEMPORAL_VECTOR,6144,0.471288111089,-0.34399912741,0.0673828125,0.15928141276,0.326551874536,0.638835740954,ALL,development,ALL
0.394868427969,ALL,0.0903003133822,0.283386413623,task,C2_NC_TEMPORAL_VECTOR,1536,0.383003145928,-0.100920134807,0.0696614583333,0.15380859375,0.479187768712,0.641693206812,ALL,development,bowl_on_plate
0.337071393166,ALL,0.062157509357,0.233648771953,task,C2_NC_TEMPORAL_VECTOR,1536,0.405827980563,-0.540943593438,0.0618489583333,0.13671875,0.303877457754,0.616824385976,ALL,development,plate_push
0.474487914866,ALL,0.0717013328868,0.341302818468,task,C2_NC_TEMPORAL_VECTOR,1536,0.519214285448,-0.702993618883,0.0677083333333,0.179524739583,0.281899327893,0.670651409234,ALL,development,stove_turn_on
0.362085159391,ALL,0.0866541935617,0.252347923588,task,C2_NC_TEMPORAL_VECTOR,1536,0.577107032418,-0.387360900776,0.0703125,0.167073567708,0.241242943787,0.626173961794,ALL,development,wine_rack
0.216333418793,ALL,0.0563155477064,0.147402357351,phase,C2_NC_TEMPORAL_VECTOR,1536,0.315029693248,-0.372318787438,0.0299479166667,0.099853515625,0.463559845905,0.573701178675,contact_onset,development,ALL
0.695993410322,ALL,0.109201107635,0.507674545955,phase,C2_NC_TEMPORAL_VECTOR,1536,0.873352537392,-1.45979943617,0.139322916667,0.289713541667,0.036074387858,0.753837272977,free_space,development,ALL
0.344110893113,ALL,0.0836021066056,0.2404776844,phase,C2_NC_TEMPORAL_VECTOR,1536,0.351926953151,-0.599718212525,0.0338541666667,0.11767578125,0.388697619054,0.6202388422,post_contact,development,ALL
0.312075173163,ALL,0.0616945872404,0.215131339926,phase,C2_NC_TEMPORAL_VECTOR,1536,0.344843260567,-0.110061455094,0.06640625,0.1298828125,0.417875645328,0.607565669963,pre_contact,development,ALL
0.382181528127,0,0.077703337297,0.27051771185,direction_family,C2_NC_TEMPORAL_VECTOR,2048,0.472341690156,-0.291058351585,0.08154296875,0.150939941406,0.324002829623,0.635258855925,ALL,development,ALL
0.412070001955,1,0.077703337297,0.293207604016,direction_family,C2_NC_TEMPORAL_VECTOR,2048,0.462205531265,-0.357245633853,0.0869140625,0.183288574219,0.325538740706,0.646603802008,ALL,development,ALL
0.382133141462,2,0.077703337297,0.269289129857,direction_family,C2_NC_TEMPORAL_VECTOR,2048,0.479317111847,-0.386455195773,0.03369140625,0.143615722656,0.33011405328,0.634644564929,ALL,development,ALL
0.664871859506,ALL,4.36254791401,0.530149432293,pooled,C3_NC_BIENCODER,6144,0.619579052988,0,0.250813802083,0.378153483073,0.242970302492,0.765074716146,ALL,development,ALL
0.549349174457,ALL,4.61236403513,0.433390158624,task,C3_NC_BIENCODER,1536,0.465493520232,0,0.196614583333,0.314860026042,0.43526115434,0.716695079312,ALL,development,bowl_on_plate
0.705123621605,ALL,4.25888273829,0.554972513409,task,C3_NC_BIENCODER,1536,0.594522988109,0,0.233072916667,0.358479817708,0.197202194193,0.777486256704,ALL,development,plate_push
0.73162162624,ALL,4.30350085147,0.593692151644,task,C3_NC_BIENCODER,1536,0.704688632414,0,0.268229166667,0.420654296875,0.165531640734,0.796846075822,ALL,development,stove_turn_on
0.673393015722,ALL,4.27544403116,0.538542905495,task,C3_NC_BIENCODER,1536,0.713611071195,0,0.305338541667,0.418619791667,0.173886220703,0.769271452748,ALL,development,wine_rack
0.543813680066,ALL,4.30200294583,0.399358495886,phase,C3_NC_BIENCODER,1536,0.461113554445,0,0.119791666667,0.222981770833,0.337793120774,0.699679247943,contact_onset,development,ALL
0.97104519648,ALL,4.33463829935,0.862037470946,phase,C3_NC_BIENCODER,1536,0.989267826699,0,0.607421875,0.76611328125,0.0146655809931,0.931018735473,free_space,development,ALL
0.655014732915,ALL,4.43020461982,0.506919351678,phase,C3_NC_BIENCODER,1536,0.576019488555,0,0.149088541667,0.307047526042,0.242978804649,0.753459675839,post_contact,development,ALL
0.489613828562,ALL,4.38334579106,0.352282410661,phase,C3_NC_BIENCODER,1536,0.45191534225,0,0.126953125,0.216471354167,0.376443703554,0.67614120533,pre_contact,development,ALL
0.658611107941,0,4.36254791401,0.524769027988,direction_family,C3_NC_BIENCODER,2048,0.612252163184,0,0.1953125,0.357177734375,0.250959090443,0.762384513994,ALL,development,ALL
0.672213035753,1,4.36254791401,0.536772848168,direction_family,C3_NC_BIENCODER,2048,0.624403468084,0,0.29931640625,0.41162109375,0.239852486968,0.768386424084,ALL,development,ALL
0.663791434823,2,4.36254791401,0.528906420723,direction_family,C3_NC_BIENCODER,2048,0.622081527694,0,0.2578125,0.365661621094,0.238099330066,0.764453210361,ALL,development,ALL
0.326638235999,ALL,4.36254791401,0.236747033367,pooled,C4_NC_PAIR_RANKER,6144,0.444898070843,-0.311761145709,0.06298828125,0.135416666667,0.318719002371,0.618373516684,ALL,development,ALL
0.353697052987,ALL,4.61236403513,0.25917853225,task,C4_NC_PAIR_RANKER,1536,0.362238846705,-0.200758234571,0.052734375,0.140299479167,0.522643415262,0.629589266125,ALL,development,bowl_on_plate
0.275939972628,ALL,4.25888273829,0.196365087255,task,C4_NC_PAIR_RANKER,1536,0.382605285014,-0.500404301456,0.060546875,0.111328125,0.295883020424,0.598182543627,ALL,development,plate_push
0.334326473202,ALL,4.30350085147,0.245311518195,task,C4_NC_PAIR_RANKER,1536,0.467188877731,-0.62019276204,0.0611979166667,0.14111328125,0.268193166206,0.622655759098,ALL,development,stove_turn_on
0.34258944518,ALL,4.27544403116,0.246132995769,task,C4_NC_PAIR_RANKER,1536,0.567559273923,-0.0820662317589,0.0774739583333,0.14892578125,0.188156407591,0.623066497885,ALL,development,wine_rack
0.177460971418,ALL,4.30200294583,0.126798637105,phase,C4_NC_PAIR_RANKER,1536,0.278779869939,-0.302468897971,0.0286458333333,0.077880859375,0.439965033757,0.563399318553,contact_onset,development,ALL
0.704553888922,ALL,4.33463829935,0.523300881504,phase,C4_NC_PAIR_RANKER,1536,0.866172689257,-1.21561682657,0.129557291667,0.268636067708,0.0324933080198,0.761650440752,free_space,development,ALL
0.0374292450965,ALL,4.43020461982,0.026094880042,phase,C4_NC_PAIR_RANKER,1536,0.24715034829,-0.682974620168,0.0201822916667,0.04345703125,0.408927161462,0.513047440021,post_contact,development,ALL
0.387108838559,ALL,4.38334579106,0.270793734818,phase,C4_NC_PAIR_RANKER,1536,0.387489375888,-0.0452838034723,0.0735677083333,0.151692708333,0.393490506244,0.635396867409,pre_contact,development,ALL
0.313252799605,0,4.36254791401,0.225203993029,direction_family,C4_NC_PAIR_RANKER,2048,0.451521777896,-0.190662524593,0.05712890625,0.126342773438,0.298807584197,0.612601996515,ALL,development,ALL
0.352701301919,1,4.36254791401,0.259618756776,direction_family,C4_NC_PAIR_RANKER,2048,0.431810242385,-0.50310998959,0.076171875,0.162109375,0.36052466919,0.629809378388,ALL,development,ALL
0.313960606474,2,4.36254791401,0.225418350297,direction_family,C4_NC_PAIR_RANKER,2048,0.451362192249,-0.246642540504,0.0556640625,0.117797851562,0.296824753725,0.612709175149,ALL,development,ALL
0.326638235999,ALL,4.36254791401,0.236747033367,pooled,C5_NCER_AA,6144,0.444898070843,-0.377903390637,0.06298828125,0.135416666667,0.334789603628,0.618373516684,ALL,development,ALL
0.353697052987,ALL,4.61236403513,0.25917853225,task,C5_NCER_AA,1536,0.362238846705,-0.245655229216,0.052734375,0.140299479167,0.542185332978,0.629589266125,ALL,development,bowl_on_plate
0.275939972628,ALL,4.25888273829,0.196365087255,task,C5_NCER_AA,1536,0.382605285014,-0.500404301456,0.060546875,0.111328125,0.295883020424,0.598182543627,ALL,development,plate_push
0.334326473202,ALL,4.30350085147,0.245311518195,task,C5_NCER_AA,1536,0.467188877731,-0.749621204388,0.0611979166667,0.14111328125,0.289617668625,0.622655759098,ALL,development,stove_turn_on
0.34258944518,ALL,4.27544403116,0.246132995769,task,C5_NCER_AA,1536,0.567559273923,-0.216153825366,0.0774739583333,0.14892578125,0.211472392486,0.623066497885,ALL,development,wine_rack
0.177460971418,ALL,4.30200294583,0.126798637105,phase,C5_NCER_AA,1536,0.278779869939,-0.321754438807,0.0286458333333,0.077880859375,0.446479556782,0.563399318553,contact_onset,development,ALL
0.704553888922,ALL,4.33463829935,0.523300881504,phase,C5_NCER_AA,1536,0.866172689257,-2.16649367312,0.129557291667,0.268636067708,0.0464384694274,0.761650440752,free_space,development,ALL
0.0374292450965,ALL,4.43020461982,0.026094880042,phase,C5_NCER_AA,1536,0.24715034829,-0.682974620168,0.0201822916667,0.04345703125,0.408927161462,0.513047440021,post_contact,development,ALL
0.387108838559,ALL,4.38334579106,0.270793734818,phase,C5_NCER_AA,1536,0.387489375888,-0.161696218355,0.0735677083333,0.151692708333,0.437313226842,0.635396867409,pre_contact,development,ALL
0.313252799605,0,4.36254791401,0.225203993029,direction_family,C5_NCER_AA,2048,0.451521777896,-0.271911196952,0.05712890625,0.126342773438,0.319197677111,0.612601996515,ALL,development,ALL
0.352701301919,1,4.36254791401,0.259618756776,direction_family,C5_NCER_AA,2048,0.431810242385,-0.563412000324,0.076171875,0.162109375,0.374988256433,0.629809378388,ALL,development,ALL
0.313960606474,2,4.36254791401,0.225418350297,direction_family,C5_NCER_AA,2048,0.451362192249,-0.30274569548,0.0556640625,0.117797851562,0.31018287734,0.612709175149,ALL,development,ALL
0.371587872943,ALL,4.36254791401,0.262292090964,pooled,C6_SOFT_MIXTURE_NCER_AA,6144,0.492667222312,-0.366616537551,0.0808919270833,0.161295572917,0.33204723352,0.631146045482,ALL,development,ALL
0.376064954668,ALL,4.61236403513,0.270560659381,task,C6_SOFT_MIXTURE_NCER_AA,1536,0.392564553778,-0.164162243558,0.0748697916667,0.159586588542,0.506714601969,0.635280329691,ALL,development,bowl_on_plate
0.336268147027,ALL,4.25888273829,0.233262884501,task,C6_SOFT_MIXTURE_NCER_AA,1536,0.439136327248,-0.583506727028,0.0709635416667,0.145182291667,0.31227100109,0.616631442251,ALL,development,plate_push
0.411332953711,ALL,4.30350085147,0.292851472787,task,C6_SOFT_MIXTURE_NCER_AA,1536,0.521493825395,-0.75257853557,0.076171875,0.165852864583,0.290107200508,0.646425736393,ALL,development,stove_turn_on
0.362685436367,ALL,4.27544403116,0.252493347188,task,C6_SOFT_MIXTURE_NCER_AA,1536,0.617474182826,-0.259997081006,0.1015625,0.174560546875,0.219096130512,0.626246673594,ALL,development,wine_rack
0.255279843399,ALL,4.30200294583,0.174912605591,phase,C6_SOFT_MIXTURE_NCER_AA,1536,0.351196707964,-0.283906678517,0.0494791666667,0.117838541667,0.433694843719,0.587456302795,contact_onset,development,ALL
0.617477026315,ALL,4.33463829935,0.450812788912,phase,C6_SOFT_MIXTURE_NCER_AA,1536,0.870904890071,-1.96280370829,0.155598958333,0.255940755208,0.0434512377507,0.725406394456,free_space,development,ALL
0.267760296065,ALL,4.43020461982,0.183095859861,phase,C6_SOFT_MIXTURE_NCER_AA,1536,0.37096815595,-0.68942643393,0.0520833333333,0.128092447917,0.410494815458,0.59154792993,post_contact,development,ALL
0.345834325994,ALL,4.38334579106,0.240347109493,phase,C6_SOFT_MIXTURE_NCER_AA,1536,0.377599135262,-0.170289296894,0.06640625,0.143310546875,0.440548037152,0.620173554747,pre_contact,development,ALL
0.348949730212,0,4.36254791401,0.244958792211,direction_family,C6_SOFT_MIXTURE_NCER_AA,2048,0.50373835263,-0.298141466811,0.0556640625,0.154357910156,0.325780401777,0.622479396106,ALL,development,ALL
0.433447554135,1,4.36254791401,0.309048630259,direction_family,C6_SOFT_MIXTURE_NCER_AA,2048,0.47692153423,-0.432262904434,0.10546875,0.184753417969,0.343531819621,0.65452431513,ALL,development,ALL
0.332366334482,2,4.36254791401,0.232868850422,direction_family,C6_SOFT_MIXTURE_NCER_AA,2048,0.497341780075,-0.372660221561,0.08154296875,0.144775390625,0.326829479162,0.616434425211,ALL,development,ALL
0.304157187965,ALL,4.36254791401,0.20981095823,pooled,action_only_pair_ranker,6144,0.481419966717,-0.38346288332,0.06787109375,0.145833333333,0.336140395247,0.604905479115,ALL,development,ALL
0.274822779716,ALL,4.61236403513,0.188873155506,task,action_only_pair_ranker,1536,0.376656560681,-0.131990453188,0.0625,0.131998697917,0.492711471356,0.594436577753,ALL,development,bowl_on_plate
0.314006573841,ALL,4.25888273829,0.216990959812,task,action_only_pair_ranker,1536,0.436336817162,-0.578047559383,0.0618489583333,0.141031901042,0.311194441252,0.608495479906,ALL,development,plate_push
0.29236430161,ALL,4.30350085147,0.201259166818,task,action_only_pair_ranker,1536,0.497966499017,-0.89110730049,0.0559895833333,0.139729817708,0.313038094254,0.600629583409,ALL,development,stove_turn_on
0.335435096691,ALL,4.27544403116,0.232120550782,task,action_only_pair_ranker,1536,0.614719990008,-0.309002940012,0.0911458333333,0.170572916667,0.227617574127,0.616060275391,ALL,development,wine_rack
0.253381210335,ALL,4.30200294583,0.173639856491,phase,action_only_pair_ranker,1536,0.35062728226,-0.23338830481,0.0494791666667,0.11767578125,0.416630084608,0.586819928246,contact_onset,development,ALL
0.435375472182,ALL,4.33463829935,0.304397393869,phase,action_only_pair_ranker,1536,0.84432828355,-2.41967171834,0.110677083333,0.208658854167,0.0501514725552,0.652198696935,free_space,development,ALL
0.263564706135,ALL,4.43020461982,0.180156436924,phase,action_only_pair_ranker,1536,0.370641148576,-0.70968966719,0.0501302083333,0.127522786458,0.415418351654,0.590078218462,post_contact,development,ALL
0.264307363206,ALL,4.38334579106,0.181050145634,phase,action_only_pair_ranker,1536,0.360083152481,-0.228235903024,0.0611979166667,0.129475911458,0.462361672172,0.590525072817,pre_contact,development,ALL
0.278898827985,0,4.36254791401,0.191402321488,direction_family,action_only_pair_ranker,2048,0.498230258143,-0.343358337374,0.04736328125,0.145141601562,0.337127986487,0.595701160744,ALL,development,ALL
0.3799771168,1,4.36254791401,0.264842652915,direction_family,action_only_pair_ranker,2048,0.456274578266,-0.331680617067,0.0791015625,0.158020019531,0.319406907851,0.632421326458,ALL,development,ALL
0.253595619108,2,4.36254791401,0.173187900286,direction_family,action_only_pair_ranker,2048,0.489755063742,-0.477897024352,0.0771484375,0.134338378906,0.351886291404,0.586593950143,ALL,development,ALL
0.283630916083,ALL,4.36254791401,0.207827734052,pooled,consequence_labels_shuffled,6144,0.423820812504,-0.383430805527,0.0574544270833,0.128621419271,0.336132601296,0.603913867026,ALL,development,ALL
0.251018468551,ALL,4.61236403513,0.184943934649,task,consequence_labels_shuffled,1536,0.319425517768,-0.245083288156,0.0494791666667,0.117513020833,0.541936389252,0.592471967324,ALL,development,bowl_on_plate
0.337900173013,ALL,4.25888273829,0.24799747506,task,consequence_labels_shuffled,1536,0.401656823582,-0.498999547655,0.0592447916667,0.135904947917,0.295605999892,0.62399873753,ALL,development,plate_push
0.294050339568,ALL,4.30350085147,0.214955322709,task,consequence_labels_shuffled,1536,0.460555866035,-0.766922173819,0.0598958333333,0.137288411458,0.292481526481,0.607477661354,ALL,development,stove_turn_on
0.251554683201,ALL,4.27544403116,0.183414203792,task,consequence_labels_shuffled,1536,0.513645042631,-0.233602574675,0.0611979166667,0.123779296875,0.214506489559,0.591707101896,ALL,development,wine_rack
0.0538821649918,ALL,4.30200294583,0.0392331476465,phase,consequence_labels_shuffled,1536,0.220149927045,-0.303795352381,0.0162760416667,0.03759765625,0.440413100931,0.519616573823,contact_onset,development,ALL
0.737770256301,ALL,4.33463829935,0.550503069985,phase,consequence_labels_shuffled,1536,0.880856889016,-2.52231048136,0.129557291667,0.307291666667,0.0516567296474,0.775251534993,free_space,development,ALL
0,ALL,4.43020461982,0,phase,consequence_labels_shuffled,1536,0.225480918219,-0.682974620168,0.0130208333333,0.0304361979167,0.408927161462,0.5,post_contact,development,ALL
0.342871243041,ALL,4.38334579106,0.241574718578,phase,consequence_labels_shuffled,1536,0.368795515735,-0.178219768206,0.0709635416667,0.13916015625,0.443533413144,0.620787359289,pre_contact,development,ALL
0.272879978359,0,4.36254791401,0.198185118838,direction_family,consequence_labels_shuffled,2048,0.430310416675,-0.261327408828,0.05810546875,0.120910644531,0.316541579271,0.599092559419,ALL,development,ALL
0.303391602109,1,4.36254791401,0.226185766232,direction_family,consequence_labels_shuffled,2048,0.407837802892,-0.599462173747,0.06494140625,0.152282714844,0.383634980185,0.613092883116,ALL,development,ALL
0.274621167782,2,4.36254791401,0.199112317087,direction_family,consequence_labels_shuffled,2048,0.433314217945,-0.294506978866,0.04931640625,0.112670898438,0.308221244433,0.599556158544,ALL,development,ALL
0.409719321514,ALL,4.36254791401,0.294320201185,pooled,history_shuffled,6144,0.47964101731,-0.354383659785,0.0774739583333,0.156921386719,0.329075007509,0.647160100592,ALL,development,ALL
0.343349280269,ALL,4.61236403513,0.245167681659,task,history_shuffled,1536,0.36436229717,-0.213017631479,0.0696614583333,0.134765625,0.527979454512,0.62258384083,ALL,development,bowl_on_plate
0.502236980775,ALL,4.25888273829,0.359790470457,task,history_shuffled,1536,0.463875055159,-0.480024726836,0.078125,0.170247395833,0.291864123592,0.679895235229,ALL,development,plate_push
0.399766424921,ALL,4.30350085147,0.287799298793,task,history_shuffled,1536,0.500113945001,-0.747170140377,0.0709635416667,0.15185546875,0.289211939978,0.643899649396,ALL,development,stove_turn_on
0.39352460009,ALL,4.27544403116,0.28452335383,task,history_shuffled,1536,0.590212771912,-0.191839762317,0.0911458333333,0.170817057292,0.207244511952,0.642261676915,ALL,development,wine_rack
0.317614391187,ALL,4.30200294583,0.224541211368,phase,history_shuffled,1536,0.337333423948,-0.303795352381,0.044921875,0.111572265625,0.440413100931,0.612270605684,contact_onset,development,ALL
0.703965480273,ALL,4.33463829935,0.520583007022,phase,history_shuffled,1536,0.873122247503,-2.06492876022,0.14453125,0.269449869792,0.0449489609711,0.760291503511,free_space,development,ALL
0.209463054805,ALL,4.43020461982,0.145034552164,phase,history_shuffled,1536,0.314464840398,-0.682974620168,0.0384114583333,0.0906575520833,0.408927161462,0.572517276082,post_contact,development,ALL
0.407834359789,ALL,4.38334579106,0.287122034185,phase,history_shuffled,1536,0.393643557393,-0.121046261861,0.08203125,0.156005859375,0.42201080667,0.643561017093,pre_contact,development,ALL
0.392226786135,0,4.36254791401,0.279582952873,direction_family,history_shuffled,2048,0.483339425619,-0.273955275432,0.05615234375,0.144470214844,0.319710657188,0.639791476437,ALL,development,ALL
0.441601064786,1,4.36254791401,0.321712572302,direction_family,history_shuffled,2048,0.471074923289,-0.514191973007,0.103515625,0.186279296875,0.363182710473,0.660856286151,ALL,development,ALL
0.39533011362,2,4.36254791401,0.281665078379,direction_family,history_shuffled,2048,0.484508703024,-0.278170983435,0.07275390625,0.140014648438,0.304331654865,0.64083253919,ALL,development,ALL
0.337757523324,ALL,4.36254791401,0.234670722316,pooled,joint_state_nominal_shuffled_within_task,6144,0.476438864541,-0.399436152387,0.0769856770833,0.145263671875,0.340021425264,0.617335361158,ALL,development,ALL
0.324175987238,ALL,4.61236403513,0.225098663029,task,joint_state_nominal_shuffled_within_task,1536,0.382074279216,-0.221527621576,0.076171875,0.139485677083,0.531683522625,0.612549331515,ALL,development,bowl_on_plate
0.365651558599,ALL,4.25888273829,0.254253587678,task,joint_state_nominal_shuffled_within_task,1536,0.442729519264,-0.537038787517,0.0703125,0.148600260417,0.303107421459,0.627126793839,ALL,development,plate_push
0.303013882007,ALL,4.30350085147,0.209913519544,task,joint_state_nominal_shuffled_within_task,1536,0.471010336807,-0.892849692816,0.05859375,0.125325520833,0.313326515314,0.604956759772,ALL,development,stove_turn_on
0.358188665454,ALL,4.27544403116,0.249417119013,task,joint_state_nominal_shuffled_within_task,1536,0.609941322878,-0.219005397911,0.102864583333,0.167643229167,0.211968241659,0.624708559507,ALL,development,wine_rack
0.300688651962,ALL,4.30200294583,0.207015928018,phase,joint_state_nominal_shuffled_within_task,1536,0.356143414461,-0.280734968881,0.060546875,0.122233072917,0.432623462023,0.603507964009,contact_onset,development,ALL
0.481263674013,ALL,4.33463829935,0.340718457066,phase,joint_state_nominal_shuffled_within_task,1536,0.83460374432,-2.54071106986,0.137369791667,0.2109375,0.0519265849683,0.670359228533,free_space,development,ALL
0.284686433736,ALL,4.43020461982,0.195271871697,phase,joint_state_nominal_shuffled_within_task,1536,0.366514292837,-0.685104444864,0.0514322916667,0.122802734375,0.409444663721,0.597635935849,post_contact,development,ALL
0.284391333586,ALL,4.38334579106,0.195676632484,phase,joint_state_nominal_shuffled_within_task,1536,0.348494006547,-0.238142611883,0.05859375,0.125081380208,0.466090990345,0.597838316242,pre_contact,development,ALL
0.315736230587,0,4.36254791401,0.218073195464,direction_family,joint_state_nominal_shuffled_within_task,2048,0.490535852597,-0.287281383167,0.0517578125,0.142700195312,0.323054965064,0.609036597732,ALL,development,ALL
0.395139587897,1,4.36254791401,0.277728313964,direction_family,joint_state_nominal_shuffled_within_task,2048,0.452853555048,-0.578093038362,0.09912109375,0.161560058594,0.378509539918,0.638864156982,ALL,development,ALL
0.302396751489,2,4.36254791401,0.20821065752,direction_family,joint_state_nominal_shuffled_within_task,2048,0.48592718598,-0.337676047733,0.080078125,0.131530761719,0.31849977081,0.60410532876,ALL,development,ALL
0.333876886446,ALL,4.36254791401,0.241187544361,pooled,no_nominal_action,6144,0.44723618307,-0.388190736446,0.0621744791667,0.136922200521,0.337289123151,0.62059377218,ALL,development,ALL
0.35895790436,ALL,4.61236403513,0.260645152438,task,no_nominal_action,1536,0.357692914382,-0.265037203276,0.056640625,0.132080078125,0.55062155338,0.630322576219,ALL,development,bowl_on_plate
0.354490253393,ALL,4.25888273829,0.249804259212,task,no_nominal_action,1536,0.433246262478,-0.500404301456,0.0716145833333,0.141438802083,0.295883020424,0.624902129606,ALL,development,plate_push
0.345178626048,ALL,4.30350085147,0.252162347326,task,no_nominal_action,1536,0.478122794746,-0.740727198525,0.064453125,0.146728515625,0.288145429242,0.626081173663,ALL,development,stove_turn_on
0.276880761984,ALL,4.27544403116,0.202138418468,task,no_nominal_action,1536,0.519882760674,-0.233602574675,0.0559895833333,0.12744140625,0.214506489559,0.601069209234,ALL,development,wine_rack
0.171618225099,ALL,4.30200294583,0.11983337445,phase,no_nominal_action,1536,0.270685915946,-0.303795352381,0.0227864583333,0.0674641927083,0.440413100931,0.559916687225,contact_onset,development,ALL
0.68879451491,ALL,4.33463829935,0.512541482406,phase,no_nominal_action,1536,0.863183183289,-2.46722719723,0.124348958333,0.269205729167,0.0508489012826,0.756270741203,free_space,development,ALL
0.165685632499,ALL,4.43020461982,0.115908103041,phase,no_nominal_action,1536,0.300736329148,-0.682974620168,0.037109375,0.0830891927083,0.408927161462,0.557954051521,post_contact,development,ALL
0.309409173278,ALL,4.38334579106,0.216467217546,phase,no_nominal_action,1536,0.354339303898,-0.192654637841,0.064453125,0.1279296875,0.448967328929,0.608233608773,pre_contact,development,ALL
0.319721907951,0,4.36254791401,0.22908529936,direction_family,no_nominal_action,2048,0.453111958417,-0.269957490793,0.05810546875,0.127197265625,0.318707376791,0.61454264968,ALL,development,ALL
0.367281677703,1,4.36254791401,0.269345853389,direction_family,no_nominal_action,2048,0.434776533229,-0.605561386047,0.078125,0.162719726562,0.385097891423,0.634672926694,ALL,development,ALL
0.314627073685,2,4.36254791401,0.225131480334,direction_family,no_nominal_action,2048,0.453820057564,-0.29383858894,0.05029296875,0.120849609375,0.30806210124,0.612565740167,ALL,development,ALL
0.335742845868,ALL,4.36254791401,0.245749617197,pooled,nominal_action_shuffled_within_task,6144,0.444945821609,-0.375302523497,0.06787109375,0.136983235677,0.334157670152,0.622874808599,ALL,development,ALL
0.320311434368,ALL,4.61236403513,0.236603647572,task,nominal_action_shuffled_within_task,1536,0.341527138614,-0.260740795833,0.05859375,0.125569661458,0.548751494117,0.618301823786,ALL,development,bowl_on_plate
0.320588592835,ALL,4.25888273829,0.232413760301,task,nominal_action_shuffled_within_task,1536,0.393757765604,-0.500404301456,0.0657552083333,0.1201171875,0.295883020424,0.61620688015,ALL,development,plate_push
0.336133817366,ALL,4.30350085147,0.248203958995,task,nominal_action_shuffled_within_task,1536,0.469029480765,-0.735960475811,0.0592447916667,0.142008463542,0.28735638581,0.624101979498,ALL,development,stove_turn_on
0.365937538905,ALL,4.27544403116,0.265777101921,task,nominal_action_shuffled_within_task,1536,0.575468901452,-0.17686024477,0.087890625,0.160237630208,0.204639780258,0.632888550961,ALL,development,wine_rack
0.155128123668,ALL,4.30200294583,0.115256819676,phase,nominal_action_shuffled_within_task,1536,0.257820964214,-0.303795352381,0.025390625,0.0642903645833,0.440413100931,0.557628409838,contact_onset,development,ALL
0.731364827797,ALL,4.33463829935,0.545557115917,phase,nominal_action_shuffled_within_task,1536,0.873402030852,-2.23880621285,0.139322916667,0.277587890625,0.0474989748356,0.772778557959,free_space,development,ALL
0.0396876578794,ALL,4.43020461982,0.0278978435464,phase,nominal_action_shuffled_within_task,1536,0.249607752364,-0.682974620168,0.0208333333333,0.044677734375,0.408927161462,0.513948921773,post_contact,development,ALL
0.41679077413,ALL,4.38334579106,0.294286689649,phase,nominal_action_shuffled_within_task,1536,0.398952539006,-0.168279451161,0.0859375,0.161376953125,0.43979144338,0.647143344825,pre_contact,development,ALL
0.322690879196,0,4.36254791401,0.23416774725,direction_family,nominal_action_shuffled_within_task,2048,0.449588111969,-0.270920234086,0.0595703125,0.125610351562,0.318948985972,0.617083873625,ALL,development,ALL
0.360476550352,1,4.36254791401,0.268183489608,direction_family,nominal_action_shuffled_within_task,2048,0.434327899798,-0.567596258618,0.0869140625,0.165344238281,0.375991861191,0.634091744804,ALL,development,ALL
0.324061108058,2,4.36254791401,0.234897614734,direction_family,nominal_action_shuffled_within_task,2048,0.45092145306,-0.291612887819,0.05712890625,0.119995117188,0.307532163294,0.617448807367,ALL,development,ALL
0.342635395229,ALL,4.36254791401,0.23820688866,pooled,soft_routing_labels_shuffled,6144,0.485621786313,-0.390598572068,0.0804036458333,0.152323404948,0.337874155701,0.61910344433,ALL,development,ALL
0.32544786439,ALL,4.61236403513,0.226662152577,task,soft_routing_labels_shuffled,1536,0.38253234997,-0.177534302223,0.0768229166667,0.141520182292,0.51253493966,0.613331076288,ALL,development,bowl_on_plate
0.335838810806,ALL,4.25888273829,0.232908177606,task,soft_routing_labels_shuffled,1536,0.439381726731,-0.598086855013,0.0690104166667,0.144612630208,0.31514623432,0.616454088803,ALL,development,plate_push
0.350724808827,ALL,4.30350085147,0.244192701973,task,soft_routing_labels_shuffled,1536,0.503769200406,-0.841412957509,0.0716145833333,0.148681640625,0.304812108125,0.622096350987,ALL,development,stove_turn_on
0.358530096893,ALL,4.27544403116,0.249064522485,task,soft_routing_labels_shuffled,1536,0.616803868144,-0.259463457271,0.104166666667,0.174479166667,0.219003340698,0.624532261243,ALL,development,wine_rack
0.26400838791,ALL,4.30200294583,0.181082897278,phase,soft_routing_labels_shuffled,1536,0.351613620478,-0.284187740765,0.0553385416667,0.118489583333,0.433789784612,0.590541448639,contact_onset,development,ALL
0.521364006496,ALL,4.33463829935,0.369999089926,phase,soft_routing_labels_shuffled,1536,0.852361380413,-2.22182793704,0.146484375,0.22802734375,0.0472499785567,0.684999544963,free_space,development,ALL
0.277511568475,ALL,4.43020461982,0.190040769575,phase,soft_routing_labels_shuffled,1536,0.372649953991,-0.703525332335,0.052734375,0.129313151042,0.413920548939,0.595020384787,post_contact,development,ALL
0.307657618036,ALL,4.38334579106,0.211704797862,phase,soft_routing_labels_shuffled,1536,0.36586219037,-0.212761181512,0.0670572916667,0.133463541667,0.456536310695,0.605852398931,pre_contact,development,ALL
0.318937771105,0,4.36254791401,0.220525704615,direction_family,soft_routing_labels_shuffled,2048,0.500149836895,-0.330211426911,0.0537109375,0.150512695312,0.333828649795,0.610262852307,ALL,development,ALL
0.407709661974,1,4.36254791401,0.286436482575,direction_family,soft_routing_labels_shuffled,2048,0.463129046775,-0.426026992562,0.10400390625,0.168579101562,0.34203612065,0.643218241288,ALL,development,ALL
0.301258752608,2,4.36254791401,0.20765847879,direction_family,soft_routing_labels_shuffled,2048,0.493586475269,-0.418557946235,0.08349609375,0.137878417969,0.337757696658,0.603829239395,ALL,development,ALL
0.474498266555,ALL,4.36254791401,0.340303583413,pooled,state_shuffled_within_task,6144,0.506149572021,-0.32994919897,0.08740234375,0.173706054688,0.323138159173,0.670151791707,ALL,development,ALL
0.402552113751,ALL,4.61236403513,0.286839457364,task,state_shuffled_within_task,1536,0.390429611443,-0.168988107131,0.078125,0.157307942708,0.508815112919,0.643419728682,ALL,development,bowl_on_plate
0.524352237914,ALL,4.25888273829,0.380757629904,task,state_shuffled_within_task,1536,0.466779155168,-0.500404301456,0.0807291666667,0.170166015625,0.295883020424,0.690378814952,ALL,development,plate_push
0.499242461066,ALL,4.30350085147,0.354883488577,task,state_shuffled_within_task,1536,0.536992590683,-0.697440428278,0.0859375,0.173665364583,0.280980099141,0.677441744289,ALL,development,stove_turn_on
0.471846253488,ALL,4.27544403116,0.338733757808,task,state_shuffled_within_task,1536,0.630396930791,-0.18971131452,0.104817708333,0.193684895833,0.206874404209,0.669366878904,ALL,development,wine_rack
0.419789221079,ALL,4.30200294583,0.296465665641,phase,state_shuffled_within_task,1536,0.382471662827,-0.219565654952,0.0696614583333,0.140462239583,0.411960888575,0.648232832821,contact_onset,development,ALL
0.65531765804,ALL,4.33463829935,0.483818133379,phase,state_shuffled_within_task,1536,0.856499546203,-2.43848023648,0.136067708333,0.255615234375,0.0504273104015,0.741909066689,free_space,development,ALL
0.427562530154,ALL,4.43020461982,0.299869878078,phase,state_shuffled_within_task,1536,0.403208179139,-0.682974620168,0.0670572916667,0.154215494792,0.408927161462,0.649934939039,post_contact,development,ALL
0.395323656945,ALL,4.38334579106,0.281060656555,phase,state_shuffled_within_task,1536,0.382418899916,-0.118991424954,0.0768229166667,0.14453125,0.421237276255,0.640530328278,pre_contact,development,ALL
0.454356019907,0,4.36254791401,0.323743372732,direction_family,state_shuffled_within_task,2048,0.507194987526,-0.22235768766,0.06396484375,0.158325195312,0.306761773491,0.661871686366,ALL,development,ALL
0.51229907953,1,4.36254791401,0.372135616872,direction_family,state_shuffled_within_task,2048,0.504766343973,-0.531487123926,0.11865234375,0.206726074219,0.367330995433,0.686067808436,ALL,development,ALL
0.456839700227,2,4.36254791401,0.325031760636,direction_family,state_shuffled_within_task,2048,0.506487384565,-0.240329859448,0.07958984375,0.156066894531,0.295321708595,0.662515880318,ALL,development,ALL
0.297038286469,ALL,0,0.203371501703,pooled,B3_dynamic_action_medoids,15360,0.476268905763,-0.3452974506,0.0516276041667,0.153564453125,0.320820830092,0.601685750851,ALL,confirmation,ALL
0.288340517329,ALL,0,0.19676891811,task,B3_dynamic_action_medoids,3840,0.467983641546,-0.133952937299,0.0515625,0.15439453125,0.331181769495,0.598384459055,ALL,confirmation,bowl_on_plate
0.312458920664,ALL,0,0.214359826423,task,B3_dynamic_action_medoids,3840,0.44685792558,-0.378115869413,0.0533854166667,0.148893229167,0.292113562928,0.607179913212,ALL,confirmation,plate_push
0.266892280241,ALL,0,0.182422331683,task,B3_dynamic_action_medoids,3840,0.475748275853,-0.907584402456,0.0453125,0.14609375,0.33840623206,0.591211165841,ALL,confirmation,stove_turn_on
0.320461427642,ALL,0,0.219934930596,task,B3_dynamic_action_medoids,3840,0.514485780074,-0.18021526032,0.05625,0.164876302083,0.321581755885,0.609967465298,ALL,confirmation,wine_rack
0.24686288521,ALL,0,0.168069796779,phase,B3_dynamic_action_medoids,3840,0.356530467737,-0.261516542976,0.0388020833333,0.12236328125,0.396237285247,0.584034898389,contact_onset,confirmation,ALL
0.425205497459,ALL,0,0.293877591693,phase,B3_dynamic_action_medoids,3840,0.850134730853,-2.22142212603,0.0674479166667,0.23232421875,0.0482967704089,0.646938795847,free_space,confirmation,ALL
0.249809558053,ALL,0,0.169939746223,phase,B3_dynamic_action_medoids,3840,0.338660447128,-0.476324440977,0.04765625,0.12197265625,0.436330224517,0.584969873111,post_contact,confirmation,ALL
0.266275205154,ALL,0,0.181598872117,phase,B3_dynamic_action_medoids,3840,0.359749977336,-0.222181349875,0.0526041666667,0.13759765625,0.402419040196,0.590799436058,pre_contact,confirmation,ALL
0.275551668489,0,0,0.187493642252,direction_family,B3_dynamic_action_medoids,5120,0.484215758331,-0.257122783486,0.0390625,0.151440429687,0.296903671393,0.593746821126,ALL,confirmation,ALL
0.348828097116,1,0,0.240220607636,direction_family,B3_dynamic_action_medoids,5120,0.470100117036,-0.512953642303,0.0779296875,0.16748046875,0.352831423884,0.620110303818,ALL,confirmation,ALL
0.266735093803,2,0,0.182400255221,direction_family,B3_dynamic_action_medoids,5120,0.474490841923,-0.271026881503,0.037890625,0.141772460938,0.312727395,0.59120012761,ALL,confirmation,ALL
0.250612672599,ALL,0.0799975141983,0.169903650636,pooled,B4_state_action_vq,15360,0.42299766834,-0.413098292858,0.0378255208333,0.111865234375,0.336989687384,0.584951825318,ALL,confirmation,ALL
0.206313434322,ALL,0.0883838315076,0.139347482209,task,B4_state_action_vq,3840,0.399200184588,-0.256852639935,0.0291666666667,0.101953125,0.367075799706,0.569673741104,ALL,confirmation,bowl_on_plate
0.27580269892,ALL,0.07733684976,0.18720877071,task,B4_state_action_vq,3840,0.408591193961,-0.515339360726,0.0390625,0.117513020833,0.321200263005,0.593604385355,ALL,confirmation,plate_push
0.211177873168,ALL,0.0746480632946,0.142339549971,task,B4_state_action_vq,3840,0.420396783702,-0.812352068174,0.0377604166667,0.1072265625,0.321511978064,0.571169774986,ALL,confirmation,stove_turn_on
0.309156683983,ALL,0.0796213122309,0.210718799655,task,B4_state_action_vq,3840,0.46380251111,-0.241097244386,0.0453125,0.120768229167,0.338170708762,0.605359399827,ALL,confirmation,wine_rack
0.187130760798,ALL,0.0764319596328,0.125996653594,phase,B4_state_action_vq,3840,0.304337651149,-0.306706899893,0.02890625,0.08740234375,0.410431395062,0.562998326797,contact_onset,confirmation,ALL
0.404362731295,ALL,0.0886364692785,0.275249088969,phase,B4_state_action_vq,3840,0.794199528669,-2.85356303718,0.0596354166667,0.17412109375,0.057774064367,0.637624544484,free_space,confirmation,ALL
0.220751908841,ALL,0.0773320830831,0.149635161672,phase,B4_state_action_vq,3840,0.294291287559,-0.583938796631,0.0307291666667,0.0902994791667,0.468135832187,0.574817580836,post_contact,confirmation,ALL
0.19020528946,ALL,0.0775895447987,0.12873369831,phase,B4_state_action_vq,3840,0.299162205984,-0.250117738238,0.03203125,0.0956380208333,0.411617457921,0.564366849155,pre_contact,confirmation,ALL
0.260231689906,0,0.0799975141983,0.177037829506,direction_family,B4_state_action_vq,5120,0.437014406544,-0.400292156405,0.0408203125,0.11962890625,0.330717005308,0.588518914753,ALL,confirmation,ALL
0.263683822327,1,0.0799975141983,0.178670494782,direction_family,B4_state_action_vq,5120,0.402272067137,-0.448647896308,0.04921875,0.109838867187,0.337834871915,0.589335247391,ALL,confirmation,ALL
0.227922505563,2,0.0799975141983,0.154002627621,direction_family,B4_state_action_vq,5120,0.42970653134,-0.391695942514,0.0234375,0.106127929687,0.342417184929,0.577001313811,ALL,confirmation,ALL
0.317040101442,ALL,0.574371328131,0.239096259474,pooled,B5_local_knn_consequence,15360,0.407770032342,-0.467455124726,0.0107421875,0.0823567708333,0.3499524741,0.619548129737,ALL,confirmation,ALL
0.23572460537,ALL,0.579108428974,0.180896836135,task,B5_local_knn_consequence,3840,0.366638442422,-0.308195781095,0.01015625,0.0740885416667,0.382071053726,0.590448418067,ALL,confirmation,bowl_on_plate
0.373636295728,ALL,0.576552969839,0.281573860668,task,B5_local_knn_consequence,3840,0.410632406615,-0.469393558002,0.0119791666667,0.0928059895833,0.311461319834,0.640786930334,ALL,confirmation,plate_push
0.42103872617,ALL,0.572476124989,0.311927391439,task,B5_local_knn_consequence,3840,0.437975841926,-1.03614954653,0.009375,0.0921875,0.361213739778,0.65596369572,ALL,confirmation,stove_turn_on
0.2377607785,ALL,0.569347788723,0.181986949654,task,B5_local_knn_consequence,3840,0.415833438403,-0.266395046048,0.0114583333333,0.0703450520833,0.345063783061,0.590993474827,ALL,confirmation,wine_rack
0.131132793778,ALL,0.566367162749,0.0930446195992,phase,B5_local_knn_consequence,3840,0.249724809901,-0.443133314069,0.00885416666667,0.0520833333333,0.453282384444,0.5465223098,contact_onset,confirmation,ALL
0.782434752579,ALL,0.574870015377,0.612213567265,phase,B5_local_knn_consequence,3840,0.856711299203,-1.7732741875,0.01328125,0.156705729167,0.0415779681999,0.806106783633,free_space,confirmation,ALL
0.162510040868,ALL,0.58327664295,0.115630109452,phase,B5_local_knn_consequence,3840,0.233405173268,-0.604136995125,0.00651041666667,0.0481770833333,0.474105444448,0.557815054726,post_contact,confirmation,ALL
0.192082818544,ALL,0.57297149145,0.13549674158,phase,B5_local_knn_consequence,3840,0.291238846994,-0.308510707197,0.0143229166667,0.0724609375,0.430844099307,0.56774837079,pre_contact,confirmation,ALL
0.341628570699,0,0.574371328131,0.261338086764,direction_family,B5_local_knn_consequence,5120,0.434527649583,-0.400518449554,0.0185546875,0.10166015625,0.330770450578,0.630669043382,ALL,confirmation,ALL
0.278954634643,1,0.574371328131,0.204457443531,direction_family,B5_local_knn_consequence,5120,0.373209116802,-0.588524026723,0.0056640625,0.0544677734375,0.370454968712,0.602228721766,ALL,confirmation,ALL
0.330537098984,2,0.574371328131,0.251493248127,direction_family,B5_local_knn_consequence,5120,0.41557333064,-0.4169550051,0.0080078125,0.0909423828125,0.348632003009,0.625746624064,ALL,confirmation,ALL
0.545524073714,ALL,0.0562381014093,0.408940519073,pooled,C0_stage2_ncea_reproduction,15360,0.521926500146,-0.187056636754,0.1095703125,0.244099934896,0.283084231967,0.704470259537,ALL,confirmation,ALL
0.494905438511,ALL,0.068866491837,0.380583422397,task,C0_stage2_ncea_reproduction,3840,0.49049924998,-0.115767280128,0.11171875,0.241666666667,0.325870474887,0.690291711199,ALL,confirmation,bowl_on_plate
0.580656275112,ALL,0.0513143394225,0.432555697736,task,C0_stage2_ncea_reproduction,3840,0.493633595002,-0.245916308074,0.096875,0.231217447917,0.264091764662,0.716277848868,ALL,confirmation,plate_push
0.565057987064,ALL,0.0486047958172,0.42345354989,task,C0_stage2_ncea_reproduction,3840,0.549311416244,-0.39297488893,0.109375,0.2501953125,0.247114299588,0.711726774945,ALL,confirmation,stove_turn_on
0.541476594169,ALL,0.0561667785607,0.399169406269,task,C0_stage2_ncea_reproduction,3840,0.554261739359,-0.0836150066683,0.1203125,0.2533203125,0.295260388731,0.699584703135,ALL,confirmation,wine_rack
0.426505802025,ALL,0.0550579650078,0.301228886823,phase,C0_stage2_ncea_reproduction,3840,0.386049559362,-0.157841268028,0.0768229166667,0.15419921875,0.363673297306,0.650614443411,contact_onset,confirmation,ALL
0.892812329017,ALL,0.070897422241,0.719617158078,phase,C0_stage2_ncea_reproduction,3840,0.951548611662,-0.300746783305,0.241666666667,0.512825520833,0.0195012843072,0.859808579039,free_space,confirmation,ALL
0.426569101413,ALL,0.0476307744672,0.301496920724,phase,C0_stage2_ncea_reproduction,3840,0.382280879967,-0.304718124115,0.06171875,0.156770833333,0.385611682788,0.650748460362,post_contact,confirmation,ALL
0.436209062402,ALL,0.0513662439213,0.313419110669,phase,C0_stage2_ncea_reproduction,3840,0.367826949595,-0.104134735787,0.0580729166667,0.152604166667,0.363550663465,0.656709555334,pre_contact,confirmation,ALL
0.537999568613,0,0.0562381014093,0.402343826622,direction_family,C0_stage2_ncea_reproduction,5120,0.522765844883,-0.175308021736,0.1193359375,0.232055664062,0.277580894448,0.701171913311,ALL,confirmation,ALL
0.556564188471,1,0.0562381014093,0.418584450861,direction_family,C0_stage2_ncea_reproduction,5120,0.529910916124,-0.177965503691,0.1255859375,0.276611328125,0.27470983534,0.70929222543,ALL,confirmation,ALL
0.542008464059,2,0.0562381014093,0.405893279737,direction_family,C0_stage2_ncea_reproduction,5120,0.513102739432,-0.206950998694,0.0837890625,0.2236328125,0.296961966113,0.702946639869,ALL,confirmation,ALL
0.302825798077,ALL,0.0562381014093,0.208068344415,pooled,C1_NC_VECTOR,15360,0.458035633988,-0.392513187449,0.0524739583333,0.146793619792,0.332080638756,0.604034172207,ALL,confirmation,ALL
0.292026118378,ALL,0.068866491837,0.201626519466,task,C1_NC_VECTOR,3840,0.442157394381,-0.267466576327,0.0565104166667,0.145930989583,0.370175701052,0.600813259733,ALL,confirmation,bowl_on_plate
0.267755517875,ALL,0.0513143394225,0.183052124652,task,C1_NC_VECTOR,3840,0.412217859806,-0.500908085613,0.03515625,0.122233072917,0.318141324867,0.591526062326,ALL,confirmation,plate_push
0.330144887188,ALL,0.0486047958172,0.227664479056,task,C1_NC_VECTOR,3840,0.483785616956,-0.626204352994,0.05625,0.162044270833,0.288489299319,0.613832239528,ALL,confirmation,stove_turn_on
0.321376668868,ALL,0.0561667785607,0.219930254484,task,C1_NC_VECTOR,3840,0.493981664811,-0.290075730511,0.0619791666667,0.156966145833,0.351516229785,0.609965127242,ALL,confirmation,wine_rack
0.215235558462,ALL,0.0550579650078,0.147276689227,phase,C1_NC_VECTOR,3840,0.318772855949,-0.343513676588,0.0328125,0.100748697917,0.421992255962,0.573638344613,contact_onset,confirmation,ALL
0.455362550676,ALL,0.070897422241,0.314871852469,phase,C1_NC_VECTOR,3840,0.855134197834,-2.03968621306,0.101822916667,0.261002604167,0.0455721173456,0.657435926234,free_space,confirmation,ALL
0.28859870045,ALL,0.0476307744672,0.198008433628,phase,C1_NC_VECTOR,3840,0.328486485281,-0.469162468296,0.03515625,0.110970052083,0.434213491189,0.599004216814,post_contact,confirmation,ALL
0.252106382721,ALL,0.0513662439213,0.172116402335,phase,C1_NC_VECTOR,3840,0.329748996889,-0.295453031737,0.0401041666667,0.114453125,0.426544690527,0.586058201167,pre_contact,confirmation,ALL
0.311543716372,0,0.0562381014093,0.214671436698,direction_family,C1_NC_VECTOR,5120,0.466209988501,-0.406865300937,0.048046875,0.14375,0.332269431825,0.607335718349,ALL,confirmation,ALL
0.314915357864,1,0.0562381014093,0.216293424691,direction_family,C1_NC_VECTOR,5120,0.452840875619,-0.394296178438,0.0619140625,0.14970703125,0.325159669271,0.608146712345,ALL,confirmation,ALL
0.282018319996,2,0.0562381014093,0.193240171855,direction_family,C1_NC_VECTOR,5120,0.455056037845,-0.37704659958,0.0474609375,0.146923828125,0.338812815171,0.596620085928,ALL,confirmation,ALL
0.3962257243,ALL,0.0562381014093,0.279682674191,pooled,C2_NC_TEMPORAL_VECTOR,15360,0.466063337291,-0.379538960449,0.0595052083333,0.158349609375,0.32898660013,0.639841337095,ALL,confirmation,ALL
0.383929668065,ALL,0.068866491837,0.273419678069,task,C2_NC_TEMPORAL_VECTOR,3840,0.45113689985,-0.200596862586,0.0643229166667,0.160514322917,0.350645763438,0.636709839034,ALL,confirmation,bowl_on_plate
0.357380276713,ALL,0.0513143394225,0.248340770099,task,C2_NC_TEMPORAL_VECTOR,3840,0.428256833118,-0.418078180227,0.0447916666667,0.141471354167,0.300584209884,0.62417038505,ALL,confirmation,plate_push
0.451933918025,ALL,0.0486047958172,0.322143471556,task,C2_NC_TEMPORAL_VECTOR,3840,0.492100788442,-0.74093404744,0.0848958333333,0.176497395833,0.308842392767,0.661071735778,ALL,confirmation,stove_turn_on
0.391659034396,ALL,0.0561667785607,0.27482677704,task,C2_NC_TEMPORAL_VECTOR,3840,0.492758827753,-0.306069011997,0.0440104166667,0.154915364583,0.355874034429,0.63741338852,ALL,confirmation,wine_rack
0.232397133319,ALL,0.0550579650078,0.159838108153,phase,C2_NC_TEMPORAL_VECTOR,3840,0.321297933899,-0.363754124963,0.0276041666667,0.104427083333,0.428349699596,0.579919054077,contact_onset,confirmation,ALL
0.686208232382,ALL,0.070897422241,0.49775882731,phase,C2_NC_TEMPORAL_VECTOR,3840,0.878875394497,-1.41191009769,0.141145833333,0.294498697917,0.0361602620451,0.748879413655,free_space,confirmation,ALL
0.363969216808,ALL,0.0476307744672,0.252402775604,phase,C2_NC_TEMPORAL_VECTOR,3840,0.336544993705,-0.466543717366,0.0309895833333,0.118001302083,0.433439514853,0.626201387802,post_contact,confirmation,ALL
0.302328314689,ALL,0.0513662439213,0.208730985697,phase,C2_NC_TEMPORAL_VECTOR,3840,0.327535027062,-0.269492727279,0.03828125,0.116471354167,0.417996924024,0.604365492848,pre_contact,confirmation,ALL
0.390915043886,0,0.0562381014093,0.276113735367,direction_family,C2_NC_TEMPORAL_VECTOR,5120,0.468215395495,-0.385470287982,0.0439453125,0.145434570313,0.327216418723,0.638056867683,ALL,confirmation,ALL
0.422673589344,1,0.0562381014093,0.299263505142,direction_family,C2_NC_TEMPORAL_VECTOR,5120,0.474802615923,-0.379204534978,0.0767578125,0.189208984375,0.321640191938,0.649631752571,ALL,confirmation,ALL
0.375088539669,2,0.0562381014093,0.263670782064,direction_family,C2_NC_TEMPORAL_VECTOR,5120,0.455172000454,-0.374162448629,0.0578125,0.140405273438,0.338103189728,0.631835391032,ALL,confirmation,ALL
0.661101236902,ALL,4.18276829256,0.524331387391,pooled,C3_NC_BIENCODER,15360,0.608202016026,0,0.222721354167,0.365218098958,0.238475758613,0.762165693695,ALL,confirmation,ALL
0.594931534104,ALL,4.23887017078,0.469054918081,task,C3_NC_BIENCODER,3840,0.556657749772,0,0.186458333333,0.328190104167,0.292059536689,0.73452745904,ALL,confirmation,bowl_on_plate
0.72528239504,ALL,4.17840269636,0.570799162206,task,C3_NC_BIENCODER,3840,0.594201763777,0,0.207552083333,0.354459635417,0.211965894459,0.785399581103,ALL,confirmation,plate_push
0.701578489437,ALL,4.11249238746,0.559437544737,task,C3_NC_BIENCODER,3840,0.677275268251,0,0.252864583333,0.406380208333,0.177400397919,0.779718772369,ALL,confirmation,stove_turn_on
0.622612529029,ALL,4.20130791564,0.498033924539,task,C3_NC_BIENCODER,3840,0.604673282303,0,0.244010416667,0.371842447917,0.272477205385,0.749016962269,ALL,confirmation,wine_rack
0.575640771013,ALL,4.08629310911,0.426313536534,phase,C3_NC_BIENCODER,3840,0.478618120598,0,0.130208333333,0.226725260417,0.31409598824,0.713156768267,contact_onset,confirmation,ALL
0.970952165042,ALL,4.31489518495,0.861638060772,phase,C3_NC_BIENCODER,3840,0.989277209795,0,0.526041666667,0.762760416667,0.014992375578,0.930819030386,free_space,confirmation,ALL
0.581707288251,ALL,4.1723848877,0.432465757635,phase,C3_NC_BIENCODER,3840,0.518364320893,0,0.120052083333,0.260286458333,0.29555171777,0.716232878817,post_contact,confirmation,ALL
0.516104723303,ALL,4.15749998848,0.376908194622,phase,C3_NC_BIENCODER,3840,0.446548412818,0,0.114583333333,0.211100260417,0.329262952865,0.688454097311,pre_contact,confirmation,ALL
0.655066088926,0,4.18276829256,0.517992764102,direction_family,C3_NC_BIENCODER,5120,0.604491956582,0,0.21796875,0.349682617187,0.236177146173,0.758996382051,ALL,confirmation,ALL
0.670841721068,1,4.18276829256,0.532924363131,direction_family,C3_NC_BIENCODER,5120,0.618399050194,0,0.2685546875,0.389331054688,0.233207028966,0.766462181565,ALL,confirmation,ALL
0.657395900713,2,4.18276829256,0.52207703494,direction_family,C3_NC_BIENCODER,5120,0.601715041302,0,0.181640625,0.356640625,0.246043100701,0.76103851747,ALL,confirmation,ALL
0.317007220768,ALL,4.18276829256,0.228404991233,pooled,C4_NC_PAIR_RANKER,15360,0.434622422801,-0.208234138108,0.0482421875,0.132014973958,0.288134552668,0.614202495617,ALL,confirmation,ALL
0.320860675636,ALL,4.23887017078,0.232666779281,task,C4_NC_PAIR_RANKER,3840,0.416864218614,-0.058581511316,0.0416666666667,0.130436197917,0.309168825743,0.61633338964,ALL,confirmation,bowl_on_plate
0.300912083695,ALL,4.17840269636,0.215126980374,task,C4_NC_PAIR_RANKER,3840,0.406674686657,-0.396108449403,0.0377604166667,0.122037760417,0.295927376239,0.607563490187,ALL,confirmation,plate_push
0.299262708714,ALL,4.11249238746,0.218106247819,task,C4_NC_PAIR_RANKER,3840,0.427680807931,-0.498785803853,0.0463541666667,0.1271484375,0.265885197999,0.60905312391,ALL,confirmation,stove_turn_on
0.346993415027,ALL,4.20130791564,0.247719957459,task,C4_NC_PAIR_RANKER,3840,0.487269978001,-0.0333224399138,0.0671875,0.1484375,0.28155681069,0.62385997873,ALL,confirmation,wine_rack
0.124375596346,ALL,4.08629310911,0.0894469129779,phase,C4_NC_PAIR_RANKER,3840,0.268572533202,-0.168158674185,0.0229166666667,0.0669270833333,0.366913953189,0.544723456489,contact_onset,confirmation,ALL
0.686600728831,ALL,4.31489518495,0.504915818281,phase,C4_NC_PAIR_RANKER,3840,0.859677821522,-1.2842016195,0.0903645833333,0.260970052083,0.0342456085754,0.752457909141,free_space,confirmation,ALL
0.0555718755339,ALL,4.1723848877,0.0386778469621,phase,C4_NC_PAIR_RANKER,3840,0.228893478305,-0.388007533519,0.0158854166667,0.0499348958333,0.41022801081,0.519338923481,post_contact,confirmation,ALL
0.401480682362,ALL,4.15749998848,0.280579386712,phase,C4_NC_PAIR_RANKER,3840,0.381345858174,-0.0361039258407,0.0638020833333,0.150227864583,0.341150638097,0.640289693356,pre_contact,confirmation,ALL
0.310743089805,0,4.18276829256,0.22254821078,direction_family,C4_NC_PAIR_RANKER,5120,0.437043758556,-0.164019575674,0.0345703125,0.113256835937,0.274914821472,0.61127410539,ALL,confirmation,ALL
0.332844341281,1,4.18276829256,0.241915300926,direction_family,C4_NC_PAIR_RANKER,5120,0.435021416103,-0.294533291143,0.0775390625,0.162963867188,0.301894262724,0.620957650463,ALL,confirmation,ALL
0.307434231218,2,4.18276829256,0.220751461994,direction_family,C4_NC_PAIR_RANKER,5120,0.431802093743,-0.168878838654,0.0326171875,0.11982421875,0.287594573806,0.610375730997,ALL,confirmation,ALL
0.317007220768,ALL,4.18276829256,0.228404991233,pooled,C5_NCER_AA,15360,0.434622422801,-0.276580482495,0.0482421875,0.132014973958,0.304433498994,0.614202495617,ALL,confirmation,ALL
0.320860675636,ALL,4.23887017078,0.232666779281,task,C5_NCER_AA,3840,0.416864218614,-0.160137982778,0.0416666666667,0.130436197917,0.338829361746,0.61633338964,ALL,confirmation,bowl_on_plate
0.300912083695,ALL,4.17840269636,0.215126980374,task,C5_NCER_AA,3840,0.406674686657,-0.396108449403,0.0377604166667,0.122037760417,0.295927376239,0.607563490187,ALL,confirmation,plate_push
0.299262708714,ALL,4.11249238746,0.218106247819,task,C5_NCER_AA,3840,0.427680807931,-0.597425453926,0.0463541666667,0.1271484375,0.283383911173,0.60905312391,ALL,confirmation,stove_turn_on
0.346993415027,ALL,4.20130791564,0.247719957459,task,C5_NCER_AA,3840,0.487269978001,-0.0995171004986,0.0671875,0.1484375,0.299593346817,0.62385997873,ALL,confirmation,wine_rack
0.124375596346,ALL,4.08629310911,0.0894469129779,phase,C5_NCER_AA,3840,0.268572533202,-0.170753824593,0.0229166666667,0.0669270833333,0.367729079521,0.544723456489,contact_onset,confirmation,ALL
0.686600728831,ALL,4.31489518495,0.504915818281,phase,C5_NCER_AA,3840,0.859677821522,-2.32333769467,0.0903645833333,0.260970052083,0.0498247268912,0.752457909141,free_space,confirmation,ALL
0.0555718755339,ALL,4.1723848877,0.0386778469621,phase,C5_NCER_AA,3840,0.228893478305,-0.394501283008,0.0158854166667,0.0499348958333,0.412147249626,0.519338923481,post_contact,confirmation,ALL
0.401480682362,ALL,4.15749998848,0.280579386712,phase,C5_NCER_AA,3840,0.381345858174,-0.17848952201,0.0638020833333,0.150227864583,0.388032939937,0.640289693356,pre_contact,confirmation,ALL
0.310743089805,0,4.18276829256,0.22254821078,direction_family,C5_NCER_AA,5120,0.437043758556,-0.224037481733,0.0345703125,0.113256835937,0.289089679244,0.61127410539,ALL,confirmation,ALL
0.332844341281,1,4.18276829256,0.241915300926,direction_family,C5_NCER_AA,5120,0.435021416103,-0.367601047751,0.0775390625,0.162963867188,0.318934177156,0.620957650463,ALL,confirmation,ALL
0.307434231218,2,4.18276829256,0.220751461994,direction_family,C5_NCER_AA,5120,0.431802093743,-0.24074456756,0.0326171875,0.11982421875,0.305276640581,0.610375730997,ALL,confirmation,ALL
0.360795001792,ALL,4.18276829256,0.252599888061,pooled,C6_SOFT_MIXTURE_NCER_AA,15360,0.485476700484,-0.311130360227,0.0589192708333,0.161857096354,0.312672807296,0.62629994403,ALL,confirmation,ALL
0.382495853412,ALL,4.23887017078,0.271238903621,task,C6_SOFT_MIXTURE_NCER_AA,3840,0.480880133468,-0.167160283216,0.0596354166667,0.1671875,0.340880291558,0.63561945181,ALL,confirmation,bowl_on_plate
0.338426166613,ALL,4.17840269636,0.23329827992,task,C6_SOFT_MIXTURE_NCER_AA,3840,0.448962176132,-0.520335652315,0.0533854166667,0.15126953125,0.32225930642,0.61664913996,ALL,confirmation,plate_push
0.373305087562,ALL,4.11249238746,0.264927490061,task,C6_SOFT_MIXTURE_NCER_AA,3840,0.494962390796,-0.562961137672,0.0682291666667,0.16220703125,0.277269927755,0.63246374503,ALL,confirmation,stove_turn_on
0.348952899582,ALL,4.20130791564,0.240934878641,task,C6_SOFT_MIXTURE_NCER_AA,3840,0.517102101541,-0.138743708895,0.0544270833333,0.166764322917,0.31028170345,0.620467439321,ALL,confirmation,wine_rack
0.25128038071,ALL,4.08629310911,0.171175750036,phase,C6_SOFT_MIXTURE_NCER_AA,3840,0.357070342136,-0.21261921075,0.0393229166667,0.122721354167,0.380878829359,0.585587875018,contact_onset,confirmation,ALL
0.59052466599,ALL,4.31489518495,0.425304578579,phase,C6_SOFT_MIXTURE_NCER_AA,3840,0.872350866611,-1.92717987862,0.0861979166667,0.257486979167,0.0438853801248,0.71265228929,free_space,confirmation,ALL
0.253149984977,ALL,4.1723848877,0.172259540928,phase,C6_SOFT_MIXTURE_NCER_AA,3840,0.339012129664,-0.4369672059,0.0484375,0.12216796875,0.424698126083,0.586129770464,post_contact,confirmation,ALL
0.348224975492,ALL,4.15749998848,0.2416596827,phase,C6_SOFT_MIXTURE_NCER_AA,3840,0.373473463527,-0.218566772017,0.06171875,0.145052083333,0.401228893617,0.62082984135,pre_contact,confirmation,ALL
0.341309032939,0,4.18276829256,0.237769022749,direction_family,C6_SOFT_MIXTURE_NCER_AA,5120,0.491241428208,-0.296108566321,0.0462890625,0.153442382812,0.306111222324,0.618884511374,ALL,confirmation,ALL
0.405484904244,1,4.18276829256,0.285530141676,direction_family,C6_SOFT_MIXTURE_NCER_AA,5120,0.48368076636,-0.319515996556,0.091015625,0.183056640625,0.307720405229,0.642765070838,ALL,confirmation,ALL
0.335591068193,2,4.18276829256,0.234500499758,direction_family,C6_SOFT_MIXTURE_NCER_AA,5120,0.481507906885,-0.317601645447,0.039453125,0.149072265625,0.324186794335,0.617250249879,ALL,confirmation,ALL
0.297407372303,ALL,4.18276829256,0.203661406715,pooled,action_only_pair_ranker,15360,0.475916331597,-0.399431531969,0.0513671875,0.153361002604,0.333730496213,0.601830703358,ALL,confirmation,ALL
0.288011286608,ALL,4.23887017078,0.196589243346,task,action_only_pair_ranker,3840,0.467461799952,-0.18235297686,0.0520833333333,0.154069010417,0.345317462625,0.598294621673,ALL,confirmation,bowl_on_plate
0.312753861054,ALL,4.17840269636,0.214619732458,task,action_only_pair_ranker,3840,0.446136633519,-0.527361536258,0.05234375,0.148893229167,0.323748554195,0.607309866229,ALL,confirmation,plate_push
0.268035954643,ALL,4.11249238746,0.183222538489,task,action_only_pair_ranker,3840,0.475816503879,-0.934493002152,0.0450520833333,0.146061197917,0.343179828354,0.591611269245,ALL,confirmation,stove_turn_on
0.320828386908,ALL,4.20130791564,0.220214112568,task,action_only_pair_ranker,3840,0.514250389038,-0.184231683615,0.0559895833333,0.164420572917,0.32267613968,0.610107056284,ALL,confirmation,wine_rack
0.246411783203,ALL,4.08629310911,0.167781104493,phase,action_only_pair_ranker,3840,0.356007046045,-0.269839330904,0.0390625,0.122200520833,0.398851439546,0.583890552246,contact_onset,confirmation,ALL
0.42755791448,ALL,4.31489518495,0.295583767661,phase,action_only_pair_ranker,3840,0.850260389486,-2.27635767212,0.0674479166667,0.231705729167,0.0491203847485,0.64779188383,free_space,confirmation,ALL
0.249791701253,ALL,4.1723848877,0.169941565269,phase,action_only_pair_ranker,3840,0.338135591735,-0.604209129561,0.0481770833333,0.122102864583,0.474126763904,0.584970782635,post_contact,confirmation,ALL
0.265868090277,ALL,4.15749998848,0.181339189438,phase,action_only_pair_ranker,3840,0.359262299122,-0.253780278234,0.05078125,0.137434895833,0.412823396655,0.590669594719,pre_contact,confirmation,ALL
0.275166547688,0,4.18276829256,0.187237222738,direction_family,action_only_pair_ranker,5120,0.484069128069,-0.415061081854,0.0390625,0.151440429687,0.334205087973,0.593618611369,ALL,confirmation,ALL
0.350415365808,1,4.18276829256,0.241392027899,direction_family,action_only_pair_ranker,5120,0.469321825834,-0.371786727118,0.076171875,0.165942382813,0.319910307005,0.620696013949,ALL,confirmation,ALL
0.266640203413,2,4.18276829256,0.182354969509,direction_family,action_only_pair_ranker,5120,0.474358040888,-0.410631278313,0.0388671875,0.142700195312,0.347076093662,0.591177484754,ALL,confirmation,ALL
0.278106551039,ALL,4.18276829256,0.203551596648,pooled,consequence_labels_shuffled,15360,0.413855889841,-0.278666230205,0.0466796875,0.121280924479,0.304930899261,0.601775798324,ALL,confirmation,ALL
0.281890793214,ALL,4.23887017078,0.206640159773,task,consequence_labels_shuffled,3840,0.391760324467,-0.158594383658,0.0341145833333,0.115266927083,0.338378538902,0.603320079887,ALL,confirmation,bowl_on_plate
0.346200394407,ALL,4.17840269636,0.254276366647,task,consequence_labels_shuffled,3840,0.423737696202,-0.390371489979,0.0447916666667,0.138248697917,0.294711336503,0.627138183324,ALL,confirmation,plate_push
0.243375559655,ALL,4.11249238746,0.17860522544,task,consequence_labels_shuffled,3840,0.405968792688,-0.609214582811,0.04765625,0.115657552083,0.285475307328,0.58930261272,ALL,confirmation,stove_turn_on
0.240959456879,ALL,4.20130791564,0.17468463473,task,consequence_labels_shuffled,3840,0.433956746007,-0.105260947922,0.06015625,0.115950520833,0.301158414311,0.587342317365,ALL,confirmation,wine_rack
0.0536486176741,ALL,4.08629310911,0.0387966382587,phase,consequence_labels_shuffled,3840,0.234802996793,-0.170795197028,0.0135416666667,0.0449544270833,0.367742074437,0.519398319129,contact_onset,confirmation,ALL
0.730982501539,ALL,4.31489518495,0.543204444604,phase,consequence_labels_shuffled,3840,0.87433565821,-2.26791042765,0.10703125,0.28349609375,0.0489937404867,0.771602222302,free_space,confirmation,ALL
0.00951104895319,ALL,4.1723848877,0.00653424952844,phase,consequence_labels_shuffled,3840,0.208157614639,-0.39195925654,0.00859375,0.03642578125,0.411395949336,0.503267124764,post_contact,confirmation,ALL
0.31828403599,ALL,4.15749998848,0.2256710542,phase,consequence_labels_shuffled,3840,0.338127289723,-0.189298186685,0.0575520833333,0.120247395833,0.391591832784,0.6128355271,pre_contact,confirmation,ALL
0.273305551584,0,4.18276829256,0.198719922165,direction_family,consequence_labels_shuffled,5120,0.414484418899,-0.216406485143,0.0267578125,0.0989501953125,0.287287412247,0.599359961082,ALL,confirmation,ALL
0.290639458335,1,4.18276829256,0.215080333124,direction_family,consequence_labels_shuffled,5120,0.416088779288,-0.387603707616,0.082421875,0.158813476562,0.323598938035,0.607540166562,ALL,confirmation,ALL
0.270374643198,2,4.18276829256,0.196854534655,direction_family,consequence_labels_shuffled,5120,0.410994471336,-0.235175246271,0.030859375,0.106079101562,0.303906347502,0.598427267327,ALL,confirmation,ALL
0.406034464895,ALL,4.18276829256,0.291157308914,pooled,history_shuffled,15360,0.468741654619,-0.288464226453,0.0641927083333,0.153426106771,0.307267483849,0.645578654457,ALL,confirmation,ALL
0.388505732616,ALL,4.23887017078,0.277405954698,task,history_shuffled,3840,0.44926998553,-0.185325768511,0.0583333333333,0.149869791667,0.346185694777,0.638702977349,ALL,confirmation,bowl_on_plate
0.510374292985,ALL,4.17840269636,0.36675450134,task,history_shuffled,3840,0.474362056032,-0.397468305298,0.065625,0.1671875,0.29621561931,0.68337725067,ALL,confirmation,plate_push
0.351735843629,ALL,4.11249238746,0.251355781972,task,history_shuffled,3840,0.454356589024,-0.558263338278,0.0611979166667,0.13935546875,0.276436536273,0.625677890986,ALL,confirmation,stove_turn_on
0.37352199035,ALL,4.20130791564,0.269112997647,task,history_shuffled,3840,0.49697798789,-0.138561607742,0.0716145833333,0.157291666667,0.310232085037,0.634556498823,ALL,confirmation,wine_rack
0.288301778277,ALL,4.08629310911,0.202324583082,phase,history_shuffled,3840,0.326932691366,-0.171847127374,0.0388020833333,0.10537109375,0.368072481539,0.601162291541,contact_onset,confirmation,ALL
0.689208190356,ALL,4.31489518495,0.509351867092,phase,history_shuffled,3840,0.870006801695,-2.02004534624,0.107291666667,0.2611328125,0.0452776540936,0.754675933546,free_space,confirmation,ALL
0.225778313699,ALL,4.1723848877,0.156730012349,phase,history_shuffled,3840,0.291142119372,-0.398819365767,0.0390625,0.0914713541667,0.413423466403,0.578365006174,post_contact,confirmation,ALL
0.420849577248,ALL,4.15749998848,0.296222773133,phase,history_shuffled,3840,0.386885006044,-0.221808678634,0.0716145833333,0.155729166667,0.402296333362,0.648111386567,pre_contact,confirmation,ALL
0.395705107663,0,4.18276829256,0.282175397528,direction_family,history_shuffled,5120,0.47040988979,-0.244225714221,0.04765625,0.138720703125,0.29385767838,0.641087698764,ALL,confirmation,ALL
0.428887979705,1,4.18276829256,0.310055263276,direction_family,history_shuffled,5120,0.471235896686,-0.385675495883,0.1056640625,0.18193359375,0.323149265505,0.655027631638,ALL,confirmation,ALL
0.393510307317,2,4.18276829256,0.281241265938,direction_family,history_shuffled,5120,0.464579177381,-0.238789085306,0.0392578125,0.139624023437,0.304795507663,0.640620632969,ALL,confirmation,ALL
0.344798712997,ALL,4.18276829256,0.238419485,pooled,joint_state_nominal_shuffled_within_task,15360,0.477096537742,-0.278630284595,0.0501953125,0.155037434896,0.304922327104,0.6192097425,ALL,confirmation,ALL
0.346684414858,ALL,4.23887017078,0.239053202346,task,joint_state_nominal_shuffled_within_task,3840,0.473095781049,-0.147443003238,0.0528645833333,0.159244791667,0.335121671903,0.619526601173,ALL,confirmation,bowl_on_plate
0.368287398206,ALL,4.17840269636,0.254764819613,task,joint_state_nominal_shuffled_within_task,3840,0.451684967748,-0.443310652223,0.0528645833333,0.153092447917,0.30593263338,0.627382409807,ALL,confirmation,plate_push
0.324076314135,ALL,4.11249238746,0.224282096499,task,joint_state_nominal_shuffled_within_task,3840,0.474855516917,-0.601467822565,0.0453125,0.14775390625,0.284101028978,0.61214104825,ALL,confirmation,stove_turn_on
0.340146724789,ALL,4.20130791564,0.235577821542,task,joint_state_nominal_shuffled_within_task,3840,0.508749885256,-0.0809490421046,0.0497395833333,0.16005859375,0.294533974157,0.617788910771,ALL,confirmation,wine_rack
0.285460627502,ALL,4.08629310911,0.196226144338,phase,joint_state_nominal_shuffled_within_task,3840,0.353482283637,-0.180397571821,0.0369791666667,0.119661458333,0.370758141837,0.598113072169,contact_onset,confirmation,ALL
0.508424420919,ALL,4.31489518495,0.35623679883,phase,joint_state_nominal_shuffled_within_task,3840,0.857137724034,-2.04842687716,0.0651041666667,0.241178385417,0.0457031606646,0.678118399415,free_space,confirmation,ALL
0.275882086351,ALL,4.1723848877,0.188375140769,phase,joint_state_nominal_shuffled_within_task,3840,0.335988605219,-0.400317586942,0.0455729166667,0.120572916667,0.413866268245,0.594187570384,post_contact,confirmation,ALL
0.309427717217,ALL,4.15749998848,0.212839856064,phase,joint_state_nominal_shuffled_within_task,3840,0.361777538079,-0.182525195393,0.053125,0.138736979167,0.389361737672,0.606419928032,pre_contact,confirmation,ALL
0.326430064161,0,4.18276829256,0.224443519917,direction_family,joint_state_nominal_shuffled_within_task,5120,0.485206231674,-0.232981739679,0.0404296875,0.148315429688,0.291202108561,0.612221759959,ALL,confirmation,ALL
0.388003752763,1,4.18276829256,0.269902894214,direction_family,joint_state_nominal_shuffled_within_task,5120,0.470116461528,-0.358539457526,0.0720703125,0.172802734375,0.316820950622,0.634951447107,ALL,confirmation,ALL
0.319962322067,2,4.18276829256,0.220912040869,direction_family,joint_state_nominal_shuffled_within_task,5120,0.475966920024,-0.246708081863,0.0380859375,0.143994140625,0.306743922131,0.610456020435,ALL,confirmation,ALL
0.338706859124,ALL,4.18276829256,0.243106005965,pooled,no_nominal_action,15360,0.44162956367,-0.275924854717,0.0500651041667,0.134944661458,0.304277147662,0.621553002983,ALL,confirmation,ALL
0.387340708856,ALL,4.23887017078,0.279734574986,task,no_nominal_action,3840,0.441437850949,-0.157361814085,0.05,0.14345703125,0.338018555204,0.639867287493,ALL,confirmation,bowl_on_plate
0.373395139324,ALL,4.17840269636,0.259280498576,task,no_nominal_action,3840,0.450389138741,-0.396108449403,0.0494791666667,0.149837239583,0.295927376239,0.629640249288,ALL,confirmation,plate_push
0.262137748535,ALL,4.11249238746,0.193323054136,task,no_nominal_action,3840,0.407054438101,-0.589648322113,0.04140625,0.1103515625,0.282004244894,0.596661527068,ALL,confirmation,stove_turn_on
0.331953839779,ALL,4.20130791564,0.240085896163,task,no_nominal_action,3840,0.46763682689,-0.105260947922,0.059375,0.1361328125,0.301158414311,0.620042948082,ALL,confirmation,wine_rack
0.147885487431,ALL,4.08629310911,0.102993629068,phase,no_nominal_action,3840,0.270313143284,-0.170795197028,0.0184895833333,0.06435546875,0.367742074437,0.551496814534,contact_onset,confirmation,ALL
0.680237776425,ALL,4.31489518495,0.502586569239,phase,no_nominal_action,3840,0.857756498248,-2.3370436308,0.0848958333333,0.255208333333,0.0500302114333,0.751293284619,free_space,confirmation,ALL
0.234825582623,ALL,4.1723848877,0.162621397219,phase,no_nominal_action,3840,0.310678908132,-0.39195925654,0.0440104166667,0.106217447917,0.411395949336,0.581310698609,post_contact,confirmation,ALL
0.291878590015,ALL,4.15749998848,0.204222428336,phase,no_nominal_action,3840,0.327769705017,-0.178208334909,0.0528645833333,0.113997395833,0.387940355442,0.602111214168,pre_contact,confirmation,ALL
0.326912372955,0,4.18276829256,0.233291026378,direction_family,no_nominal_action,5120,0.443438963894,-0.211877521256,0.033203125,0.113549804688,0.286217774481,0.616645513189,ALL,confirmation,ALL
0.364846436763,1,4.18276829256,0.264212804322,direction_family,no_nominal_action,5120,0.445568229716,-0.389849240735,0.081640625,0.169653320312,0.324122612142,0.632106402161,ALL,confirmation,ALL
0.324361767652,2,4.18276829256,0.231814187197,direction_family,no_nominal_action,5120,0.435881497401,-0.229423038084,0.0353515625,0.121630859375,0.302491056363,0.615907093598,ALL,confirmation,ALL
0.328961812544,ALL,4.18276829256,0.239605600781,pooled,nominal_action_shuffled_within_task,15360,0.437369466464,-0.270049871946,0.0529296875,0.13291015625,0.302876106689,0.61980280039,ALL,confirmation,ALL
0.315728789743,ALL,4.23887017078,0.231894990185,task,nominal_action_shuffled_within_task,3840,0.411956386921,-0.150818944423,0.0421875,0.125520833333,0.336107647722,0.615947495093,ALL,confirmation,bowl_on_plate
0.331952381978,ALL,4.17840269636,0.241029011638,task,nominal_action_shuffled_within_task,3840,0.41351732419,-0.396108449403,0.04140625,0.126822916667,0.295927376239,0.620514505819,ALL,confirmation,plate_push
0.310752640233,ALL,4.11249238746,0.226354115029,task,nominal_action_shuffled_within_task,3840,0.438857289358,-0.599557993721,0.0583333333333,0.132779947917,0.283762224581,0.613177057514,ALL,confirmation,stove_turn_on
0.357413438223,ALL,4.20130791564,0.259144286272,task,nominal_action_shuffled_within_task,3840,0.485146865385,-0.0852547382657,0.0697916666667,0.146516927083,0.295707178214,0.629572143136,ALL,confirmation,wine_rack
0.118556385522,ALL,4.08629310911,0.0864748228322,phase,nominal_action_shuffled_within_task,3840,0.26433080337,-0.170348227401,0.0229166666667,0.0649088541667,0.36760168307,0.543237411416,contact_onset,confirmation,ALL
0.724563460408,ALL,4.31489518495,0.537446025369,phase,nominal_action_shuffled_within_task,3840,0.872481555129,-2.17793189344,0.101822916667,0.267936197917,0.0476447485078,0.768723012684,free_space,confirmation,ALL
0.0300431906807,ALL,4.1723848877,0.0207599856262,phase,nominal_action_shuffled_within_task,3840,0.217547484355,-0.39195925654,0.01171875,0.0413736979167,0.411395949336,0.510379992813,post_contact,confirmation,ALL
0.442684213568,ALL,4.15749998848,0.313741569296,phase,nominal_action_shuffled_within_task,3840,0.395118023,-0.168859243024,0.0752604166667,0.157421875,0.384862045841,0.656870784648,pre_contact,confirmation,ALL
0.323124414526,0,4.18276829256,0.234055697945,direction_family,nominal_action_shuffled_within_task,5120,0.439035533556,-0.214919966242,0.0388671875,0.115234375,0.286936330456,0.617027848973,ALL,confirmation,ALL
0.344022289272,1,4.18276829256,0.252824050803,direction_family,nominal_action_shuffled_within_task,5120,0.44079942765,-0.370575996015,0.0884765625,0.163842773438,0.319627956002,0.626412025401,ALL,confirmation,ALL
0.319738733835,2,4.18276829256,0.231937053595,direction_family,nominal_action_shuffled_within_task,5120,0.432273438185,-0.227687477309,0.0314453125,0.119653320313,0.302064033609,0.615968526797,ALL,confirmation,ALL
0.335861065265,ALL,4.18276829256,0.231825668531,pooled,soft_routing_labels_shuffled,15360,0.479663838396,-0.320283680285,0.0518229166667,0.15654296875,0.31485565224,0.615912834266,ALL,confirmation,ALL
0.346835392706,ALL,4.23887017078,0.239832275038,task,soft_routing_labels_shuffled,3840,0.473075789301,-0.185198923456,0.0559895833333,0.159016927083,0.346148648469,0.619916137519,ALL,confirmation,bowl_on_plate
0.336735787542,ALL,4.17840269636,0.231955111821,task,soft_routing_labels_shuffled,3840,0.448393104181,-0.511278096077,0.0526041666667,0.150260416667,0.320339413411,0.61597755591,ALL,confirmation,plate_push
0.319622765769,ALL,4.11249238746,0.221212697166,task,soft_routing_labels_shuffled,3840,0.480960307012,-0.600359917627,0.0466145833333,0.151432291667,0.283904486201,0.610606348583,ALL,confirmation,stove_turn_on
0.340250315044,ALL,4.20130791564,0.234302590101,task,soft_routing_labels_shuffled,3840,0.516226153091,-0.134150140902,0.0520833333333,0.165462239583,0.309030060881,0.61715129505,ALL,confirmation,wine_rack
0.258294032068,ALL,4.08629310911,0.176085475919,phase,soft_routing_labels_shuffled,3840,0.357557047813,-0.198719048217,0.03828125,0.122623697917,0.376512844072,0.588042737959,contact_onset,confirmation,ALL
0.50970218114,ALL,4.31489518495,0.3573827702,phase,soft_routing_labels_shuffled,3840,0.8571040965,-2.17180766713,0.06796875,0.240657552083,0.0475529318069,0.6786913851,free_space,confirmation,ALL
0.262987037751,ALL,4.1723848877,0.179189606423,phase,soft_routing_labels_shuffled,3840,0.339516513299,-0.446481985666,0.04765625,0.122493489583,0.427510235587,0.589594803211,post_contact,confirmation,ALL
0.312461010103,ALL,4.15749998848,0.214644821583,phase,soft_routing_labels_shuffled,3840,0.364477695972,-0.23866530974,0.0533854166667,0.140397135417,0.407846597496,0.607322410792,pre_contact,confirmation,ALL
0.315752421453,0,4.18276829256,0.216747025468,direction_family,soft_routing_labels_shuffled,5120,0.487745752881,-0.307161399743,0.03984375,0.15185546875,0.308721648979,0.608373512734,ALL,confirmation,ALL
0.382361603145,1,4.18276829256,0.265283368409,direction_family,soft_routing_labels_shuffled,5120,0.473338551462,-0.323623994947,0.0771484375,0.1732421875,0.308678419329,0.632641684204,ALL,confirmation,ALL
0.309469171198,2,4.18276829256,0.213446611717,direction_family,soft_routing_labels_shuffled,5120,0.477907210846,-0.32971372691,0.0384765625,0.14453125,0.327166888414,0.606723305858,ALL,confirmation,ALL
0.477703223269,ALL,4.18276829256,0.340913558223,pooled,state_shuffled_within_task,15360,0.499251703678,-0.265869316387,0.0696614583333,0.171166992188,0.30187914553,0.670456779112,ALL,confirmation,ALL
0.446366523288,ALL,4.23887017078,0.31653068299,task,state_shuffled_within_task,3840,0.478485461559,-0.161868342814,0.0614583333333,0.164095052083,0.339334729896,0.658265341495,ALL,confirmation,bowl_on_plate
0.543403394521,ALL,4.17840269636,0.392963322898,task,state_shuffled_within_task,3840,0.484338289957,-0.396108449403,0.0645833333333,0.17392578125,0.295927376239,0.696481661449,ALL,confirmation,plate_push
0.481291645884,ALL,4.11249238746,0.340956138903,task,state_shuffled_within_task,3840,0.507690774475,-0.538035479379,0.075,0.171614583333,0.272848106056,0.670478069452,ALL,confirmation,stove_turn_on
0.439751329383,ALL,4.20130791564,0.313204088102,task,state_shuffled_within_task,3840,0.526492288721,-0.0988308893857,0.0776041666667,0.175032552083,0.299406369931,0.656602044051,ALL,confirmation,wine_rack
0.451137122656,ALL,4.08629310911,0.319256373882,phase,state_shuffled_within_task,3840,0.390100080539,-0.160950303039,0.05703125,0.142805989583,0.36464983273,0.659628186941,contact_onset,confirmation,ALL
0.653248672371,ALL,4.31489518495,0.478713196464,phase,state_shuffled_within_task,3840,0.866552066678,-1.82744369697,0.102864583333,0.2568359375,0.0423900978308,0.739356598232,free_space,confirmation,ALL
0.379815343801,ALL,4.1723848877,0.264470170932,phase,state_shuffled_within_task,3840,0.354016981803,-0.390635462831,0.05078125,0.132194010417,0.411004699832,0.632235085466,post_contact,confirmation,ALL
0.426611754247,ALL,4.15749998848,0.301214491616,phase,state_shuffled_within_task,3840,0.386337685692,-0.182859924995,0.06796875,0.15283203125,0.389471951729,0.650607245808,pre_contact,confirmation,ALL
0.467244295969,0,4.18276829256,0.331680678947,direction_family,state_shuffled_within_task,5120,0.499458110717,-0.204334904826,0.049609375,0.154907226562,0.284436380858,0.665840339473,ALL,confirmation,ALL
0.503262420936,1,4.18276829256,0.361935019472,direction_family,state_shuffled_within_task,5120,0.502522013345,-0.374818623465,0.1109375,0.198388671875,0.320617366545,0.680967509736,ALL,confirmation,ALL
0.462602952902,2,4.18276829256,0.329124976251,direction_family,state_shuffled_within_task,5120,0.495774986972,-0.22167087121,0.0484375,0.160205078125,0.300583689189,0.664562488126,ALL,confirmation,ALL
