action_reconstruction_rmse,balanced_task_effect_error,contact_mode_preserved,distance_spearman_with_correct,intervention,level,mean_abs_distance_change,n_targets,ndcg_at_16,oracle_regret,phase,recall_at_8,relative_mean_abs_distance_change,selected_code_changed,split,task_id,task_progress_abs_error
0.0200144330255,0.25855285033,0.9609375,0.777401995635,all_context_zeroed_action_pair_retained,pooled,0.116141273638,6144,0.556523566081,0.218373081408,ALL,0.27773030599,1.03118905424,0.649576822917,DEVELOPMENT_EPISODES_36_39,ALL,0.00420936533258
0.0197991633737,0.229492507628,0.960774739583,1,correct_context,pooled,0,6144,0.619601992405,0.189312739051,ALL,0.378133138021,0,0,DEVELOPMENT_EPISODES_36_39,ALL,0.00368858371812
0.0194913932843,0.245872509774,0.958821614583,0.913231993928,history_actions_masks_shuffled_within_task,pooled,0.0937034042816,6144,0.593497328146,0.205692740856,ALL,0.337524414062,0.704047979319,0.35107421875,DEVELOPMENT_EPISODES_36_39,ALL,0.0039066054024
0.019761597302,0.231673923986,0.961751302083,0.988655606145,nominal_shuffled_within_task,pooled,0.0149128313364,6144,0.617411197155,0.191494155382,ALL,0.371032714844,0.106810279204,0.11376953125,DEVELOPMENT_EPISODES_36_39,ALL,0.00369662075453
0.0197378592969,0.230712717369,0.960286458333,0.9964691656,nominal_zeroed,pooled,0.00996409532968,6144,0.618653806991,0.190532948783,ALL,0.37656656901,0.0496554020063,0.0900065104167,DEVELOPMENT_EPISODES_36_39,ALL,0.00369492806946
0.0194638853999,0.25088107038,0.956380208333,0.86895749969,state_and_nominal_jointly_shuffled,pooled,0.0943905217573,6144,0.575021439417,0.210701301471,ALL,0.303792317708,0.693953482692,0.465657552083,DEVELOPMENT_EPISODES_36_39,ALL,0.0037174161797
0.019403521019,0.250143832951,0.957356770833,0.878460950871,state_mask_contact_shuffled_within_task,pooled,0.0902277142663,6144,0.578389694661,0.209964064065,ALL,0.308654785156,0.626800389651,0.44091796875,DEVELOPMENT_EPISODES_36_39,ALL,0.00383885131315
0.0200144330255,0.455591910812,0.911458333333,0.798010483779,all_context_zeroed_action_pair_retained,task,0.0864678627137,1536,0.438993528638,0.375778098785,ALL,0.252360026042,0.844788504809,0.612630208333,DEVELOPMENT_EPISODES_36_39,bowl_on_plate,0.00352154673193
0.0194138698058,0.441734477556,0.919921875,1,correct_context,task,0,1536,0.465492769052,0.361920665928,ALL,0.314778645833,0,0,DEVELOPMENT_EPISODES_36_39,bowl_on_plate,0.00390871828073
0.0189705087485,0.460259618671,0.91796875,0.909017640558,history_actions_masks_shuffled_within_task,task,0.0728245459094,1536,0.45258926807,0.380445806118,ALL,0.2685546875,0.892061544749,0.388020833333,DEVELOPMENT_EPISODES_36_39,bowl_on_plate,0.00368948433059
0.0193564688705,0.444350673951,0.921875,0.991148193572,nominal_shuffled_within_task,task,0.00638402051014,1536,0.463493704008,0.364536862031,ALL,0.310872395833,0.0523657067232,0.100911458333,DEVELOPMENT_EPISODES_36_39,bowl_on_plate,0.00396617967587
0.0193843139361,0.443291452013,0.919270833333,0.994081603975,nominal_zeroed,task,0.00519411946056,1536,0.464862208108,0.363477640468,ALL,0.313557942708,0.0458888329634,0.08203125,DEVELOPMENT_EPISODES_36_39,bowl_on_plate,0.00391505922271
0.0191558774084,0.449705869763,0.908203125,0.914786947372,state_and_nominal_jointly_shuffled,task,0.0545236541536,1536,0.448389883911,0.369892057482,ALL,0.266031901042,0.505355567829,0.380208333333,DEVELOPMENT_EPISODES_36_39,bowl_on_plate,0.00347483424793
0.0192623141601,0.449365386545,0.912109375,0.926047554244,state_mask_contact_shuffled_within_task,task,0.047722927177,1536,0.45226015612,0.369551574202,ALL,0.280517578125,0.396935215358,0.323567708333,DEVELOPMENT_EPISODES_36_39,bowl_on_plate,0.00340451321267
0.0200144330255,0.222195370391,0.982421875,0.751290601285,all_context_zeroed_action_pair_retained,task,0.101455859311,1536,0.506901473381,0.194178033678,ALL,0.261637369792,0.93718014673,0.658854166667,DEVELOPMENT_EPISODES_36_39,plate_push,8.90281768159e-05
0.0201514129108,0.180431823125,0.9765625,1,correct_context,task,0,1536,0.594564557795,0.152414486585,ALL,0.358479817708,0,0,DEVELOPMENT_EPISODES_36_39,plate_push,8.42119609879e-05
0.0200198955254,0.187430813942,0.975911458333,0.941680277687,history_actions_masks_shuffled_within_task,task,0.0495772322533,1536,0.574473870667,0.15941347744,ALL,0.346516927083,0.31598447,0.20703125,DEVELOPMENT_EPISODES_36_39,plate_push,0.000101377957988
0.020082712839,0.182756059349,0.9765625,0.997878757415,nominal_shuffled_within_task,task,0.00601388778292,1536,0.593005318451,0.154738722927,ALL,0.359375,0.0311589581983,0.0462239583333,DEVELOPMENT_EPISODES_36_39,plate_push,8.52859334912e-05
0.0200577310868,0.18286490409,0.975911458333,0.997797911564,nominal_zeroed,task,0.0067027437882,1536,0.593994055406,0.154847567542,ALL,0.360514322917,0.0322991857353,0.0546875,DEVELOPMENT_EPISODES_36_39,plate_push,8.92278167705e-05
0.0201139284134,0.206573667401,0.975911458333,0.822325574376,state_and_nominal_jointly_shuffled,task,0.107867938648,1536,0.543820614068,0.178556330734,ALL,0.292154947917,0.89418202319,0.483723958333,DEVELOPMENT_EPISODES_36_39,plate_push,0.000112861657178
0.0200512638496,0.205614266408,0.973958333333,0.841737655286,state_mask_contact_shuffled_within_task,task,0.0953931000036,1536,0.546326590331,0.177596929748,ALL,0.294270833333,0.743948517019,0.467447916667,DEVELOPMENT_EPISODES_36_39,plate_push,0.000104673888024
0.0200144330255,0.182035794431,0.981119791667,0.734776237048,all_context_zeroed_action_pair_retained,task,0.188551134275,1536,0.606882133012,0.157474380704,ALL,0.287109375,1.11082822323,0.72265625,DEVELOPMENT_EPISODES_36_39,stove_turn_on,0.00146891619889
0.0205325198173,0.135515801366,0.973958333333,1,correct_context,task,0,1536,0.704717605879,0.110954387708,ALL,0.420654296875,0,0,DEVELOPMENT_EPISODES_36_39,stove_turn_on,0.00106503559325
0.0197300363973,0.161900740773,0.972005208333,0.869538647475,history_actions_masks_shuffled_within_task,task,0.188083886341,1536,0.639420331118,0.137339326947,ALL,0.346272786458,0.939769200692,0.439453125,DEVELOPMENT_EPISODES_36_39,stove_turn_on,0.00154507559826
0.0204905728472,0.137189691884,0.973307291667,0.969685692997,nominal_shuffled_within_task,task,0.0354530615539,1536,0.700745870177,0.112628278186,ALL,0.395751953125,0.281901351323,0.214192708333,DEVELOPMENT_EPISODES_36_39,stove_turn_on,0.00105090512829
0.0204375868634,0.136356954945,0.973307291667,0.995388480782,nominal_zeroed,task,0.0220270097847,1536,0.702466353923,0.111795541115,ALL,0.413248697917,0.0874568969047,0.149088541667,DEVELOPMENT_EPISODES_36_39,stove_turn_on,0.00108566986758
0.019467710341,0.185551674048,0.971354166667,0.794740689217,state_and_nominal_jointly_shuffled,task,0.16343124217,1536,0.597279435201,0.160990260141,ALL,0.265625,0.798757511735,0.649739583333,DEVELOPMENT_EPISODES_36_39,stove_turn_on,0.0015781723929
0.0192314930614,0.184967595776,0.970703125,0.803644481474,state_mask_contact_shuffled_within_task,task,0.158945249933,1536,0.602790288775,0.16040618199,ALL,0.267171223958,0.761982802233,0.632161458333,DEVELOPMENT_EPISODES_36_39,stove_turn_on,0.00155462851538
0.0200144330255,0.174388325686,0.96875,0.825530660428,all_context_zeroed_action_pair_retained,task,0.0880902382511,1536,0.673317129292,0.146061812464,ALL,0.309814453125,1.2319593422,0.604166666667,DEVELOPMENT_EPISODES_36_39,wine_rack,0.0117579702227
0.0190988509608,0.160287928464,0.97265625,1,correct_context,task,0,1536,0.713633036893,0.131961415983,ALL,0.418619791667,0,0,DEVELOPMENT_EPISODES_36_39,wine_rack,0.0096963690375
0.0192451324659,0.17389886571,0.969401041667,0.932691409992,history_actions_masks_shuffled_within_task,task,0.064327952623,1536,0.707505842729,0.145572352918,ALL,0.388753255208,0.668376701836,0.369791666667,DEVELOPMENT_EPISODES_36_39,wine_rack,0.0102904837228
0.0191166346514,0.162399270759,0.975260416667,0.995909780597,nominal_shuffled_within_task,task,0.0118003554985,1536,0.712399895985,0.134072758383,ALL,0.418131510417,0.0618151005712,0.09375,DEVELOPMENT_EPISODES_36_39,wine_rack,0.00968411228047
0.0190718053012,0.160337558429,0.97265625,0.998608666079,nominal_zeroed,task,0.00593250828521,1536,0.713292610527,0.132011046009,ALL,0.4189453125,0.0329766924218,0.07421875,DEVELOPMENT_EPISODES_36_39,wine_rack,0.0096897553708
0.0191180254367,0.161693070308,0.970052083333,0.943976787795,state_and_nominal_jointly_shuffled,task,0.0517392520575,1536,0.710595824488,0.133366557525,ALL,0.391357421875,0.577518828013,0.348958333333,DEVELOPMENT_EPISODES_36_39,wine_rack,0.00970379642078
0.0190690130049,0.160628083076,0.97265625,0.94241411248,state_mask_contact_shuffled_within_task,task,0.0588495799515,1536,0.71218174342,0.13230157032,ALL,0.392659505208,0.604335023995,0.340494791667,DEVELOPMENT_EPISODES_36_39,wine_rack,0.0102915896365
0.0200144330255,0.360099795863,0.977213541667,0.756557579958,all_context_zeroed_action_pair_retained,phase,0.0806919149133,1536,0.400180527132,0.312777023827,contact_onset,0.177571614583,0.552345884514,0.643880208333,DEVELOPMENT_EPISODES_36_39,ALL,0.000903491251718
0.0187006798583,0.316147492442,0.984375,1,correct_context,phase,0,1536,0.461161415857,0.268824720982,contact_onset,0.222981770833,0,0,DEVELOPMENT_EPISODES_36_39,ALL,0.000830439692356
0.0190160035143,0.332220887456,0.983072916667,0.900397678246,history_actions_masks_shuffled_within_task,phase,0.0805402791194,1536,0.444615896202,0.284898116228,contact_onset,0.213216145833,0.624768108542,0.307291666667,DEVELOPMENT_EPISODES_36_39,ALL,0.000884990392342
0.0187518248685,0.317444325543,0.984375,0.997956882487,nominal_shuffled_within_task,phase,0.00632006303172,1536,0.459200967626,0.270121554205,contact_onset,0.221598307292,0.0418128245155,0.05078125,DEVELOPMENT_EPISODES_36_39,ALL,0.000834510705294
0.0187045461062,0.318358563428,0.984375,0.999336414624,nominal_zeroed,phase,0.00379906707266,1536,0.460850654745,0.271035791964,contact_onset,0.222737630208,0.0225926234417,0.0462239583333,DEVELOPMENT_EPISODES_36_39,ALL,0.000839324684617
0.0194073721357,0.347175602577,0.98046875,0.917479627496,state_and_nominal_jointly_shuffled,phase,0.055854696018,1536,0.440157863187,0.299852829975,contact_onset,0.208740234375,0.366774088662,0.409505208333,DEVELOPMENT_EPISODES_36_39,ALL,0.000862691006961
0.0193258958932,0.347573111621,0.98046875,0.919135784215,state_mask_contact_shuffled_within_task,phase,0.0537848153608,1536,0.441045718544,0.300250339164,contact_onset,0.209309895833,0.343873433161,0.401041666667,DEVELOPMENT_EPISODES_36_39,ALL,0.000854600684336
0.0200144330255,0.0153337090304,1,0.83729791372,all_context_zeroed_action_pair_retained,phase,0.0934410950625,1536,0.954664109799,0.00587812676266,free_space,0.548583984375,1.92410958139,0.641927083333,DEVELOPMENT_EPISODES_36_39,ALL,5.78241158659e-19
0.0211604053303,0.0111321436318,1,1,correct_context,phase,0,1536,0.989268641417,0.0016765613572,free_space,0.76611328125,0,0,DEVELOPMENT_EPISODES_36_39,ALL,5.05961013827e-19
0.0198979528839,0.0128852058141,1,0.942931550151,history_actions_masks_shuffled_within_task,phase,0.0607021450174,1536,0.974679334886,0.00342962352215,free_space,0.659912109375,1.34405076337,0.3359375,DEVELOPMENT_EPISODES_36_39,ALL,4.33680868994e-19
0.0209236754094,0.0116099386261,1,0.988739819742,nominal_shuffled_within_task,phase,0.00722843908235,1536,0.986260160402,0.00215435634622,free_space,0.740641276042,0.145290820654,0.15234375,DEVELOPMENT_EPISODES_36_39,ALL,3.61400724162e-19
0.0209440360373,0.0111170279648,1,0.997998985079,nominal_zeroed,phase,0.00165792318371,1536,0.988854630005,0.00166144568542,free_space,0.763427734375,0.0349719834133,0.111979166667,DEVELOPMENT_EPISODES_36_39,ALL,5.05961013827e-19
0.0200225974778,0.0160169853395,1,0.891027222087,state_and_nominal_jointly_shuffled,phase,0.0434125119163,1536,0.956315331332,0.00656140305792,free_space,0.584716796875,0.848185305692,0.470703125,DEVELOPMENT_EPISODES_36_39,ALL,4.33680868994e-19
0.0200192522929,0.0155499576913,1,0.903413192364,state_mask_contact_shuffled_within_task,phase,0.0345065885016,1536,0.958766245008,0.00609437541342,free_space,0.599283854167,0.684285946061,0.41796875,DEVELOPMENT_EPISODES_36_39,ALL,3.61400724162e-19
0.0200144330255,0.280332826851,1,0.75381254029,all_context_zeroed_action_pair_retained,phase,0.207278340582,1536,0.459321383016,0.239935639324,post_contact,0.199381510417,0.869298886614,0.668619791667,DEVELOPMENT_EPISODES_36_39,ALL,0.0150326637524
0.0196562779572,0.238260935529,1,1,correct_context,phase,0,1536,0.576025338654,0.197863748125,post_contact,0.306966145833,0,0,DEVELOPMENT_EPISODES_36_39,ALL,0.0131006798068
0.0192536664738,0.263093699908,1,0.905365128766,history_actions_masks_shuffled_within_task,phase,0.163024135665,1536,0.513626536127,0.222696512276,post_contact,0.266031901042,0.375995967936,0.369791666667,DEVELOPMENT_EPISODES_36_39,ALL,0.01384282463
0.0195784857607,0.240323562348,1,0.997693675766,nominal_shuffled_within_task,phase,0.0220838029648,1536,0.575261965343,0.199926374972,post_contact,0.306884765625,0.0520289649843,0.0703125,DEVELOPMENT_EPISODES_36_39,ALL,0.0131449785266
0.0196160005494,0.237624206705,1,0.997641895655,nominal_zeroed,phase,0.0233746649566,1536,0.575953094746,0.197227019349,post_contact,0.306315104167,0.053882185011,0.0709635416667,DEVELOPMENT_EPISODES_36_39,ALL,0.0131011642165
0.0188653459241,0.282042697324,1,0.800901231311,state_and_nominal_jointly_shuffled,phase,0.210080863768,1536,0.469948625337,0.24164551008,post_contact,0.221354166667,0.887509697672,0.546875,DEVELOPMENT_EPISODES_36_39,ALL,0.0131921840031
0.0189147487054,0.278444100147,1,0.813921870351,state_mask_contact_shuffled_within_task,phase,0.207078753734,1536,0.475892919047,0.238046912683,post_contact,0.225016276042,0.885333127723,0.537109375,DEVELOPMENT_EPISODES_36_39,ALL,0.0136924354248
0.0200144330255,0.378445069576,0.866536458333,0.761939948572,all_context_zeroed_action_pair_retained,phase,0.0831537439929,1536,0.411928244377,0.314901535719,pre_contact,0.185384114583,0.779001864451,0.643880208333,DEVELOPMENT_EPISODES_36_39,ALL,0.000901306326161
0.0196792903488,0.352429458908,0.858723958333,1,correct_context,phase,0,1536,0.45195257369,0.28888592574,pre_contact,0.216471354167,0,0,DEVELOPMENT_EPISODES_36_39,ALL,0.000823215373352
0.019797950265,0.375290245919,0.852213541667,0.904233618548,history_actions_masks_shuffled_within_task,phase,0.070547057324,1536,0.441067545371,0.311746711395,pre_contact,0.2109375,0.471377077425,0.391276041667,DEVELOPMENT_EPISODES_36_39,ALL,0.000898606587201
0.0197924031696,0.357317869425,0.862630208333,0.970232046586,nominal_shuffled_within_task,phase,0.0240190202666,1536,0.448921695251,0.293774336004,pre_contact,0.215006510417,0.188108506662,0.181640625,DEVELOPMENT_EPISODES_36_39,ALL,0.000806993786237
0.0196868544945,0.355751071378,0.856770833333,0.990899367042,nominal_zeroed,phase,0.0110247261057,1536,0.448956848468,0.292207538135,pre_contact,0.213785807292,0.0871748161593,0.130859375,DEVELOPMENT_EPISODES_36_39,ALL,0.000839223376772
0.0195602260619,0.35828899628,0.845052083333,0.866421917866,state_and_nominal_jointly_shuffled,phase,0.0682140153263,1536,0.433663937812,0.294745462768,pre_contact,0.200358072917,0.67334483874,0.435546875,DEVELOPMENT_EPISODES_36_39,ALL,0.000814789708769
0.0193541871845,0.359008162346,0.848958333333,0.877372956554,state_mask_contact_shuffled_within_task,phase,0.0655406994686,1536,0.437853896046,0.295464629,pre_contact,0.201009114583,0.593709051661,0.407552083333,DEVELOPMENT_EPISODES_36_39,ALL,0.000808369143506
0.0204751874743,0.239230561647,0.959635416667,0.773598583022,all_context_zeroed_action_pair_retained,pooled,0.100805906789,15360,0.54880984637,0.209370305561,ALL,0.270239257813,0.949209691969,0.695572916667,HISTORICAL_EXPLORATORY_EPISODES_40_49,ALL,0.00512671710088
0.0188809870302,0.204320743569,0.960481770833,1,correct_context,pooled,0,15360,0.608194795998,0.174460487625,ALL,0.365226236979,0,0,HISTORICAL_EXPLORATORY_EPISODES_40_49,ALL,0.00495119880651
0.0184618074919,0.211275169829,0.9603515625,0.925935448145,history_actions_masks_shuffled_within_task,pooled,0.0704074313974,15360,0.592030854977,0.181414913835,ALL,0.326521809896,0.61635790275,0.343359375,HISTORICAL_EXPLORATORY_EPISODES_40_49,ALL,0.0047937576289
0.0188766191749,0.204000211429,0.9595703125,0.99096357462,nominal_shuffled_within_task,pooled,0.0137099586617,15360,0.608047721859,0.174139955546,ALL,0.361507161458,0.104178908459,0.1021484375,HISTORICAL_EXPLORATORY_EPISODES_40_49,ALL,0.00480637504057
0.0188798005527,0.204373737716,0.960221354167,0.997524180587,nominal_zeroed,pooled,0.00736775177038,15360,0.608082024836,0.17451348179,ALL,0.363224283854,0.0390433921546,0.0680989583333,HISTORICAL_EXPLORATORY_EPISODES_40_49,ALL,0.00488981189515
0.0185120269025,0.219175032852,0.961328125,0.884020603115,state_and_nominal_jointly_shuffled,pooled,0.0732155343726,15360,0.581201655558,0.189314776818,ALL,0.303068033854,0.597438933843,0.436783854167,HISTORICAL_EXPLORATORY_EPISODES_40_49,ALL,0.00498015273852
0.018444346381,0.218934119294,0.961067708333,0.891272061846,state_mask_contact_shuffled_within_task,pooled,0.0697773720608,15360,0.582850720364,0.189073863305,ALL,0.30556640625,0.569411060001,0.424153645833,HISTORICAL_EXPLORATORY_EPISODES_40_49,ALL,0.00495024551101
0.0204751874743,0.275664713538,0.982291666667,0.787719154516,all_context_zeroed_action_pair_retained,task,0.0651933378947,3840,0.520081043198,0.241388774269,ALL,0.259602864583,0.829044724317,0.677604166667,HISTORICAL_EXPLORATORY_EPISODES_40_49,bowl_on_plate,0.00410477109349
0.0184036932925,0.24406599683,0.980729166667,1,correct_context,task,0,3840,0.556636443055,0.209790057616,ALL,0.328190104167,0,0,HISTORICAL_EXPLORATORY_EPISODES_40_49,bowl_on_plate,0.00327271840719
0.0176537528302,0.248254293295,0.980729166667,0.903948859647,history_actions_masks_shuffled_within_task,task,0.0504439267818,3840,0.549915446327,0.213978354047,ALL,0.2853515625,0.66774611494,0.445052083333,HISTORICAL_EXPLORATORY_EPISODES_40_49,bowl_on_plate,0.00355971255306
0.0184336665254,0.244478294649,0.980989583333,0.991273357227,nominal_shuffled_within_task,task,0.00746550355686,3840,0.557224964258,0.210202355439,ALL,0.3244140625,0.0675707225421,0.111458333333,HISTORICAL_EXPLORATORY_EPISODES_40_49,bowl_on_plate,0.00330197715876
0.0184000052373,0.243928775674,0.98125,0.996110291239,nominal_zeroed,task,0.00526108325808,3840,0.557037444055,0.209652836432,ALL,0.3271484375,0.0444522656682,0.07890625,HISTORICAL_EXPLORATORY_EPISODES_40_49,bowl_on_plate,0.00329158556805
0.0179049752007,0.249223487184,0.98125,0.889687563072,state_and_nominal_jointly_shuffled,task,0.0448590683829,3840,0.542434025689,0.214947547928,ALL,0.272330729167,0.462887376662,0.429947916667,HISTORICAL_EXPLORATORY_EPISODES_40_49,bowl_on_plate,0.00360176447936
0.0178434576922,0.249864726673,0.98203125,0.89907176038,state_mask_contact_shuffled_within_task,task,0.0438660540413,3840,0.542933241491,0.21558878744,ALL,0.275065104167,0.454788597972,0.413020833333,HISTORICAL_EXPLORATORY_EPISODES_40_49,bowl_on_plate,0.00377170039525
0.0204751874743,0.2116125568,0.9828125,0.741517731698,all_context_zeroed_action_pair_retained,task,0.0931699628981,3840,0.525641368781,0.188267809307,ALL,0.27294921875,0.921344742678,0.717447916667,HISTORICAL_EXPLORATORY_EPISODES_40_49,plate_push,0.000185819638522
0.0196047447194,0.174506764419,0.986197916667,1,correct_context,task,0,3840,0.594193399565,0.15116201693,ALL,0.354459635417,0,0,HISTORICAL_EXPLORATORY_EPISODES_40_49,plate_push,0.000178951991749
0.019708719109,0.180095628113,0.986458333333,0.963589676023,history_actions_masks_shuffled_within_task,task,0.0206539838943,3840,0.585208094444,0.156750880529,ALL,0.35087890625,0.207525826935,0.158333333333,HISTORICAL_EXPLORATORY_EPISODES_40_49,plate_push,0.000182549961896
0.0196346606429,0.175616239023,0.986197916667,0.997339600475,nominal_shuffled_within_task,task,0.00406895496348,3840,0.593698930896,0.152271491637,ALL,0.354622395833,0.0310292093318,0.0651041666667,HISTORICAL_EXPLORATORY_EPISODES_40_49,plate_push,0.000179101378236
0.019604738778,0.174643221818,0.98671875,0.999059549525,nominal_zeroed,task,0.0047157468665,3840,0.594522379056,0.151298474394,ALL,0.354850260417,0.0208916983722,0.04453125,HISTORICAL_EXPLORATORY_EPISODES_40_49,plate_push,0.000180218181058
0.0195601627503,0.202031129837,0.9875,0.858826031998,state_and_nominal_jointly_shuffled,task,0.0817889967029,3840,0.559078974784,0.17868638239,ALL,0.295084635417,0.719624122206,0.484375,HISTORICAL_EXPLORATORY_EPISODES_40_49,plate_push,0.000194229052622
0.0195472883229,0.203105865883,0.9875,0.865105082564,state_mask_contact_shuffled_within_task,task,0.0768860070123,3840,0.559540030173,0.17976111853,ALL,0.29560546875,0.652306997342,0.476822916667,HISTORICAL_EXPLORATORY_EPISODES_40_49,plate_push,0.000194423896563
0.0204751874743,0.184814251552,0.93828125,0.734277671237,all_context_zeroed_action_pair_retained,task,0.169408382476,3840,0.57651512579,0.161564689068,ALL,0.269173177083,1.01708960322,0.725260416667,HISTORICAL_EXPLORATORY_EPISODES_40_49,stove_turn_on,0.00142849251454
0.0193351014371,0.140675557838,0.9359375,1,correct_context,task,0,3840,0.677278947312,0.117425995675,ALL,0.406380208333,0,0,HISTORICAL_EXPLORATORY_EPISODES_40_49,stove_turn_on,0.00111734893634
0.0186401373516,0.154383560585,0.935416666667,0.894214985701,history_actions_masks_shuffled_within_task,task,0.152486584501,3840,0.638387109733,0.131133998667,ALL,0.345377604167,0.846264389385,0.4109375,HISTORICAL_EXPLORATORY_EPISODES_40_49,stove_turn_on,0.00122943568071
0.0191775398377,0.139192816498,0.933854166667,0.97821274118,nominal_shuffled_within_task,task,0.0342678915572,3840,0.67741886465,0.115943254372,ALL,0.396907552083,0.260344415922,0.15625,HISTORICAL_EXPLORATORY_EPISODES_40_49,stove_turn_on,0.00110542024669
0.0192314717931,0.140856314951,0.934375,0.995522804878,nominal_zeroed,task,0.0158494297376,3840,0.676213759744,0.117606752745,ALL,0.400716145833,0.0672216630032,0.1,HISTORICAL_EXPLORATORY_EPISODES_40_49,stove_turn_on,0.00112587588356
0.0188363739382,0.161036343959,0.93671875,0.85204457866,state_and_nominal_jointly_shuffled,task,0.114228747747,3840,0.626766579115,0.13778678166,ALL,0.317415364583,0.662536370081,0.47265625,HISTORICAL_EXPLORATORY_EPISODES_40_49,stove_turn_on,0.00117850965252
0.0186847891482,0.15980269518,0.9375,0.864597839176,state_mask_contact_shuffled_within_task,task,0.104216556136,3840,0.631560091152,0.136553132876,ALL,0.322200520833,0.595680962664,0.455729166667,HISTORICAL_EXPLORATORY_EPISODES_40_49,stove_turn_on,0.00116769721499
0.0204751874743,0.284830724699,0.93515625,0.830879774637,all_context_zeroed_action_pair_retained,task,0.0754519438885,3840,0.573001847712,0.2462599496,ALL,0.279231770833,1.02935969766,0.661979166667,HISTORICAL_EXPLORATORY_EPISODES_40_49,wine_rack,0.014787785157
0.018180408672,0.25803465519,0.9390625,1,correct_context,task,0,3840,0.60467039406,0.21946388028,ALL,0.371875,0,0,HISTORICAL_EXPLORATORY_EPISODES_40_49,wine_rack,0.0152357758907
0.0178446206768,0.262367197323,0.938802083333,0.94198827121,history_actions_masks_shuffled_within_task,task,0.0580452304125,3840,0.594612769406,0.223796422097,ALL,0.324479166667,0.743895279742,0.359114583333,HISTORICAL_EXPLORATORY_EPISODES_40_49,wine_rack,0.0142033323199
0.0182606096936,0.256713495544,0.937239583333,0.997028599599,nominal_shuffled_within_task,task,0.00903748456927,3840,0.603848127632,0.218142720736,ALL,0.370084635417,0.0577712860415,0.07578125,HISTORICAL_EXPLORATORY_EPISODES_40_49,wine_rack,0.0146390013786
0.0182829864024,0.258066638422,0.938541666667,0.999404076707,nominal_zeroed,task,0.00364474721934,3840,0.604554516488,0.219495863586,ALL,0.370182291667,0.0236079415747,0.0489583333333,HISTORICAL_EXPLORATORY_EPISODES_40_49,wine_rack,0.0149615679479
0.017746595721,0.264409170427,0.93984375,0.93552423873,state_and_nominal_jointly_shuffled,task,0.051985324657,3840,0.596527042646,0.225838395295,ALL,0.32744140625,0.544707866422,0.36015625,HISTORICAL_EXPLORATORY_EPISODES_40_49,wine_rack,0.0149461077696
0.0177018503607,0.262963189441,0.937239583333,0.936313565263,state_mask_contact_shuffled_within_task,task,0.0541408710535,3840,0.597369518638,0.224392414376,ALL,0.32939453125,0.574867682029,0.351041666667,HISTORICAL_EXPLORATORY_EPISODES_40_49,wine_rack,0.0146671605372
0.0204751874743,0.294923966476,0.954947916667,0.736184335311,all_context_zeroed_action_pair_retained,phase,0.0662462210787,3840,0.413399032594,0.264728927307,contact_onset,0.176106770833,0.596405694368,0.715104166667,HISTORICAL_EXPLORATORY_EPISODES_40_49,ALL,0.0010428210105
0.0174308008672,0.250318759548,0.95390625,1,correct_context,phase,0,3840,0.478625541844,0.220123720663,contact_onset,0.2267578125,0,0,HISTORICAL_EXPLORATORY_EPISODES_40_49,ALL,0.000869369712212
0.0177636933341,0.254361775211,0.952864583333,0.908325944034,history_actions_masks_shuffled_within_task,phase,0.0660470771946,3840,0.466854434741,0.224166736204,contact_onset,0.216731770833,0.55116202477,0.363541666667,HISTORICAL_EXPLORATORY_EPISODES_40_49,ALL,0.000873713217343
0.0174472665137,0.250978917358,0.952864583333,0.994188308646,nominal_shuffled_within_task,phase,0.00906590293653,3840,0.477582300928,0.220783878596,contact_onset,0.225846354167,0.0702580376399,0.0828125,HISTORICAL_EXPLORATORY_EPISODES_40_49,ALL,0.000857073532573
0.0174284186504,0.250960982125,0.953385416667,0.998805697711,nominal_zeroed,phase,0.00347543650646,3840,0.478262213201,0.220765943224,contact_onset,0.226595052083,0.0243658672066,0.0299479166667,HISTORICAL_EXPLORATORY_EPISODES_40_49,ALL,0.000879917090541
0.0179232052123,0.260972917815,0.9546875,0.894745330958,state_and_nominal_jointly_shuffled,phase,0.0641021262512,3840,0.463426266962,0.230777878865,contact_onset,0.215169270833,0.577689196871,0.404427083333,HISTORICAL_EXPLORATORY_EPISODES_40_49,ALL,0.000866644389099
0.0178460562693,0.261145507038,0.953385416667,0.901093651137,state_mask_contact_shuffled_within_task,phase,0.056889540876,3840,0.46409093249,0.230950468134,contact_onset,0.215983072917,0.508009941912,0.3953125,HISTORICAL_EXPLORATORY_EPISODES_40_49,ALL,0.000870266863312
0.0204751874743,0.015541889085,1,0.827738563099,all_context_zeroed_action_pair_retained,phase,0.0817993341664,3840,0.957154943216,0.00505603440139,free_space,0.54248046875,1.89450423187,0.671614583333,HISTORICAL_EXPLORATORY_EPISODES_40_49,ALL,7.22801448324e-19
0.0212433854679,0.0121110344544,1,1,correct_context,phase,0,3840,0.989276990729,0.00162517976305,free_space,0.762760416667,0,0,HISTORICAL_EXPLORATORY_EPISODES_40_49,ALL,8.23993651089e-19
0.0193723397571,0.0136738487651,1,0.947826891184,history_actions_masks_shuffled_within_task,phase,0.046916726546,3840,0.976505634788,0.00318799407493,free_space,0.650325520833,1.16266135127,0.35625,HISTORICAL_EXPLORATORY_EPISODES_40_49,ALL,8.09537622123e-19
0.0211742879135,0.0123200995443,1,0.993264649011,nominal_shuffled_within_task,phase,0.00390651755604,3840,0.987592139012,0.00183424485813,free_space,0.748567708333,0.0918778091729,0.127864583333,HISTORICAL_EXPLORATORY_EPISODES_40_49,ALL,8.09537622123e-19
0.0212856342467,0.0122183451224,1,0.998066935994,nominal_zeroed,phase,0.00137395435249,3840,0.988860256503,0.00173249043673,free_space,0.756087239583,0.0320368938562,0.0979166666667,HISTORICAL_EXPLORATORY_EPISODES_40_49,ALL,7.8062556419e-19
0.0193269579322,0.0162760047103,1,0.895489257831,state_and_nominal_jointly_shuffled,phase,0.0368784308023,3840,0.956698523282,0.00579015000906,free_space,0.57080078125,0.811200643757,0.476302083333,HISTORICAL_EXPLORATORY_EPISODES_40_49,ALL,7.66169535223e-19
0.019339455815,0.0160743055183,1,0.900552691429,state_mask_contact_shuffled_within_task,phase,0.0360704852768,3840,0.95747176698,0.00558845081575,free_space,0.57626953125,0.801755672181,0.458072916667,HISTORICAL_EXPLORATORY_EPISODES_40_49,ALL,6.93889390391e-19
0.0204751874743,0.319250535081,0.995052083333,0.760121249431,all_context_zeroed_action_pair_retained,phase,0.168588237116,3840,0.415911545836,0.285064217462,post_contact,0.181380208333,0.640701142622,0.7046875,HISTORICAL_EXPLORATORY_EPISODES_40_49,ALL,0.0189991300501
0.0181478818044,0.255056058699,0.9953125,1,correct_context,phase,0,3840,0.518332507708,0.220869741223,post_contact,0.260286458333,0,0,HISTORICAL_EXPLORATORY_EPISODES_40_49,ALL,0.018536856604
0.0179104586562,0.271438774612,0.995833333333,0.927450138894,history_actions_masks_shuffled_within_task,phase,0.106888462066,3840,0.482999313219,0.23725245722,post_contact,0.2306640625,0.40324187868,0.32265625,HISTORICAL_EXPLORATORY_EPISODES_40_49,ALL,0.0178891598453
0.0181782839802,0.253937048465,0.9953125,0.998916382618,nominal_shuffled_within_task,phase,0.00863727526613,3840,0.518700279263,0.219750731052,post_contact,0.26005859375,0.0320955974561,0.05625,HISTORICAL_EXPLORATORY_EPISODES_40_49,ALL,0.0179691223544
0.0181175562799,0.254040550181,0.995572916667,0.99901196534,nominal_zeroed,phase,0.0105905231542,3840,0.51890734552,0.219854232739,post_contact,0.25986328125,0.0313663070472,0.0572916666667,HISTORICAL_EXPLORATORY_EPISODES_40_49,ALL,0.0182820426097
0.0180577824939,0.293680111207,0.995572916667,0.866912220924,state_and_nominal_jointly_shuffled,phase,0.114693556336,3840,0.468086531383,0.259493793619,post_contact,0.225358072917,0.506400491859,0.440364583333,HISTORICAL_EXPLORATORY_EPISODES_40_49,ALL,0.018637964617
0.0180277642032,0.29373567692,0.994791666667,0.868602413305,state_mask_contact_shuffled_within_task,phase,0.112744315423,3840,0.470436970547,0.259549359292,post_contact,0.226497395833,0.515127708912,0.433072916667,HISTORICAL_EXPLORATORY_EPISODES_40_49,ALL,0.0185263868937
0.0204751874743,0.327205855948,0.888541666667,0.770350184248,all_context_zeroed_action_pair_retained,phase,0.0865898347964,3840,0.408773863834,0.282632043075,pre_contact,0.180989583333,0.665227699013,0.690885416667,HISTORICAL_EXPLORATORY_EPISODES_40_49,ALL,0.000464917342982
0.0187018799815,0.299797121575,0.892708333333,1,correct_context,phase,0,3840,0.44654414371,0.255223308852,pre_contact,0.211100260417,0,0,HISTORICAL_EXPLORATORY_EPISODES_40_49,ALL,0.000398568909856
0.0188007382203,0.305626280727,0.892708333333,0.920138818468,history_actions_masks_shuffled_within_task,phase,0.0617774597832,3840,0.441764037162,0.26105246784,pre_contact,0.208365885417,0.348366356283,0.330989583333,HISTORICAL_EXPLORATORY_EPISODES_40_49,ALL,0.00041215745296
0.0187066382922,0.298764780348,0.890104166667,0.977484958206,nominal_shuffled_within_task,phase,0.0332301388881,3840,0.448316168233,0.254190967678,pre_contact,0.211555989583,0.222484189568,0.141666666667,HISTORICAL_EXPLORATORY_EPISODES_40_49,ALL,0.000399304275282
0.0186875930338,0.300275073436,0.891927083333,0.994212123305,nominal_zeroed,phase,0.0140310930684,3840,0.446298284119,0.255701260759,pre_contact,0.2103515625,0.0684045005083,0.0872395833333,HISTORICAL_EXPLORATORY_EPISODES_40_49,ALL,0.000397287880334
0.0187401619718,0.305771097674,0.895052083333,0.878935602747,state_and_nominal_jointly_shuffled,phase,0.0771880241003,3840,0.436595300607,0.26119728478,pre_contact,0.200944010417,0.494465402883,0.426041666667,HISTORICAL_EXPLORATORY_EPISODES_40_49,ALL,0.000416001948026
0.0185641092366,0.304780987701,0.89609375,0.894839491512,state_mask_contact_shuffled_within_task,phase,0.0734051466675,3840,0.439403211439,0.26020717498,pre_contact,0.203515625,0.452750917001,0.41015625,HISTORICAL_EXPLORATORY_EPISODES_40_49,ALL,0.00040432828701
