B2_error,C3_FULL_error,C3_K64_error,C5_error,O_FULL_error,O_K64_error,c4_override_loss,consequence_group,direction_family_id,learned_compression_loss,learned_metric_loss,level,n_targets,oracle_bank_compression_loss,phase,split,task_id
0.308171932751,0.229492507628,0.283150071202,0.37496937239,0.0401797687471,0.137690581577,0.0918193011873,BALANCED_TASK_EFFECT,ALL,0.0536575635746,0.189312738881,pooled,6144,0.0975108128295,ALL,DEVELOPMENT_EPISODES_36_39,ALL
0.187312345166,0.148047535291,0.185088529508,0.253428592733,0.0533991516162,0.088616782371,0.0683400632249,object_pose,ALL,0.0370409942164,0.0946483836751,pooled,6144,0.0352176307549,ALL,DEVELOPMENT_EPISODES_36_39,ALL
0.238400751861,0.170250746594,0.230769126272,0.340921737272,0.0724147655333,0.130792922765,0.110152611,tcp_object_relative_pose,ALL,0.0605183796777,0.0978359810612,pooled,6144,0.0583781572317,ALL,DEVELOPMENT_EPISODES_36_39,ALL
0.744678426931,0.6199917537,0.719853246464,0.840611032079,0.0486559967533,0.369296025447,0.120757785616,contact_mode_and_penetration,ALL,0.0998614927643,0.571335756946,pooled,6144,0.320640028694,ALL,DEVELOPMENT_EPISODES_36_39,ALL
0.297217975857,0.159880442893,0.219717502186,0.370764846348,0.0219339558638,0.0907995262635,0.151047344162,gripper_and_articulation,ALL,0.0598370592934,0.137946487029,pooled,6144,0.0688655703996,ALL,DEVELOPMENT_EPISODES_36_39,ALL
0.0732501639415,0.0492920596604,0.0603219515814,0.0691206535159,0.00449497396908,0.00894765103678,0.00879870193452,task_progress_and_constraint,ALL,0.011029891921,0.0447970856913,pooled,6144,0.0044526770677,ALL,DEVELOPMENT_EPISODES_36_39,ALL
0.510530719281,0.441734477556,0.515074966406,0.621999145743,0.0798138122102,0.23461665859,0.106924179337,BALANCED_TASK_EFFECT,ALL,0.0733404888499,0.361920665346,task,1536,0.15480284638,ALL,DEVELOPMENT_EPISODES_36_39,bowl_on_plate
0.488517525398,0.428817837055,0.500989064596,0.636813570407,0.120842234509,0.203262023882,0.135824505811,object_pose,ALL,0.0721712275411,0.307975602545,task,1536,0.0824197893727,ALL,DEVELOPMENT_EPISODES_36_39,bowl_on_plate
0.541485004331,0.44287733626,0.540793274129,0.734318408679,0.139302977976,0.239316446399,0.19352513455,tcp_object_relative_pose,ALL,0.0979159378686,0.303574358284,task,1536,0.100013468423,ALL,DEVELOPMENT_EPISODES_36_39,bowl_on_plate
1.1660962546,1.06544305589,1.16657983982,1.24255487015,0.0983108550976,0.636281814399,0.075975030331,contact_mode_and_penetration,ALL,0.101136783924,0.967132200794,task,1536,0.537970959302,ALL,DEVELOPMENT_EPISODES_36_39,bowl_on_plate
0.272498393921,0.183259799271,0.267496296072,0.425548197435,0.030966610888,0.0831930055873,0.158051901363,gripper_and_articulation,ALL,0.0842364968015,0.152293188383,task,1536,0.0522263946993,ALL,DEVELOPMENT_EPISODES_36_39,bowl_on_plate
0.0840564181569,0.0882743593026,0.099516357417,0.0707606820479,0.00964638257967,0.0110300026826,-0.0287556753691,task_progress_and_constraint,ALL,0.0112419981144,0.078627976723,task,1536,0.00138362010297,ALL,DEVELOPMENT_EPISODES_36_39,bowl_on_plate
0.262824828365,0.180431823125,0.225219530659,0.323900357218,0.028017336636,0.14234446107,0.0986808265589,BALANCED_TASK_EFFECT,ALL,0.0447877075345,0.152414486489,task,1536,0.114327124434,ALL,DEVELOPMENT_EPISODES_36_39,plate_push
0.0732504829231,0.0338482421817,0.0498191372141,0.122725434811,0.0471333304068,0.0636474027398,0.0729062975965,object_pose,ALL,0.0159708950324,-0.0132850882251,task,1536,0.0165140723331,ALL,DEVELOPMENT_EPISODES_36_39,plate_push
0.0814918847977,0.0392727445036,0.0670821751293,0.136353283746,0.038059411834,0.0695122406195,0.0692711086164,tcp_object_relative_pose,ALL,0.0278094306257,0.00121333266958,task,1536,0.0314528287855,ALL,DEVELOPMENT_EPISODES_36_39,plate_push
1.08396057751,0.803444891722,0.970188002039,1.24477641371,0.0408132344201,0.535859552482,0.274588411667,contact_mode_and_penetration,ALL,0.166743110316,0.762631657302,task,1536,0.495046318062,ALL,DEVELOPMENT_EPISODES_36_39,plate_push
0.0747626469171,0.0250650535408,0.0383457036021,0.11470218672,0.0136394892934,0.041980501316,0.0763564831179,gripper_and_articulation,ALL,0.0132806500614,0.0114255642474,task,1536,0.0283410120226,ALL,DEVELOPMENT_EPISODES_36_39,plate_push
0.000658549671532,0.000528183674098,0.000662635310942,0.000944467107715,0.000441217225565,0.000722608190338,0.000281831796772,task_progress_and_constraint,ALL,0.000134451636844,8.6966448533e-05,task,1536,0.000281390964772,ALL,DEVELOPMENT_EPISODES_36_39,plate_push
0.258332834699,0.135515801366,0.190093054642,0.314179081734,0.0245614136449,0.0887355162546,0.124086027092,BALANCED_TASK_EFFECT,ALL,0.0545772532755,0.110954387721,task,1536,0.0641741026097,ALL,DEVELOPMENT_EPISODES_36_39,stove_turn_on
0,0,0,0,0,0,0,object_pose,ALL,0,0,task,1536,0,ALL,DEVELOPMENT_EPISODES_36_39,stove_turn_on
0.114314968646,0.0472385919555,0.0931474403791,0.20523496402,0.0527574426252,0.104332801165,0.112087523641,tcp_object_relative_pose,ALL,0.0459088484236,-0.00551885066967,task,1536,0.0515753585403,ALL,DEVELOPMENT_EPISODES_36_39,stove_turn_on
0.271354718426,0.209903079091,0.262195590398,0.351927746391,0.0250126370066,0.0989227964742,0.0897321559931,contact_mode_and_penetration,ALL,0.0522925113074,0.184890442084,task,1536,0.0739101594675,ALL,DEVELOPMENT_EPISODES_36_39,stove_turn_on
0.753522914532,0.364982751829,0.492979729655,0.853178950489,0.0377983232203,0.218121462314,0.360199220834,gripper_and_articulation,ALL,0.127996977826,0.327184428609,task,1536,0.180323139094,ALL,DEVELOPMENT_EPISODES_36_39,stove_turn_on
0.152471571889,0.0554545839563,0.102142512777,0.160553747767,0.00723866537245,0.0223005213194,0.0584112349908,task_progress_and_constraint,ALL,0.0466879288203,0.0482159185838,task,1536,0.015061855947,ALL,DEVELOPMENT_EPISODES_36_39,stove_turn_on
0.200999348661,0.160287928464,0.202212733103,0.239798904864,0.0283265124975,0.0850656903923,0.0375861717611,BALANCED_TASK_EFFECT,ALL,0.0419248046384,0.131961415967,task,1536,0.0567391778948,ALL,DEVELOPMENT_EPISODES_36_39,wine_rack
0.187481372342,0.129524061929,0.189545916221,0.254175365713,0.0456210415486,0.0875577028623,0.0646294494918,object_pose,ALL,0.0600218542921,0.08390302038,task,1536,0.0419366613137,ALL,DEVELOPMENT_EPISODES_36_39,wine_rack
0.216311149668,0.151614313659,0.222053615452,0.287780292644,0.0595392296979,0.110010202876,0.065726677192,tcp_object_relative_pose,ALL,0.070439301793,0.0920750839612,task,1536,0.0504709731778,ALL,DEVELOPMENT_EPISODES_36_39,wine_rack
0.457302157185,0.401175988094,0.480449553603,0.523185098075,0.0304872604887,0.206119938432,0.0427355444711,contact_mode_and_penetration,ALL,0.0792735655098,0.370688727605,task,1536,0.175632677944,ALL,DEVELOPMENT_EPISODES_36_39,wine_rack
0.0880879480592,0.0662141669315,0.0800482794161,0.0896300507469,0.00533140005375,0.0199031358364,0.00958177133073,gripper_and_articulation,ALL,0.0138341124846,0.0608827668778,task,1536,0.0145717357827,ALL,DEVELOPMENT_EPISODES_36_39,wine_rack
0.0558141160489,0.0529111117086,0.0389663008209,0.0442237171405,0.000653630698631,0.00173747195473,0.00525741631966,task_progress_and_constraint,ALL,-0.0139448108877,0.0522574810099,task,1536,0.0010838412561,ALL,DEVELOPMENT_EPISODES_36_39,wine_rack
0.400395304674,0.316147492442,0.385115892261,0.493802328462,0.0473227718444,0.176885586514,0.108686436201,BALANCED_TASK_EFFECT,ALL,0.0689683998194,0.268824720597,phase,1536,0.129562814669,contact_onset,DEVELOPMENT_EPISODES_36_39,ALL
0.285599880804,0.227325709165,0.292719440625,0.422789435263,0.0758222726877,0.127750060922,0.130069994638,object_pose,ALL,0.06539373146,0.151503436477,phase,1536,0.0519277882348,contact_onset,DEVELOPMENT_EPISODES_36_39,ALL
0.261084732269,0.220787073692,0.283409583531,0.39086683736,0.0602489025247,0.102375684088,0.107457253829,tcp_object_relative_pose,ALL,0.0626225098385,0.160538171168,phase,1536,0.0421267815636,contact_onset,DEVELOPMENT_EPISODES_36_39,ALL
1.03957303974,0.85471442283,0.997129517449,1.13157604281,0.0540321203763,0.502104941744,0.134446525357,contact_mode_and_penetration,ALL,0.142415094619,0.800682302453,phase,1536,0.448072821368,contact_onset,DEVELOPMENT_EPISODES_36_39,ALL
0.391034893117,0.263719102804,0.326575005886,0.491082682064,0.0414271123613,0.142315780948,0.164507676177,gripper_and_articulation,ALL,0.0628559030829,0.222291990442,phase,1536,0.100888668587,contact_onset,DEVELOPMENT_EPISODES_36_39,ALL
0.0246839774363,0.0141911537181,0.0257459138148,0.0326966448183,0.00508345127226,0.00988146486477,0.00695073100354,task_progress_and_constraint,ALL,0.0115547600967,0.00910770244588,phase,1536,0.00479801359251,contact_onset,DEVELOPMENT_EPISODES_36_39,ALL
0.0336724329466,0.0111321436318,0.0241211632655,0.055894051728,0.00945558227794,0.0229072645016,0.0317728884625,BALANCED_TASK_EFFECT,ALL,0.0129890196336,0.0016765613539,phase,1536,0.0134516822237,free_space,DEVELOPMENT_EPISODES_36_39,ALL
1.12896938896e-29,1.26408677193e-29,1.62070836104e-29,9.08524227544e-30,1.28765764189e-29,1.54899899354e-29,-7.12184133498e-30,object_pose,ALL,3.5662158911e-30,-2.35708699527e-31,phase,1536,2.6134135165e-30,free_space,DEVELOPMENT_EPISODES_36_39,ALL
0.168362126898,0.0556605968446,0.120605686744,0.279470127749,0.0472777595084,0.114536230338,0.158864441004,tcp_object_relative_pose,ALL,0.0649450898996,0.0083828373362,phase,1536,0.0672584708299,free_space,DEVELOPMENT_EPISODES_36_39,ALL
0,0,0,0,0,0,0,contact_mode_and_penetration,ALL,0,0,phase,1536,0,free_space,DEVELOPMENT_EPISODES_36_39,ALL
3.78348632606e-08,1.21314554751e-07,1.29583153226e-07,1.30891259427e-07,1.51881253e-07,9.21698867979e-08,1.30810620147e-09,gripper_and_articulation,ALL,8.26859847501e-09,-3.05666982498e-08,phase,1536,-5.97113662024e-08,free_space,DEVELOPMENT_EPISODES_36_39,ALL
1.0030885127e-31,1.40432391778e-31,1.0030885127e-31,1.0030885127e-31,1.20370621524e-31,1.80555932286e-31,0,task_progress_and_constraint,ALL,-4.01235405081e-32,2.0061770254e-32,phase,1536,6.01853107621e-32,free_space,DEVELOPMENT_EPISODES_36_39,ALL
0.361346303179,0.238260935529,0.283375992421,0.449324349008,0.0403971872263,0.143811657657,0.165948356587,BALANCED_TASK_EFFECT,ALL,0.0451150568917,0.197863748303,phase,1536,0.103414470431,post_contact,DEVELOPMENT_EPISODES_36_39,ALL
0.187125465476,0.134933348652,0.181585982126,0.288433545578,0.0573717066068,0.101592691447,0.106847563452,object_pose,ALL,0.0466526334744,0.0775616420447,phase,1536,0.0442209848403,post_contact,DEVELOPMENT_EPISODES_36_39,ALL
0.188577286107,0.138635765757,0.190711728806,0.293557393736,0.061624698284,0.106902953971,0.10284566493,tcp_object_relative_pose,ALL,0.052075963049,0.077011067473,phase,1536,0.0452782556869,post_contact,DEVELOPMENT_EPISODES_36_39,ALL
0.734903069737,0.599540314582,0.653057880645,0.879516405711,0.0538476341074,0.354452439605,0.226458525066,contact_mode_and_penetration,ALL,0.0535175660626,0.545692680475,phase,1536,0.300604805497,post_contact,DEVELOPMENT_EPISODES_36_39,ALL
0.517132399781,0.185323057573,0.258382673544,0.599398729972,0.0214814610972,0.142838811962,0.341016056427,gripper_and_articulation,ALL,0.073059615971,0.163841596476,phase,1536,0.121357350865,post_contact,DEVELOPMENT_EPISODES_36_39,ALL
0.178993294793,0.132872191082,0.133141696984,0.185715670043,0.00766043603601,0.0132713913025,0.052573973059,task_progress_and_constraint,ALL,0.00026950590154,0.125211755046,phase,1536,0.00561095526647,post_contact,DEVELOPMENT_EPISODES_36_39,ALL
0.437273690206,0.352429458908,0.439987236862,0.50085676036,0.0635435336399,0.207157817634,0.0608695234988,BALANCED_TASK_EFFECT,ALL,0.0875577779535,0.288885925268,phase,1536,0.143614283994,pre_contact,DEVELOPMENT_EPISODES_36_39,ALL
0.276524034384,0.229931083349,0.26604869528,0.30249139009,0.0804026271703,0.125124377115,0.0364426948094,object_pose,ALL,0.0361176119313,0.149528456179,phase,1536,0.0447217499444,pre_contact,DEVELOPMENT_EPISODES_36_39,ALL
0.335578862169,0.265919550084,0.328349506008,0.399792590244,0.120507701816,0.199356822662,0.0714430842359,tcp_object_relative_pose,ALL,0.0624299559239,0.145411848268,phase,1536,0.0788491208463,pre_contact,DEVELOPMENT_EPISODES_36_39,ALL
1.20423759825,1.02571227739,1.22922558776,1.3513516798,0.0867442325294,0.620626720439,0.12212609204,contact_mode_and_penetration,ALL,0.203513310375,0.938968044857,phase,1536,0.53388248791,pre_contact,DEVELOPMENT_EPISODES_36_39,ALL
0.280704572696,0.19047948988,0.293912199731,0.392577842465,0.0248270981156,0.0780434199733,0.0986656427332,gripper_and_articulation,ALL,0.103432709851,0.165652391765,phase,1536,0.0532163218576,pre_contact,DEVELOPMENT_EPISODES_36_39,ALL
0.0893233835371,0.050104893841,0.0824001955267,0.0580702992022,0.00523600856805,0.0126377479799,-0.0243298963245,task_progress_and_constraint,ALL,0.0322953016856,0.044868885273,phase,1536,0.00740173941181,pre_contact,DEVELOPMENT_EPISODES_36_39,ALL
0.296808191573,0.235328210784,0.287498075714,0.355736662558,0.0365389851211,0.132163326034,0.0682385868444,BALANCED_TASK_EFFECT,0,0.0521698649303,0.198789225663,direction_family,2048,0.0956243409127,ALL,DEVELOPMENT_EPISODES_36_39,ALL
0.183844868388,0.16178429774,0.194557839246,0.232875886277,0.0467274568826,0.0850225332058,0.0383180470302,object_pose,0,0.032773541506,0.115056840858,direction_family,2048,0.0382950763231,ALL,DEVELOPMENT_EPISODES_36_39,ALL
0.230216644842,0.17945461918,0.246890880813,0.324654784367,0.06516577926,0.128089417431,0.0777639035533,tcp_object_relative_pose,0,0.0674362616336,0.11428883992,direction_family,2048,0.0629236381712,ALL,DEVELOPMENT_EPISODES_36_39,ALL
0.740846206257,0.620194270397,0.71536664445,0.829550561857,0.0473508229226,0.356027522223,0.114183917408,contact_mode_and_penetration,0,0.0951723740531,0.572843447474,direction_family,2048,0.3086766993,ALL,DEVELOPMENT_EPISODES_36_39,ALL
0.263088336655,0.169451853917,0.224533277186,0.328601328145,0.0182563336108,0.0827343647928,0.104068050959,gripper_and_articulation,0,0.0550814232688,0.151195520306,direction_family,2048,0.064478031182,ALL,DEVELOPMENT_EPISODES_36_39,ALL
0.0660449017249,0.0457560126853,0.0561417368751,0.0630007521463,0.0051945329297,0.00894279251622,0.00685901527112,task_progress_and_constraint,0,0.0103857241899,0.0405614797556,direction_family,2048,0.00374825958653,ALL,DEVELOPMENT_EPISODES_36_39,ALL
0.340465298065,0.237119623349,0.293605069656,0.42874083943,0.0537525832882,0.158331435821,0.135135769774,BALANCED_TASK_EFFECT,1,0.0564854463061,0.183367040061,direction_family,2048,0.104578852533,ALL,DEVELOPMENT_EPISODES_36_39,ALL
0.199994209097,0.140421047222,0.189600404771,0.318208368614,0.0714597670535,0.101032264584,0.128607963843,object_pose,1,0.0491793575491,0.0689612801686,direction_family,2048,0.0295724975302,ALL,DEVELOPMENT_EPISODES_36_39,ALL
0.275188864328,0.169833734161,0.238026159052,0.394456017854,0.0997803703803,0.149246669365,0.156429858801,tcp_object_relative_pose,1,0.0681924248914,0.0700533637806,direction_family,2048,0.0494662989848,ALL,DEVELOPMENT_EPISODES_36_39,ALL
0.766813200055,0.64706749669,0.736442051191,0.893677710377,0.0621921306417,0.413664777916,0.157235659186,contact_mode_and_penetration,1,0.0893745545011,0.584875366049,direction_family,2048,0.351472647274,ALL,DEVELOPMENT_EPISODES_36_39,ALL
0.373607292862,0.175345490509,0.230578575179,0.442825783059,0.0302433689759,0.11712157792,0.21224720788,gripper_and_articulation,1,0.0552330846701,0.145102121533,direction_family,2048,0.0868782089446,ALL,DEVELOPMENT_EPISODES_36_39,ALL
0.0867229239828,0.0529303481651,0.0733781580841,0.0945363172462,0.00508727938941,0.0105918893189,0.0211581591621,task_progress_and_constraint,1,0.020447809919,0.0478430687757,direction_family,2048,0.00550460992948,ALL,DEVELOPMENT_EPISODES_36_39,ALL
0.287242308616,0.21602968875,0.268347068237,0.34043061518,0.0302477378321,0.122576982875,0.072083546943,BALANCED_TASK_EFFECT,2,0.0523173794872,0.185781950918,direction_family,2048,0.0923292450433,ALL,DEVELOPMENT_EPISODES_36_39,ALL
0.178097958013,0.141937260911,0.171107344505,0.209201523307,0.0420102309124,0.0797955493237,0.0380941788016,object_pose,2,0.0291700835941,0.0999270299989,direction_family,2048,0.0377853184113,ALL,DEVELOPMENT_EPISODES_36_39,ALL
0.209796746413,0.161463886443,0.207390338951,0.303654409596,0.0522981469597,0.115042681499,0.0962640706448,tcp_object_relative_pose,2,0.0459264525082,0.109165739483,direction_family,2048,0.062744534539,ALL,DEVELOPMENT_EPISODES_36_39,ALL
0.726375874482,0.592713494012,0.70775104375,0.798604824003,0.0364250366955,0.338195776203,0.0908537802529,contact_mode_and_penetration,2,0.115037549739,0.556288457316,direction_family,2048,0.301770739507,ALL,DEVELOPMENT_EPISODES_36_39,ALL
0.254958298055,0.134843984253,0.204040654194,0.34086742784,0.0173021650049,0.0725426360771,0.136826773645,gripper_and_articulation,2,0.0691966699412,0.117541819248,direction_family,2048,0.0552404710722,ALL,DEVELOPMENT_EPISODES_36_39,ALL
0.0669826661169,0.0491898181308,0.0514459597848,0.0498248911552,0.00320310958813,0.00730827127522,-0.00162106862969,task_progress_and_constraint,2,0.00225614165402,0.0459867085427,direction_family,2048,0.00410516168709,ALL,DEVELOPMENT_EPISODES_36_39,ALL
0.271994813468,0.204320743569,0.268328582113,0.334293755113,0.029860256154,0.120583031643,0.0659651730008,BALANCED_TASK_EFFECT,ALL,0.0640078385434,0.174460487415,pooled,15360,0.0907227754888,ALL,HISTORICAL_EXPLORATORY_EPISODES_40_49,ALL
0.118084783977,0.0927262472046,0.133601855249,0.160851549791,0.0367109349443,0.0629937138403,0.0272496945422,object_pose,ALL,0.0408756080439,0.0560153122603,pooled,15360,0.0262827788959,ALL,HISTORICAL_EXPLORATORY_EPISODES_40_49,ALL
0.178832017962,0.12593932117,0.194192461021,0.282453986122,0.0639225809483,0.118203606115,0.0882615251011,tcp_object_relative_pose,ALL,0.0682531398502,0.0620167402222,pooled,15360,0.0542810251665,ALL,HISTORICAL_EXPLORATORY_EPISODES_40_49,ALL
0.742173263399,0.623391059104,0.756797445744,0.852871538891,0.0304492603343,0.337338370242,0.0960740931463,contact_mode_and_penetration,ALL,0.133406386641,0.59294179877,pooled,15360,0.306889109908,ALL,HISTORICAL_EXPLORATORY_EPISODES_40_49,ALL
0.24769579624,0.121748824593,0.188331886001,0.290223596562,0.0161448547638,0.0789764607065,0.101891710561,gripper_and_articulation,ALL,0.0665830614079,0.10560396983,pooled,15360,0.0628316059427,ALL,HISTORICAL_EXPLORATORY_EPISODES_40_49,ALL
0.0731882057638,0.0577982657733,0.0687192625476,0.0850681042017,0.00207364977949,0.0054030073108,0.0163488416541,task_progress_and_constraint,ALL,0.0109209967742,0.0557246159938,pooled,15360,0.00332935753131,ALL,HISTORICAL_EXPLORATORY_EPISODES_40_49,ALL
0.284682500377,0.24406599683,0.326335475926,0.373105301518,0.034275939502,0.137299521208,0.0467698255921,BALANCED_TASK_EFFECT,ALL,0.0822694790966,0.209790057328,task,3840,0.103023581706,ALL,HISTORICAL_EXPLORATORY_EPISODES_40_49,bowl_on_plate
0.17183771414,0.134793827897,0.208276779158,0.22921257019,0.0490703872954,0.0889851291376,0.0209357910316,object_pose,ALL,0.0734829512608,0.085723440602,task,3840,0.0399147418423,ALL,HISTORICAL_EXPLORATORY_EPISODES_40_49,bowl_on_plate
0.231019357993,0.170384633976,0.272052517308,0.360813115646,0.0736172475304,0.133302828197,0.088760598338,tcp_object_relative_pose,ALL,0.101667883333,0.0967673864452,task,3840,0.0596855806668,ALL,HISTORICAL_EXPLORATORY_EPISODES_40_49,bowl_on_plate
0.852463549688,0.778420029562,0.950116738816,1.03917760157,0.0361808231714,0.438757796742,0.0890608627511,contact_mode_and_penetration,ALL,0.171696709254,0.74223920639,task,3840,0.402576973571,ALL,HISTORICAL_EXPLORATORY_EPISODES_40_49,bowl_on_plate
0.056178780669,0.0462005157235,0.0763526144248,0.084444234707,0.0112266709308,0.0233216716959,0.00809162028222,gripper_and_articulation,ALL,0.0301520987012,0.0349738447927,task,3840,0.0120950007651,ALL,HISTORICAL_EXPLORATORY_EPISODES_40_49,bowl_on_plate
0.111913099394,0.0905309769896,0.124878729923,0.151878985481,0.00128456858217,0.00213018026905,0.0270002555577,task_progress_and_constraint,ALL,0.0343477529339,0.0892464084074,task,3840,0.00084561168688,ALL,HISTORICAL_EXPLORATORY_EPISODES_40_49,bowl_on_plate
0.258745125267,0.174506764419,0.235280911757,0.319272123743,0.0233447475171,0.123450122192,0.0839912119856,BALANCED_TASK_EFFECT,ALL,0.0607741473382,0.151162016902,task,3840,0.100105374675,ALL,HISTORICAL_EXPLORATORY_EPISODES_40_49,plate_push
0.0674679653297,0.0362978211837,0.0581094631796,0.101776410075,0.0411426007867,0.0622416715181,0.0436669468958,object_pose,ALL,0.0218116419958,-0.00484477960299,task,3840,0.0210990707314,ALL,HISTORICAL_EXPLORATORY_EPISODES_40_49,plate_push
0.0925836980651,0.0498156321815,0.084146244488,0.14995403234,0.0415640731746,0.0763167353875,0.0658077878519,tcp_object_relative_pose,ALL,0.0343306123066,0.00825155900686,task,3840,0.0347526622129,ALL,HISTORICAL_EXPLORATORY_EPISODES_40_49,plate_push
1.05743535958,0.747543842041,0.96951275151,1.18484135172,0.0212729746403,0.444285619037,0.215328600207,contact_mode_and_penetration,ALL,0.221968909469,0.726270867401,task,3840,0.423012644397,ALL,HISTORICAL_EXPLORATORY_EPISODES_40_49,plate_push
0.0741861219545,0.0368167989047,0.061884892373,0.157138991617,0.0116282992325,0.0325634929085,0.0952540992442,gripper_and_articulation,ALL,0.0250680934683,0.0251884996722,task,3840,0.020935193676,ALL,HISTORICAL_EXPLORATORY_EPISODES_40_49,plate_push
0.0020524814059,0.00205972778309,0.0027512072345,0.00264983296326,0.00111578975159,0.00184309210739,-0.00010137427124,task_progress_and_constraint,ALL,0.000691479451409,0.000943938031507,task,3840,0.000727302355805,ALL,HISTORICAL_EXPLORATORY_EPISODES_40_49,plate_push
0.26334070691,0.140675557838,0.20064996001,0.3066334733,0.0232495621289,0.0865983875589,0.10598351329,BALANCED_TASK_EFFECT,ALL,0.0599744021724,0.117425995709,task,3840,0.06334882543,ALL,HISTORICAL_EXPLORATORY_EPISODES_40_49,stove_turn_on
0,0,0,0,0,0,0,object_pose,ALL,0,0,task,3840,0,ALL,HISTORICAL_EXPLORATORY_EPISODES_40_49,stove_turn_on
0.116929876216,0.0545866986041,0.104036550396,0.2242367993,0.0595936116203,0.116945235926,0.120200248904,tcp_object_relative_pose,ALL,0.0494498517915,-0.00500691301625,task,3840,0.0573516243057,ALL,HISTORICAL_EXPLORATORY_EPISODES_40_49,stove_turn_on
0.310341609281,0.254354310921,0.316932025287,0.380494775844,0.0206624756191,0.0674940884331,0.0635627505568,contact_mode_and_penetration,ALL,0.0625777143661,0.233691835302,task,3840,0.0468316128141,ALL,HISTORICAL_EXPLORATORY_EPISODES_40_49,stove_turn_on
0.777104225928,0.331534611457,0.501621288835,0.801837973547,0.0319816837957,0.234624522385,0.300216684713,gripper_and_articulation,ALL,0.170086677377,0.299552927662,task,3840,0.202642838589,ALL,HISTORICAL_EXPLORATORY_EPISODES_40_49,stove_turn_on
0.112327823124,0.0629021682067,0.0806599355341,0.12659781781,0.00401003960925,0.0139280910505,0.0459378822757,task_progress_and_constraint,ALL,0.0177577673275,0.0588921285974,task,3840,0.00991805144129,ALL,HISTORICAL_EXPLORATORY_EPISODES_40_49,stove_turn_on
0.28121092132,0.25803465519,0.311047980756,0.338164121892,0.0385707754681,0.134984095612,0.0271161411358,BALANCED_TASK_EFFECT,ALL,0.0530133255662,0.219463879722,task,3840,0.0964133201443,ALL,HISTORICAL_EXPLORATORY_EPISODES_40_49,wine_rack
0.233033456437,0.199813339737,0.268021178656,0.312417218898,0.0566307516953,0.100748054705,0.0443960402414,object_pose,ALL,0.068207838919,0.143182588042,task,3840,0.0441173030101,ALL,HISTORICAL_EXPLORATORY_EPISODES_40_49,wine_rack
0.274795139576,0.228970319921,0.316534531891,0.394811997201,0.0809153914677,0.146249624948,0.0782774653102,tcp_object_relative_pose,ALL,0.08756421197,0.148054928453,task,3840,0.0653342334805,ALL,HISTORICAL_EXPLORATORY_EPISODES_40_49,wine_rack
0.74845253505,0.713246053892,0.790628267364,0.806972426434,0.0436807679065,0.398815976756,0.0163441590699,contact_mode_and_penetration,ALL,0.0773822134726,0.669565285985,task,3840,0.355135208849,ALL,HISTORICAL_EXPLORATORY_EPISODES_40_49,wine_rack
0.0833140564061,0.0724433722877,0.113468748373,0.117473186376,0.0097427650961,0.0253961558366,0.00400443800302,gripper_and_articulation,ALL,0.0410253760851,0.0627006071916,task,3840,0.0156533907405,ALL,HISTORICAL_EXPLORATORY_EPISODES_40_49,wine_rack
0.0664594191312,0.075700190114,0.0665871774982,0.0591457805526,0.00188420117493,0.0037106658162,-0.00744139694557,task_progress_and_constraint,ALL,-0.00911301261586,0.0738159889391,task,3840,0.00182646464127,ALL,HISTORICAL_EXPLORATORY_EPISODES_40_49,wine_rack
0.341976470189,0.250318759548,0.344291027668,0.397924118819,0.0301950391977,0.141913744501,0.0536330911505,BALANCED_TASK_EFFECT,ALL,0.0939722681207,0.22012372035,phase,3840,0.111718705303,contact_onset,HISTORICAL_EXPLORATORY_EPISODES_40_49,ALL
0.159022319126,0.111620796389,0.168581973438,0.216160379124,0.0481049812608,0.081361437818,0.0475784056862,object_pose,ALL,0.0569611770485,0.0635158151284,phase,3840,0.0332564565572,contact_onset,HISTORICAL_EXPLORATORY_EPISODES_40_49,ALL
0.162723753179,0.119968795688,0.181923136354,0.223913207591,0.0516265909698,0.0897569928541,0.0419900712367,tcp_object_relative_pose,ALL,0.0619543406654,0.0683422047186,phase,3840,0.0381304018843,contact_onset,HISTORICAL_EXPLORATORY_EPISODES_40_49,ALL
1.03608944808,0.793436746748,1.01485826571,1.17743715772,0.0301238891595,0.446565042009,0.162578892011,contact_mode_and_penetration,ALL,0.221421518958,0.763312857589,phase,3840,0.41644115285,contact_onset,HISTORICAL_EXPLORATORY_EPISODES_40_49,ALL
0.306043872073,0.202266586441,0.31529877958,0.32435816851,0.0192653752894,0.0859049968148,0.00905938892967,gripper_and_articulation,ALL,0.113032193139,0.183001211151,phase,3840,0.0666396215253,contact_onset,HISTORICAL_EXPLORATORY_EPISODES_40_49,ALL
0.046002958489,0.024300872472,0.0407929832645,0.0477516811528,0.00185435930888,0.00598025300637,0.00695869788835,task_progress_and_constraint,ALL,0.0164921107924,0.0224465131631,phase,3840,0.00412589369749,contact_onset,HISTORICAL_EXPLORATORY_EPISODES_40_49,ALL
0.0294232932047,0.0121110344544,0.0254782302586,0.0603105815401,0.0104858546848,0.0245172939656,0.0348323512815,BALANCED_TASK_EFFECT,ALL,0.0133671958043,0.00162517976958,phase,3840,0.0140314392808,free_space,HISTORICAL_EXPLORATORY_EPISODES_40_49,ALL
3.26722430057e-30,4.62345633014e-30,2.57507287326e-30,3.38362827186e-30,5.86441764862e-30,3.03249944141e-30,8.08555398601e-31,object_pose,ALL,-2.04838345688e-30,-1.24096131848e-30,phase,3840,-2.83191820721e-30,free_space,HISTORICAL_EXPLORATORY_EPISODES_40_49,ALL
0.147115994587,0.0605534059184,0.127389875184,0.301551601551,0.0524276334156,0.122585675067,0.174161726367,tcp_object_relative_pose,ALL,0.0668364692653,0.00812577250285,phase,3840,0.0701580416517,free_space,HISTORICAL_EXPLORATORY_EPISODES_40_49,ALL
0,0,0,0,0,0,0,contact_mode_and_penetration,ALL,0,0,phase,3840,0,free_space,HISTORICAL_EXPLORATORY_EPISODES_40_49,ALL
4.71436546906e-07,1.76635350726e-06,1.27610945523e-06,1.30615022332e-06,1.64000846628e-06,7.94760933709e-07,3.00407680885e-08,gripper_and_articulation,ALL,-4.90244052026e-07,1.26345040983e-07,phase,3840,-8.45247532566e-07,free_space,HISTORICAL_EXPLORATORY_EPISODES_40_49,ALL
1.34413860702e-31,2.2268564982e-31,2.06636233617e-31,1.50463276905e-31,2.60803013302e-31,2.32716534947e-31,-5.61729567113e-32,task_progress_and_constraint,ALL,-1.60494162032e-32,-3.81173634827e-32,phase,3840,-2.80864783556e-32,free_space,HISTORICAL_EXPLORATORY_EPISODES_40_49,ALL
0.368935331482,0.255056058699,0.329738035283,0.446333567522,0.0341863178338,0.141518262956,0.116595532239,BALANCED_TASK_EFFECT,ALL,0.0746819765839,0.220869740865,phase,3840,0.107331945122,post_contact,HISTORICAL_EXPLORATORY_EPISODES_40_49,ALL
0.170752362918,0.124914286173,0.18581672177,0.224697649485,0.0555972083114,0.0979939876382,0.0388809277153,object_pose,ALL,0.0609024355968,0.0693170778618,phase,3840,0.0423967793268,post_contact,HISTORICAL_EXPLORATORY_EPISODES_40_49,ALL
0.167959465763,0.128953303853,0.186395645582,0.234325982363,0.0493039351676,0.089261575733,0.0479303367813,tcp_object_relative_pose,ALL,0.0574423417286,0.0796493686857,phase,3840,0.0399576405654,post_contact,HISTORICAL_EXPLORATORY_EPISODES_40_49,ALL
0.833727727761,0.702257497478,0.841099021144,0.967286122306,0.0372606275733,0.340285501908,0.126187101162,contact_mode_and_penetration,ALL,0.138841523666,0.664996869904,phase,3840,0.303024874334,post_contact,HISTORICAL_EXPLORATORY_EPISODES_40_49,ALL
0.480049787493,0.152202299284,0.242369083048,0.572609529839,0.0254439609811,0.171804787168,0.330240446791,gripper_and_articulation,ALL,0.0901667837639,0.126758338303,phase,3840,0.146360826187,post_contact,HISTORICAL_EXPLORATORY_EPISODES_40_49,ALL
0.192187313474,0.166952906707,0.193009704871,0.232748553619,0.00332585713579,0.00824546233382,0.0397388487472,task_progress_and_constraint,ALL,0.0260567981639,0.163627049572,phase,3840,0.00491960519802,post_contact,HISTORICAL_EXPLORATORY_EPISODES_40_49,ALL
0.347644158998,0.299797121575,0.37380703524,0.432606752572,0.0445738128998,0.174382825149,0.0587997173321,BALANCED_TASK_EFFECT,ALL,0.0740099136646,0.255223308676,phase,3840,0.129809012249,pre_contact,HISTORICAL_EXPLORATORY_EPISODES_40_49,ALL
0.142564453862,0.134369906256,0.180008725787,0.202548170554,0.0431415502053,0.072619429905,0.0225394447672,object_pose,ALL,0.0456388195304,0.091228356051,phase,3840,0.0294778796997,pre_contact,HISTORICAL_EXPLORATORY_EPISODES_40_49,ALL
0.237528858321,0.194281779222,0.281061186963,0.370025152983,0.10233216424,0.171210180805,0.0889639660194,tcp_object_relative_pose,ALL,0.0867794077414,0.0919496149817,phase,3840,0.0688780165645,pre_contact,HISTORICAL_EXPLORATORY_EPISODES_40_49,ALL
1.09887587776,0.99786999219,1.17123249613,1.26676287554,0.0544125246045,0.562502937051,0.0955303794117,contact_mode_and_penetration,ALL,0.173362503938,0.943457467585,phase,3840,0.508090412447,pre_contact,HISTORICAL_EXPLORATORY_EPISODES_40_49,ALL
0.204689053955,0.132524646295,0.195658405268,0.263925381749,0.0198684427762,0.0581952640817,0.068266976481,gripper_and_articulation,ALL,0.0631337589727,0.112656203519,phase,3840,0.0383268213056,pre_contact,HISTORICAL_EXPLORATORY_EPISODES_40_49,ALL
0.0545625510917,0.0399392839139,0.0410743620545,0.0597721820355,0.00311438267327,0.00738631390299,0.018697819981,task_progress_and_constraint,ALL,0.00113507814064,0.0368249012406,phase,3840,0.00427193122973,pre_contact,HISTORICAL_EXPLORATORY_EPISODES_40_49,ALL
0.266103508161,0.205676991802,0.265027503578,0.317940036833,0.0288503574729,0.114310435076,0.0529125332553,BALANCED_TASK_EFFECT,0,0.0593505117756,0.176826634329,direction_family,5120,0.0854600776032,ALL,HISTORICAL_EXPLORATORY_EPISODES_40_49,ALL
0.112424453802,0.0940857476146,0.133576833017,0.148510652737,0.0333363529956,0.0619467458908,0.0149338197202,object_pose,0,0.0394910854023,0.060749394619,direction_family,5120,0.0286103928952,ALL,HISTORICAL_EXPLORATORY_EPISODES_40_49,ALL
0.177087246198,0.128799954791,0.19639601313,0.280353437694,0.061738116786,0.115559656219,0.0839574245644,tcp_object_relative_pose,0,0.0675960583391,0.0670618380046,direction_family,5120,0.053821539433,ALL,HISTORICAL_EXPLORATORY_EPISODES_40_49,ALL
0.71072475041,0.626388214104,0.752006295477,0.829399674854,0.0318128753922,0.322207899312,0.0773933793762,contact_mode_and_penetration,0,0.125618081373,0.594575338712,direction_family,5120,0.29039502392,ALL,HISTORICAL_EXPLORATORY_EPISODES_40_49,ALL
0.252550005939,0.120597917333,0.178115456341,0.254320863876,0.0152692825304,0.0671296281963,0.0762054075353,gripper_and_articulation,0,0.0575175390075,0.105328634803,direction_family,5120,0.0518603456659,ALL,HISTORICAL_EXPLORATORY_EPISODES_40_49,ALL
0.077731084457,0.0585131251694,0.0650429199252,0.0771155550056,0.00209515966009,0.0047082457619,0.0120726350805,task_progress_and_constraint,0,0.00652979475578,0.0564179655093,direction_family,5120,0.00261308610181,ALL,HISTORICAL_EXPLORATORY_EPISODES_40_49,ALL
0.273015776164,0.19161118373,0.26444572606,0.350195171824,0.0312609948941,0.12890383986,0.0857494457648,BALANCED_TASK_EFFECT,1,0.0728345423297,0.160350188836,direction_family,5120,0.097642844966,ALL,HISTORICAL_EXPLORATORY_EPISODES_40_49,ALL
0.116761624774,0.0815823360606,0.129660520754,0.173751095356,0.0401552726018,0.0642255096046,0.0440905746018,object_pose,1,0.0480781846938,0.0414270634588,direction_family,5120,0.0240702370028,ALL,HISTORICAL_EXPLORATORY_EPISODES_40_49,ALL
0.182410826906,0.11362277812,0.187321470963,0.280389032364,0.0680351224126,0.121681637442,0.093067561401,tcp_object_relative_pose,1,0.0736986928431,0.0455876557071,direction_family,5120,0.0536465150295,ALL,HISTORICAL_EXPLORATORY_EPISODES_40_49,ALL
0.73975950351,0.60376930599,0.753608138672,0.880127819686,0.0288658935474,0.360501548036,0.126519681014,contact_mode_and_penetration,1,0.149838832682,0.574903412443,direction_family,5120,0.331635654488,ALL,HISTORICAL_EXPLORATORY_EPISODES_40_49,ALL
0.254391118626,0.10677004356,0.185412043608,0.329247220378,0.0172466133292,0.0925985611571,0.14383517677,gripper_and_articulation,1,0.0786420000484,0.0895234302306,direction_family,5120,0.0753519478279,ALL,HISTORICAL_EXPLORATORY_EPISODES_40_49,ALL
0.0717558070042,0.0523114549197,0.0662264563007,0.0874606913384,0.00200207257928,0.00551194306098,0.0212342350377,task_progress_and_constraint,1,0.013915001381,0.0503093823404,direction_family,5120,0.0035098704817,ALL,HISTORICAL_EXPLORATORY_EPISODES_40_49,ALL
0.27686515608,0.215674055175,0.2755125167,0.334746056682,0.0294694160952,0.118534819992,0.0592335399824,BALANCED_TASK_EFFECT,2,0.0598384615248,0.18620463908,direction_family,5120,0.0890654038973,ALL,HISTORICAL_EXPLORATORY_EPISODES_40_49,ALL
0.125068273354,0.102510657939,0.137568211974,0.160292901279,0.0366411792357,0.0628088860254,0.0227246893046,object_pose,2,0.0350575540357,0.065869478703,direction_family,5120,0.0261677067898,ALL,HISTORICAL_EXPLORATORY_EPISODES_40_49,ALL
0.176997980784,0.135395230601,0.198859898969,0.286619488307,0.0619945036461,0.117369524683,0.0877595893378,tcp_object_relative_pose,2,0.0634646683683,0.073400726955,direction_family,5120,0.0553750210369,ALL,HISTORICAL_EXPLORATORY_EPISODES_40_49,ALL
0.776035536279,0.640015657218,0.764777903084,0.849087122133,0.0306690120634,0.329305663379,0.0843092190488,contact_mode_and_penetration,2,0.124762245866,0.609346645155,direction_family,5120,0.298636651315,ALL,HISTORICAL_EXPLORATORY_EPISODES_40_49,ALL
0.236146264153,0.137878512887,0.201468158055,0.287102705432,0.0159186684317,0.0772011927659,0.0856345473767,gripper_and_articulation,2,0.063589645168,0.121959844455,direction_family,5120,0.0612825243342,ALL,HISTORICAL_EXPLORATORY_EPISODES_40_49,ALL
0.0700777258301,0.0625702172309,0.0748884114168,0.090628066261,0.00212371709908,0.0059888331095,0.0157396548442,task_progress_and_constraint,2,0.0123181941859,0.0604465001318,direction_family,5120,0.00386511601042,ALL,HISTORICAL_EXPLORATORY_EPISODES_40_49,ALL
