eligible_reversal_comparisons,level,metric,n_states,n_targets_per_state,phase,split,task_id,train_robust_margin,valid_reversals,value
1024,task_phase,train_robust_reversal_margin_q25,16,96,contact_onset,TRAIN_EPISODES_16_31,bowl_on_plate,0.0859934538603,0,0.0859934538603
1024,task_phase,train_robust_reversal_margin_q25,16,96,free_space,TRAIN_EPISODES_16_31,bowl_on_plate,0.0319591006264,0,0.0319591006264
1024,task_phase,train_robust_reversal_margin_q25,16,96,post_contact,TRAIN_EPISODES_16_31,bowl_on_plate,0.0983655154705,0,0.0983655154705
1024,task_phase,train_robust_reversal_margin_q25,16,96,pre_contact,TRAIN_EPISODES_16_31,bowl_on_plate,0.10503000021,0,0.10503000021
1024,task_phase,train_robust_reversal_margin_q25,16,96,contact_onset,TRAIN_EPISODES_16_31,plate_push,0.0498240217566,0,0.0498240217566
1024,task_phase,train_robust_reversal_margin_q25,16,96,free_space,TRAIN_EPISODES_16_31,plate_push,0.0306723956019,0,0.0306723956019
1024,task_phase,train_robust_reversal_margin_q25,16,96,post_contact,TRAIN_EPISODES_16_31,plate_push,0.105768725276,0,0.105768725276
1024,task_phase,train_robust_reversal_margin_q25,16,96,pre_contact,TRAIN_EPISODES_16_31,plate_push,0.0586672201753,0,0.0586672201753
1024,task_phase,train_robust_reversal_margin_q25,16,96,contact_onset,TRAIN_EPISODES_16_31,stove_turn_on,0.0666021686047,0,0.0666021686047
1024,task_phase,train_robust_reversal_margin_q25,16,96,free_space,TRAIN_EPISODES_16_31,stove_turn_on,0.0309706488624,0,0.0309706488624
1024,task_phase,train_robust_reversal_margin_q25,16,96,post_contact,TRAIN_EPISODES_16_31,stove_turn_on,0.126716852188,0,0.126716852188
1024,task_phase,train_robust_reversal_margin_q25,16,96,pre_contact,TRAIN_EPISODES_16_31,stove_turn_on,0.0916927196085,0,0.0916927196085
1024,task_phase,train_robust_reversal_margin_q25,16,96,contact_onset,TRAIN_EPISODES_16_31,wine_rack,0.0707873143256,0,0.0707873143256
1024,task_phase,train_robust_reversal_margin_q25,16,96,free_space,TRAIN_EPISODES_16_31,wine_rack,0.0258788280189,0,0.0258788280189
1024,task_phase,train_robust_reversal_margin_q25,16,96,post_contact,TRAIN_EPISODES_16_31,wine_rack,0.0600762106478,0,0.0600762106478
1024,task_phase,train_robust_reversal_margin_q25,16,96,pre_contact,TRAIN_EPISODES_16_31,wine_rack,0.0873894989491,0,0.0873894989491
3074,task_phase,context_reversal_rate,4,96,contact_onset,DEVELOPMENT_EPISODES_36_39,bowl_on_plate,0.0859934538603,1259,0.409564085882
3074,task_phase,eligible_reversal_comparison_fraction,4,96,contact_onset,DEVELOPMENT_EPISODES_36_39,bowl_on_plate,0.0859934538603,1259,0.75048828125
3074,task_phase,true_top8_jaccard_across_states,4,96,contact_onset,DEVELOPMENT_EPISODES_36_39,bowl_on_plate,0.0859934538603,1259,0.0403782560033
3074,task_phase,best_candidate_churn,4,96,contact_onset,DEVELOPMENT_EPISODES_36_39,bowl_on_plate,0.0859934538603,1259,0.977430555556
3074,task_phase,state_conditioned_oracle_error,4,96,contact_onset,DEVELOPMENT_EPISODES_36_39,bowl_on_plate,0.0859934538603,1259,0.0895864408952
3074,task_phase,leave_one_state_out_global_averaged_effect_oracle_error,4,96,contact_onset,DEVELOPMENT_EPISODES_36_39,bowl_on_plate,0.0859934538603,1259,0.67572833098
3074,task_phase,global_averaged_effect_oracle_regret,4,96,contact_onset,DEVELOPMENT_EPISODES_36_39,bowl_on_plate,0.0859934538603,1259,0.586141889784
2964,task_phase,context_reversal_rate,4,96,free_space,DEVELOPMENT_EPISODES_36_39,bowl_on_plate,0.0319591006264,0,0
2964,task_phase,eligible_reversal_comparison_fraction,4,96,free_space,DEVELOPMENT_EPISODES_36_39,bowl_on_plate,0.0319591006264,0,0.7236328125
2964,task_phase,true_top8_jaccard_across_states,4,96,free_space,DEVELOPMENT_EPISODES_36_39,bowl_on_plate,0.0319591006264,0,0.858487654321
2964,task_phase,best_candidate_churn,4,96,free_space,DEVELOPMENT_EPISODES_36_39,bowl_on_plate,0.0319591006264,0,0.0989583333333
2964,task_phase,state_conditioned_oracle_error,4,96,free_space,DEVELOPMENT_EPISODES_36_39,bowl_on_plate,0.0319591006264,0,0.0100885410435
2964,task_phase,leave_one_state_out_global_averaged_effect_oracle_error,4,96,free_space,DEVELOPMENT_EPISODES_36_39,bowl_on_plate,0.0319591006264,0,0.0102159622811
2964,task_phase,global_averaged_effect_oracle_regret,4,96,free_space,DEVELOPMENT_EPISODES_36_39,bowl_on_plate,0.0319591006264,0,0.00012742123757
2663,task_phase,context_reversal_rate,4,96,post_contact,DEVELOPMENT_EPISODES_36_39,bowl_on_plate,0.0983655154705,1116,0.419076229816
2663,task_phase,eligible_reversal_comparison_fraction,4,96,post_contact,DEVELOPMENT_EPISODES_36_39,bowl_on_plate,0.0983655154705,1116,0.650146484375
2663,task_phase,true_top8_jaccard_across_states,4,96,post_contact,DEVELOPMENT_EPISODES_36_39,bowl_on_plate,0.0983655154705,1116,0.039783017908
2663,task_phase,best_candidate_churn,4,96,post_contact,DEVELOPMENT_EPISODES_36_39,bowl_on_plate,0.0983655154705,1116,0.970486111111
2663,task_phase,state_conditioned_oracle_error,4,96,post_contact,DEVELOPMENT_EPISODES_36_39,bowl_on_plate,0.0983655154705,1116,0.0777038269662
2663,task_phase,leave_one_state_out_global_averaged_effect_oracle_error,4,96,post_contact,DEVELOPMENT_EPISODES_36_39,bowl_on_plate,0.0983655154705,1116,0.62107062228
2663,task_phase,global_averaged_effect_oracle_regret,4,96,post_contact,DEVELOPMENT_EPISODES_36_39,bowl_on_plate,0.0983655154705,1116,0.543366794242
2759,task_phase,context_reversal_rate,4,96,pre_contact,DEVELOPMENT_EPISODES_36_39,bowl_on_plate,0.10503000021,1101,0.399057629576
2759,task_phase,eligible_reversal_comparison_fraction,4,96,pre_contact,DEVELOPMENT_EPISODES_36_39,bowl_on_plate,0.10503000021,1101,0.673583984375
2759,task_phase,true_top8_jaccard_across_states,4,96,pre_contact,DEVELOPMENT_EPISODES_36_39,bowl_on_plate,0.10503000021,1101,0.0511592574093
2759,task_phase,best_candidate_churn,4,96,pre_contact,DEVELOPMENT_EPISODES_36_39,bowl_on_plate,0.10503000021,1101,0.967013888889
2759,task_phase,state_conditioned_oracle_error,4,96,pre_contact,DEVELOPMENT_EPISODES_36_39,bowl_on_plate,0.10503000021,1101,0.141876439859
2759,task_phase,leave_one_state_out_global_averaged_effect_oracle_error,4,96,pre_contact,DEVELOPMENT_EPISODES_36_39,bowl_on_plate,0.10503000021,1101,0.800542445819
2759,task_phase,global_averaged_effect_oracle_regret,4,96,pre_contact,DEVELOPMENT_EPISODES_36_39,bowl_on_plate,0.10503000021,1101,0.658666004747
2196,task_phase,context_reversal_rate,4,96,contact_onset,DEVELOPMENT_EPISODES_36_39,plate_push,0.0498240217566,580,0.264116575592
2196,task_phase,eligible_reversal_comparison_fraction,4,96,contact_onset,DEVELOPMENT_EPISODES_36_39,plate_push,0.0498240217566,580,0.5361328125
2196,task_phase,true_top8_jaccard_across_states,4,96,contact_onset,DEVELOPMENT_EPISODES_36_39,plate_push,0.0498240217566,580,0.0788408350908
2196,task_phase,best_candidate_churn,4,96,contact_onset,DEVELOPMENT_EPISODES_36_39,plate_push,0.0498240217566,580,0.951388888889
2196,task_phase,state_conditioned_oracle_error,4,96,contact_onset,DEVELOPMENT_EPISODES_36_39,plate_push,0.0498240217566,580,0.0195367220867
2196,task_phase,leave_one_state_out_global_averaged_effect_oracle_error,4,96,contact_onset,DEVELOPMENT_EPISODES_36_39,plate_push,0.0498240217566,580,0.288628449921
2196,task_phase,global_averaged_effect_oracle_regret,4,96,contact_onset,DEVELOPMENT_EPISODES_36_39,plate_push,0.0498240217566,580,0.269091728249
3065,task_phase,context_reversal_rate,4,96,free_space,DEVELOPMENT_EPISODES_36_39,plate_push,0.0306723956019,0,0
3065,task_phase,eligible_reversal_comparison_fraction,4,96,free_space,DEVELOPMENT_EPISODES_36_39,plate_push,0.0306723956019,0,0.748291015625
3065,task_phase,true_top8_jaccard_across_states,4,96,free_space,DEVELOPMENT_EPISODES_36_39,plate_push,0.0306723956019,0,0.872741301908
3065,task_phase,best_candidate_churn,4,96,free_space,DEVELOPMENT_EPISODES_36_39,plate_push,0.0306723956019,0,0.116319444444
3065,task_phase,state_conditioned_oracle_error,4,96,free_space,DEVELOPMENT_EPISODES_36_39,plate_push,0.0306723956019,0,0.00980784315864
3065,task_phase,leave_one_state_out_global_averaged_effect_oracle_error,4,96,free_space,DEVELOPMENT_EPISODES_36_39,plate_push,0.0306723956019,0,0.00988263833945
3065,task_phase,global_averaged_effect_oracle_regret,4,96,free_space,DEVELOPMENT_EPISODES_36_39,plate_push,0.0306723956019,0,7.4795180808e-05
2492,task_phase,context_reversal_rate,4,96,post_contact,DEVELOPMENT_EPISODES_36_39,plate_push,0.105768725276,455,0.182584269663
2492,task_phase,eligible_reversal_comparison_fraction,4,96,post_contact,DEVELOPMENT_EPISODES_36_39,plate_push,0.105768725276,455,0.6083984375
2492,task_phase,true_top8_jaccard_across_states,4,96,post_contact,DEVELOPMENT_EPISODES_36_39,plate_push,0.105768725276,455,0.13555665014
2492,task_phase,best_candidate_churn,4,96,post_contact,DEVELOPMENT_EPISODES_36_39,plate_push,0.105768725276,455,0.916666666667
2492,task_phase,state_conditioned_oracle_error,4,96,post_contact,DEVELOPMENT_EPISODES_36_39,plate_push,0.105768725276,455,0.0526427455898
2492,task_phase,leave_one_state_out_global_averaged_effect_oracle_error,4,96,post_contact,DEVELOPMENT_EPISODES_36_39,plate_push,0.105768725276,455,0.229831984367
2492,task_phase,global_averaged_effect_oracle_regret,4,96,post_contact,DEVELOPMENT_EPISODES_36_39,plate_push,0.105768725276,455,0.177189238713
2206,task_phase,context_reversal_rate,4,96,pre_contact,DEVELOPMENT_EPISODES_36_39,plate_push,0.0586672201753,786,0.35630099728
2206,task_phase,eligible_reversal_comparison_fraction,4,96,pre_contact,DEVELOPMENT_EPISODES_36_39,plate_push,0.0586672201753,786,0.53857421875
2206,task_phase,true_top8_jaccard_across_states,4,96,pre_contact,DEVELOPMENT_EPISODES_36_39,plate_push,0.0586672201753,786,0.0518225986976
2206,task_phase,best_candidate_churn,4,96,pre_contact,DEVELOPMENT_EPISODES_36_39,plate_push,0.0586672201753,786,0.942708333333
2206,task_phase,state_conditioned_oracle_error,4,96,pre_contact,DEVELOPMENT_EPISODES_36_39,plate_push,0.0586672201753,786,0.0300820358279
2206,task_phase,leave_one_state_out_global_averaged_effect_oracle_error,4,96,pre_contact,DEVELOPMENT_EPISODES_36_39,plate_push,0.0586672201753,786,0.333375211809
2206,task_phase,global_averaged_effect_oracle_regret,4,96,pre_contact,DEVELOPMENT_EPISODES_36_39,plate_push,0.0586672201753,786,0.303293176049
2155,task_phase,context_reversal_rate,4,96,contact_onset,DEVELOPMENT_EPISODES_36_39,stove_turn_on,0.0666021686047,616,0.285846867749
2155,task_phase,eligible_reversal_comparison_fraction,4,96,contact_onset,DEVELOPMENT_EPISODES_36_39,stove_turn_on,0.0666021686047,616,0.526123046875
2155,task_phase,true_top8_jaccard_across_states,4,96,contact_onset,DEVELOPMENT_EPISODES_36_39,stove_turn_on,0.0666021686047,616,0.081399965775
2155,task_phase,best_candidate_churn,4,96,contact_onset,DEVELOPMENT_EPISODES_36_39,stove_turn_on,0.0666021686047,616,0.944444444444
2155,task_phase,state_conditioned_oracle_error,4,96,contact_onset,DEVELOPMENT_EPISODES_36_39,stove_turn_on,0.0666021686047,616,0.0428575825455
2155,task_phase,leave_one_state_out_global_averaged_effect_oracle_error,4,96,contact_onset,DEVELOPMENT_EPISODES_36_39,stove_turn_on,0.0666021686047,616,0.317528504789
2155,task_phase,global_averaged_effect_oracle_regret,4,96,contact_onset,DEVELOPMENT_EPISODES_36_39,stove_turn_on,0.0666021686047,616,0.274670922342
2959,task_phase,context_reversal_rate,4,96,free_space,DEVELOPMENT_EPISODES_36_39,stove_turn_on,0.0309706488624,0,0
2959,task_phase,eligible_reversal_comparison_fraction,4,96,free_space,DEVELOPMENT_EPISODES_36_39,stove_turn_on,0.0309706488624,0,0.722412109375
2959,task_phase,true_top8_jaccard_across_states,4,96,free_space,DEVELOPMENT_EPISODES_36_39,stove_turn_on,0.0309706488624,0,0.868132716049
2959,task_phase,best_candidate_churn,4,96,free_space,DEVELOPMENT_EPISODES_36_39,stove_turn_on,0.0309706488624,0,0.112847222222
2959,task_phase,state_conditioned_oracle_error,4,96,free_space,DEVELOPMENT_EPISODES_36_39,stove_turn_on,0.0309706488624,0,0.0097038004792
2959,task_phase,leave_one_state_out_global_averaged_effect_oracle_error,4,96,free_space,DEVELOPMENT_EPISODES_36_39,stove_turn_on,0.0309706488624,0,0.00975752371369
2959,task_phase,global_averaged_effect_oracle_regret,4,96,free_space,DEVELOPMENT_EPISODES_36_39,stove_turn_on,0.0309706488624,0,5.37232344868e-05
2491,task_phase,context_reversal_rate,4,96,post_contact,DEVELOPMENT_EPISODES_36_39,stove_turn_on,0.126716852188,280,0.112404656764
2491,task_phase,eligible_reversal_comparison_fraction,4,96,post_contact,DEVELOPMENT_EPISODES_36_39,stove_turn_on,0.126716852188,280,0.608154296875
2491,task_phase,true_top8_jaccard_across_states,4,96,post_contact,DEVELOPMENT_EPISODES_36_39,stove_turn_on,0.126716852188,280,0.136548289673
2491,task_phase,best_candidate_churn,4,96,post_contact,DEVELOPMENT_EPISODES_36_39,stove_turn_on,0.126716852188,280,0.914930555556
2491,task_phase,state_conditioned_oracle_error,4,96,post_contact,DEVELOPMENT_EPISODES_36_39,stove_turn_on,0.126716852188,280,0.021385603613
2491,task_phase,leave_one_state_out_global_averaged_effect_oracle_error,4,96,post_contact,DEVELOPMENT_EPISODES_36_39,stove_turn_on,0.126716852188,280,0.153101909455
2491,task_phase,global_averaged_effect_oracle_regret,4,96,post_contact,DEVELOPMENT_EPISODES_36_39,stove_turn_on,0.126716852188,280,0.131716306271
2331,task_phase,context_reversal_rate,4,96,pre_contact,DEVELOPMENT_EPISODES_36_39,stove_turn_on,0.0916927196085,682,0.292578292578
2331,task_phase,eligible_reversal_comparison_fraction,4,96,pre_contact,DEVELOPMENT_EPISODES_36_39,stove_turn_on,0.0916927196085,682,0.569091796875
2331,task_phase,true_top8_jaccard_across_states,4,96,pre_contact,DEVELOPMENT_EPISODES_36_39,stove_turn_on,0.0916927196085,682,0.10837981463
2331,task_phase,best_candidate_churn,4,96,pre_contact,DEVELOPMENT_EPISODES_36_39,stove_turn_on,0.0916927196085,682,0.897569444444
2331,task_phase,state_conditioned_oracle_error,4,96,pre_contact,DEVELOPMENT_EPISODES_36_39,stove_turn_on,0.0916927196085,682,0.0242986681069
2331,task_phase,leave_one_state_out_global_averaged_effect_oracle_error,4,96,pre_contact,DEVELOPMENT_EPISODES_36_39,stove_turn_on,0.0916927196085,682,0.159786968999
2331,task_phase,global_averaged_effect_oracle_regret,4,96,pre_contact,DEVELOPMENT_EPISODES_36_39,stove_turn_on,0.0916927196085,682,0.135488300587
2398,task_phase,context_reversal_rate,4,96,contact_onset,DEVELOPMENT_EPISODES_36_39,wine_rack,0.0707873143256,806,0.336113427857
2398,task_phase,eligible_reversal_comparison_fraction,4,96,contact_onset,DEVELOPMENT_EPISODES_36_39,wine_rack,0.0707873143256,806,0.58544921875
2398,task_phase,true_top8_jaccard_across_states,4,96,contact_onset,DEVELOPMENT_EPISODES_36_39,wine_rack,0.0707873143256,806,0.10108625942
2398,task_phase,best_candidate_churn,4,96,contact_onset,DEVELOPMENT_EPISODES_36_39,wine_rack,0.0707873143256,806,0.920138888889
2398,task_phase,state_conditioned_oracle_error,4,96,contact_onset,DEVELOPMENT_EPISODES_36_39,wine_rack,0.0707873143256,806,0.0373103416511
2398,task_phase,leave_one_state_out_global_averaged_effect_oracle_error,4,96,contact_onset,DEVELOPMENT_EPISODES_36_39,wine_rack,0.0707873143256,806,0.271310443827
2398,task_phase,global_averaged_effect_oracle_regret,4,96,contact_onset,DEVELOPMENT_EPISODES_36_39,wine_rack,0.0707873143256,806,0.234000102643
2893,task_phase,context_reversal_rate,4,96,free_space,DEVELOPMENT_EPISODES_36_39,wine_rack,0.0258788280189,2,0.00069132388524
2893,task_phase,eligible_reversal_comparison_fraction,4,96,free_space,DEVELOPMENT_EPISODES_36_39,wine_rack,0.0258788280189,2,0.706298828125
2893,task_phase,true_top8_jaccard_across_states,4,96,free_space,DEVELOPMENT_EPISODES_36_39,wine_rack,0.0258788280189,2,0.765796857464
2893,task_phase,best_candidate_churn,4,96,free_space,DEVELOPMENT_EPISODES_36_39,wine_rack,0.0258788280189,2,0.210069444444
2893,task_phase,state_conditioned_oracle_error,4,96,free_space,DEVELOPMENT_EPISODES_36_39,wine_rack,0.0258788280189,2,0.00822214449636
2893,task_phase,leave_one_state_out_global_averaged_effect_oracle_error,4,96,free_space,DEVELOPMENT_EPISODES_36_39,wine_rack,0.0258788280189,2,0.0085161184705
2893,task_phase,global_averaged_effect_oracle_regret,4,96,free_space,DEVELOPMENT_EPISODES_36_39,wine_rack,0.0258788280189,2,0.000293973974143
2055,task_phase,context_reversal_rate,4,96,post_contact,DEVELOPMENT_EPISODES_36_39,wine_rack,0.0600762106478,564,0.274452554745
2055,task_phase,eligible_reversal_comparison_fraction,4,96,post_contact,DEVELOPMENT_EPISODES_36_39,wine_rack,0.0600762106478,564,0.501708984375
2055,task_phase,true_top8_jaccard_across_states,4,96,post_contact,DEVELOPMENT_EPISODES_36_39,wine_rack,0.0600762106478,564,0.174164492914
2055,task_phase,best_candidate_churn,4,96,post_contact,DEVELOPMENT_EPISODES_36_39,wine_rack,0.0600762106478,564,0.869791666667
2055,task_phase,state_conditioned_oracle_error,4,96,post_contact,DEVELOPMENT_EPISODES_36_39,wine_rack,0.0600762106478,564,0.0098565732629
2055,task_phase,leave_one_state_out_global_averaged_effect_oracle_error,4,96,post_contact,DEVELOPMENT_EPISODES_36_39,wine_rack,0.0600762106478,564,0.101405996399
2055,task_phase,global_averaged_effect_oracle_regret,4,96,post_contact,DEVELOPMENT_EPISODES_36_39,wine_rack,0.0600762106478,564,0.0915494234503
2244,task_phase,context_reversal_rate,4,96,pre_contact,DEVELOPMENT_EPISODES_36_39,wine_rack,0.0873894989491,755,0.336452762923
2244,task_phase,eligible_reversal_comparison_fraction,4,96,pre_contact,DEVELOPMENT_EPISODES_36_39,wine_rack,0.0873894989491,755,0.5478515625
2244,task_phase,true_top8_jaccard_across_states,4,96,pre_contact,DEVELOPMENT_EPISODES_36_39,wine_rack,0.0873894989491,755,0.079954998705
2244,task_phase,best_candidate_churn,4,96,pre_contact,DEVELOPMENT_EPISODES_36_39,wine_rack,0.0873894989491,755,0.944444444444
2244,task_phase,state_conditioned_oracle_error,4,96,pre_contact,DEVELOPMENT_EPISODES_36_39,wine_rack,0.0873894989491,755,0.0579169906068
2244,task_phase,leave_one_state_out_global_averaged_effect_oracle_error,4,96,pre_contact,DEVELOPMENT_EPISODES_36_39,wine_rack,0.0873894989491,755,0.377821631841
2244,task_phase,global_averaged_effect_oracle_regret,4,96,pre_contact,DEVELOPMENT_EPISODES_36_39,wine_rack,0.0873894989491,755,0.319904641137
0,pooled_variance,marginal_variance_explained_by_state,64,96,ALL,DEVELOPMENT_EPISODES_36_39,ALL,nan,0,0.571713911912
0,pooled_variance,marginal_variance_explained_by_task,64,96,ALL,DEVELOPMENT_EPISODES_36_39,ALL,nan,0,0.108519292713
0,pooled_variance,marginal_variance_explained_by_phase,64,96,ALL,DEVELOPMENT_EPISODES_36_39,ALL,nan,0,0.216000412819
0,pooled_variance,marginal_variance_explained_by_action_pair,64,96,ALL,DEVELOPMENT_EPISODES_36_39,ALL,nan,0,0.0844430086542
2467,task_phase,context_reversal_rate,10,96,contact_onset,HISTORICAL_EXPLORATORY_EPISODES_40_49,bowl_on_plate,0.0859934538603,954,0.386704499392
2467,task_phase,eligible_reversal_comparison_fraction,10,96,contact_onset,HISTORICAL_EXPLORATORY_EPISODES_40_49,bowl_on_plate,0.0859934538603,954,0.602294921875
2467,task_phase,true_top8_jaccard_across_states,10,96,contact_onset,HISTORICAL_EXPLORATORY_EPISODES_40_49,bowl_on_plate,0.0859934538603,954,0.0496776988444
2467,task_phase,best_candidate_churn,10,96,contact_onset,HISTORICAL_EXPLORATORY_EPISODES_40_49,bowl_on_plate,0.0859934538603,954,0.963425925926
2467,task_phase,state_conditioned_oracle_error,10,96,contact_onset,HISTORICAL_EXPLORATORY_EPISODES_40_49,bowl_on_plate,0.0859934538603,954,0.0475325990398
2467,task_phase,leave_one_state_out_global_averaged_effect_oracle_error,10,96,contact_onset,HISTORICAL_EXPLORATORY_EPISODES_40_49,bowl_on_plate,0.0859934538603,954,0.38322699104
2467,task_phase,global_averaged_effect_oracle_regret,10,96,contact_onset,HISTORICAL_EXPLORATORY_EPISODES_40_49,bowl_on_plate,0.0859934538603,954,0.335694391946
2870,task_phase,context_reversal_rate,10,96,free_space,HISTORICAL_EXPLORATORY_EPISODES_40_49,bowl_on_plate,0.0319591006264,0,0
2870,task_phase,eligible_reversal_comparison_fraction,10,96,free_space,HISTORICAL_EXPLORATORY_EPISODES_40_49,bowl_on_plate,0.0319591006264,0,0.70068359375
2870,task_phase,true_top8_jaccard_across_states,10,96,free_space,HISTORICAL_EXPLORATORY_EPISODES_40_49,bowl_on_plate,0.0319591006264,0,0.841122334456
2870,task_phase,best_candidate_churn,10,96,free_space,HISTORICAL_EXPLORATORY_EPISODES_40_49,bowl_on_plate,0.0319591006264,0,0.237037037037
2870,task_phase,state_conditioned_oracle_error,10,96,free_space,HISTORICAL_EXPLORATORY_EPISODES_40_49,bowl_on_plate,0.0319591006264,0,0.0111653018322
2870,task_phase,leave_one_state_out_global_averaged_effect_oracle_error,10,96,free_space,HISTORICAL_EXPLORATORY_EPISODES_40_49,bowl_on_plate,0.0319591006264,0,0.0113207034465
2870,task_phase,global_averaged_effect_oracle_regret,10,96,free_space,HISTORICAL_EXPLORATORY_EPISODES_40_49,bowl_on_plate,0.0319591006264,0,0.000155401614271
2533,task_phase,context_reversal_rate,10,96,post_contact,HISTORICAL_EXPLORATORY_EPISODES_40_49,bowl_on_plate,0.0983655154705,949,0.374654559811
2533,task_phase,eligible_reversal_comparison_fraction,10,96,post_contact,HISTORICAL_EXPLORATORY_EPISODES_40_49,bowl_on_plate,0.0983655154705,949,0.618408203125
2533,task_phase,true_top8_jaccard_across_states,10,96,post_contact,HISTORICAL_EXPLORATORY_EPISODES_40_49,bowl_on_plate,0.0983655154705,949,0.0599692745526
2533,task_phase,best_candidate_churn,10,96,post_contact,HISTORICAL_EXPLORATORY_EPISODES_40_49,bowl_on_plate,0.0983655154705,949,0.961574074074
2533,task_phase,state_conditioned_oracle_error,10,96,post_contact,HISTORICAL_EXPLORATORY_EPISODES_40_49,bowl_on_plate,0.0983655154705,949,0.0299153652824
2533,task_phase,leave_one_state_out_global_averaged_effect_oracle_error,10,96,post_contact,HISTORICAL_EXPLORATORY_EPISODES_40_49,bowl_on_plate,0.0983655154705,949,0.381767469331
2533,task_phase,global_averaged_effect_oracle_regret,10,96,post_contact,HISTORICAL_EXPLORATORY_EPISODES_40_49,bowl_on_plate,0.0983655154705,949,0.35185210343
1901,task_phase,context_reversal_rate,10,96,pre_contact,HISTORICAL_EXPLORATORY_EPISODES_40_49,bowl_on_plate,0.10503000021,617,0.324566017885
1901,task_phase,eligible_reversal_comparison_fraction,10,96,pre_contact,HISTORICAL_EXPLORATORY_EPISODES_40_49,bowl_on_plate,0.10503000021,617,0.464111328125
1901,task_phase,true_top8_jaccard_across_states,10,96,pre_contact,HISTORICAL_EXPLORATORY_EPISODES_40_49,bowl_on_plate,0.10503000021,617,0.0552465127465
1901,task_phase,best_candidate_churn,10,96,pre_contact,HISTORICAL_EXPLORATORY_EPISODES_40_49,bowl_on_plate,0.10503000021,617,0.957175925926
1901,task_phase,state_conditioned_oracle_error,10,96,pre_contact,HISTORICAL_EXPLORATORY_EPISODES_40_49,bowl_on_plate,0.10503000021,617,0.0484904919525
1901,task_phase,leave_one_state_out_global_averaged_effect_oracle_error,10,96,pre_contact,HISTORICAL_EXPLORATORY_EPISODES_40_49,bowl_on_plate,0.10503000021,617,0.356999389836
1901,task_phase,global_averaged_effect_oracle_regret,10,96,pre_contact,HISTORICAL_EXPLORATORY_EPISODES_40_49,bowl_on_plate,0.10503000021,617,0.308508897808
2204,task_phase,context_reversal_rate,10,96,contact_onset,HISTORICAL_EXPLORATORY_EPISODES_40_49,plate_push,0.0498240217566,628,0.284936479129
2204,task_phase,eligible_reversal_comparison_fraction,10,96,contact_onset,HISTORICAL_EXPLORATORY_EPISODES_40_49,plate_push,0.0498240217566,628,0.5380859375
2204,task_phase,true_top8_jaccard_across_states,10,96,contact_onset,HISTORICAL_EXPLORATORY_EPISODES_40_49,plate_push,0.0498240217566,628,0.0638083675584
2204,task_phase,best_candidate_churn,10,96,contact_onset,HISTORICAL_EXPLORATORY_EPISODES_40_49,plate_push,0.0498240217566,628,0.950694444444
2204,task_phase,state_conditioned_oracle_error,10,96,contact_onset,HISTORICAL_EXPLORATORY_EPISODES_40_49,plate_push,0.0498240217566,628,0.0111882531392
2204,task_phase,leave_one_state_out_global_averaged_effect_oracle_error,10,96,contact_onset,HISTORICAL_EXPLORATORY_EPISODES_40_49,plate_push,0.0498240217566,628,0.254673176798
2204,task_phase,global_averaged_effect_oracle_regret,10,96,contact_onset,HISTORICAL_EXPLORATORY_EPISODES_40_49,plate_push,0.0498240217566,628,0.243484923496
3029,task_phase,context_reversal_rate,10,96,free_space,HISTORICAL_EXPLORATORY_EPISODES_40_49,plate_push,0.0306723956019,0,0
3029,task_phase,eligible_reversal_comparison_fraction,10,96,free_space,HISTORICAL_EXPLORATORY_EPISODES_40_49,plate_push,0.0306723956019,0,0.739501953125
3029,task_phase,true_top8_jaccard_across_states,10,96,free_space,HISTORICAL_EXPLORATORY_EPISODES_40_49,plate_push,0.0306723956019,0,0.803048648882
3029,task_phase,best_candidate_churn,10,96,free_space,HISTORICAL_EXPLORATORY_EPISODES_40_49,plate_push,0.0306723956019,0,0.272222222222
3029,task_phase,state_conditioned_oracle_error,10,96,free_space,HISTORICAL_EXPLORATORY_EPISODES_40_49,plate_push,0.0306723956019,0,0.0108143626364
3029,task_phase,leave_one_state_out_global_averaged_effect_oracle_error,10,96,free_space,HISTORICAL_EXPLORATORY_EPISODES_40_49,plate_push,0.0306723956019,0,0.0110799420158
3029,task_phase,global_averaged_effect_oracle_regret,10,96,free_space,HISTORICAL_EXPLORATORY_EPISODES_40_49,plate_push,0.0306723956019,0,0.000265579379387
2243,task_phase,context_reversal_rate,10,96,post_contact,HISTORICAL_EXPLORATORY_EPISODES_40_49,plate_push,0.105768725276,586,0.261257244761
2243,task_phase,eligible_reversal_comparison_fraction,10,96,post_contact,HISTORICAL_EXPLORATORY_EPISODES_40_49,plate_push,0.105768725276,586,0.547607421875
2243,task_phase,true_top8_jaccard_across_states,10,96,post_contact,HISTORICAL_EXPLORATORY_EPISODES_40_49,plate_push,0.105768725276,586,0.0858492587659
2243,task_phase,best_candidate_churn,10,96,post_contact,HISTORICAL_EXPLORATORY_EPISODES_40_49,plate_push,0.105768725276,586,0.935185185185
2243,task_phase,state_conditioned_oracle_error,10,96,post_contact,HISTORICAL_EXPLORATORY_EPISODES_40_49,plate_push,0.105768725276,586,0.044653390801
2243,task_phase,leave_one_state_out_global_averaged_effect_oracle_error,10,96,post_contact,HISTORICAL_EXPLORATORY_EPISODES_40_49,plate_push,0.105768725276,586,0.328000493872
2243,task_phase,global_averaged_effect_oracle_regret,10,96,post_contact,HISTORICAL_EXPLORATORY_EPISODES_40_49,plate_push,0.105768725276,586,0.283347103547
2015,task_phase,context_reversal_rate,10,96,pre_contact,HISTORICAL_EXPLORATORY_EPISODES_40_49,plate_push,0.0586672201753,591,0.293300248139
2015,task_phase,eligible_reversal_comparison_fraction,10,96,pre_contact,HISTORICAL_EXPLORATORY_EPISODES_40_49,plate_push,0.0586672201753,591,0.491943359375
2015,task_phase,true_top8_jaccard_across_states,10,96,pre_contact,HISTORICAL_EXPLORATORY_EPISODES_40_49,plate_push,0.0586672201753,591,0.0609083509084
2015,task_phase,best_candidate_churn,10,96,pre_contact,HISTORICAL_EXPLORATORY_EPISODES_40_49,plate_push,0.0586672201753,591,0.955324074074
2015,task_phase,state_conditioned_oracle_error,10,96,pre_contact,HISTORICAL_EXPLORATORY_EPISODES_40_49,plate_push,0.0586672201753,591,0.0267229834596
2015,task_phase,leave_one_state_out_global_averaged_effect_oracle_error,10,96,pre_contact,HISTORICAL_EXPLORATORY_EPISODES_40_49,plate_push,0.0586672201753,591,0.298753288268
2015,task_phase,global_averaged_effect_oracle_regret,10,96,pre_contact,HISTORICAL_EXPLORATORY_EPISODES_40_49,plate_push,0.0586672201753,591,0.272030304832
2891,task_phase,context_reversal_rate,10,96,contact_onset,HISTORICAL_EXPLORATORY_EPISODES_40_49,stove_turn_on,0.0666021686047,1030,0.356278104462
2891,task_phase,eligible_reversal_comparison_fraction,10,96,contact_onset,HISTORICAL_EXPLORATORY_EPISODES_40_49,stove_turn_on,0.0666021686047,1030,0.705810546875
2891,task_phase,true_top8_jaccard_across_states,10,96,contact_onset,HISTORICAL_EXPLORATORY_EPISODES_40_49,stove_turn_on,0.0666021686047,1030,0.0606261999318
2891,task_phase,best_candidate_churn,10,96,contact_onset,HISTORICAL_EXPLORATORY_EPISODES_40_49,stove_turn_on,0.0666021686047,1030,0.947222222222
2891,task_phase,state_conditioned_oracle_error,10,96,contact_onset,HISTORICAL_EXPLORATORY_EPISODES_40_49,stove_turn_on,0.0666021686047,1030,0.0258970569333
2891,task_phase,leave_one_state_out_global_averaged_effect_oracle_error,10,96,contact_onset,HISTORICAL_EXPLORATORY_EPISODES_40_49,stove_turn_on,0.0666021686047,1030,0.313844665354
2891,task_phase,global_averaged_effect_oracle_regret,10,96,contact_onset,HISTORICAL_EXPLORATORY_EPISODES_40_49,stove_turn_on,0.0666021686047,1030,0.287947607951
2969,task_phase,context_reversal_rate,10,96,free_space,HISTORICAL_EXPLORATORY_EPISODES_40_49,stove_turn_on,0.0309706488624,0,0
2969,task_phase,eligible_reversal_comparison_fraction,10,96,free_space,HISTORICAL_EXPLORATORY_EPISODES_40_49,stove_turn_on,0.0309706488624,0,0.724853515625
2969,task_phase,true_top8_jaccard_across_states,10,96,free_space,HISTORICAL_EXPLORATORY_EPISODES_40_49,stove_turn_on,0.0309706488624,0,0.880926861205
2969,task_phase,best_candidate_churn,10,96,free_space,HISTORICAL_EXPLORATORY_EPISODES_40_49,stove_turn_on,0.0309706488624,0,0.151851851852
2969,task_phase,state_conditioned_oracle_error,10,96,free_space,HISTORICAL_EXPLORATORY_EPISODES_40_49,stove_turn_on,0.0309706488624,0,0.0109136263291
2969,task_phase,leave_one_state_out_global_averaged_effect_oracle_error,10,96,free_space,HISTORICAL_EXPLORATORY_EPISODES_40_49,stove_turn_on,0.0309706488624,0,0.0109928302698
2969,task_phase,global_averaged_effect_oracle_regret,10,96,free_space,HISTORICAL_EXPLORATORY_EPISODES_40_49,stove_turn_on,0.0309706488624,0,7.92039407922e-05
2063,task_phase,context_reversal_rate,10,96,post_contact,HISTORICAL_EXPLORATORY_EPISODES_40_49,stove_turn_on,0.126716852188,473,0.229277750848
2063,task_phase,eligible_reversal_comparison_fraction,10,96,post_contact,HISTORICAL_EXPLORATORY_EPISODES_40_49,stove_turn_on,0.126716852188,473,0.503662109375
2063,task_phase,true_top8_jaccard_across_states,10,96,post_contact,HISTORICAL_EXPLORATORY_EPISODES_40_49,stove_turn_on,0.126716852188,473,0.158390493252
2063,task_phase,best_candidate_churn,10,96,post_contact,HISTORICAL_EXPLORATORY_EPISODES_40_49,stove_turn_on,0.126716852188,473,0.908796296296
2063,task_phase,state_conditioned_oracle_error,10,96,post_contact,HISTORICAL_EXPLORATORY_EPISODES_40_49,stove_turn_on,0.126716852188,473,0.0286601887919
2063,task_phase,leave_one_state_out_global_averaged_effect_oracle_error,10,96,post_contact,HISTORICAL_EXPLORATORY_EPISODES_40_49,stove_turn_on,0.126716852188,473,0.207921729668
2063,task_phase,global_averaged_effect_oracle_regret,10,96,post_contact,HISTORICAL_EXPLORATORY_EPISODES_40_49,stove_turn_on,0.126716852188,473,0.179261540759
2365,task_phase,context_reversal_rate,10,96,pre_contact,HISTORICAL_EXPLORATORY_EPISODES_40_49,stove_turn_on,0.0916927196085,708,0.299365750529
2365,task_phase,eligible_reversal_comparison_fraction,10,96,pre_contact,HISTORICAL_EXPLORATORY_EPISODES_40_49,stove_turn_on,0.0916927196085,708,0.577392578125
2365,task_phase,true_top8_jaccard_across_states,10,96,pre_contact,HISTORICAL_EXPLORATORY_EPISODES_40_49,stove_turn_on,0.0916927196085,708,0.109542900515
2365,task_phase,best_candidate_churn,10,96,pre_contact,HISTORICAL_EXPLORATORY_EPISODES_40_49,stove_turn_on,0.0916927196085,708,0.921296296296
2365,task_phase,state_conditioned_oracle_error,10,96,pre_contact,HISTORICAL_EXPLORATORY_EPISODES_40_49,stove_turn_on,0.0916927196085,708,0.027527376532
2365,task_phase,leave_one_state_out_global_averaged_effect_oracle_error,10,96,pre_contact,HISTORICAL_EXPLORATORY_EPISODES_40_49,stove_turn_on,0.0916927196085,708,0.173808114454
2365,task_phase,global_averaged_effect_oracle_regret,10,96,pre_contact,HISTORICAL_EXPLORATORY_EPISODES_40_49,stove_turn_on,0.0916927196085,708,0.146280738403
2249,task_phase,context_reversal_rate,10,96,contact_onset,HISTORICAL_EXPLORATORY_EPISODES_40_49,wine_rack,0.0707873143256,647,0.287683414851
2249,task_phase,eligible_reversal_comparison_fraction,10,96,contact_onset,HISTORICAL_EXPLORATORY_EPISODES_40_49,wine_rack,0.0707873143256,647,0.549072265625
2249,task_phase,true_top8_jaccard_across_states,10,96,contact_onset,HISTORICAL_EXPLORATORY_EPISODES_40_49,wine_rack,0.0707873143256,647,0.150132059299
2249,task_phase,best_candidate_churn,10,96,contact_onset,HISTORICAL_EXPLORATORY_EPISODES_40_49,wine_rack,0.0707873143256,647,0.868981481481
2249,task_phase,state_conditioned_oracle_error,10,96,contact_onset,HISTORICAL_EXPLORATORY_EPISODES_40_49,wine_rack,0.0707873143256,647,0.0361622478021
2249,task_phase,leave_one_state_out_global_averaged_effect_oracle_error,10,96,contact_onset,HISTORICAL_EXPLORATORY_EPISODES_40_49,wine_rack,0.0707873143256,647,0.310013250261
2249,task_phase,global_averaged_effect_oracle_regret,10,96,contact_onset,HISTORICAL_EXPLORATORY_EPISODES_40_49,wine_rack,0.0707873143256,647,0.273851002489
2898,task_phase,context_reversal_rate,10,96,free_space,HISTORICAL_EXPLORATORY_EPISODES_40_49,wine_rack,0.0258788280189,0,0
2898,task_phase,eligible_reversal_comparison_fraction,10,96,free_space,HISTORICAL_EXPLORATORY_EPISODES_40_49,wine_rack,0.0258788280189,0,0.70751953125
2898,task_phase,true_top8_jaccard_across_states,10,96,free_space,HISTORICAL_EXPLORATORY_EPISODES_40_49,wine_rack,0.0258788280189,0,0.804514590348
2898,task_phase,best_candidate_churn,10,96,free_space,HISTORICAL_EXPLORATORY_EPISODES_40_49,wine_rack,0.0258788280189,0,0.145833333333
2898,task_phase,state_conditioned_oracle_error,10,96,free_space,HISTORICAL_EXPLORATORY_EPISODES_40_49,wine_rack,0.0258788280189,0,0.00905012793786
2898,task_phase,leave_one_state_out_global_averaged_effect_oracle_error,10,96,free_space,HISTORICAL_EXPLORATORY_EPISODES_40_49,wine_rack,0.0258788280189,0,0.00911476777304
2898,task_phase,global_averaged_effect_oracle_regret,10,96,free_space,HISTORICAL_EXPLORATORY_EPISODES_40_49,wine_rack,0.0258788280189,0,6.46398351819e-05
2715,task_phase,context_reversal_rate,10,96,post_contact,HISTORICAL_EXPLORATORY_EPISODES_40_49,wine_rack,0.0600762106478,1001,0.368692449355
2715,task_phase,eligible_reversal_comparison_fraction,10,96,post_contact,HISTORICAL_EXPLORATORY_EPISODES_40_49,wine_rack,0.0600762106478,1001,0.662841796875
2715,task_phase,true_top8_jaccard_across_states,10,96,post_contact,HISTORICAL_EXPLORATORY_EPISODES_40_49,wine_rack,0.0600762106478,1001,0.0648476472088
2715,task_phase,best_candidate_churn,10,96,post_contact,HISTORICAL_EXPLORATORY_EPISODES_40_49,wine_rack,0.0600762106478,1001,0.95787037037
2715,task_phase,state_conditioned_oracle_error,10,96,post_contact,HISTORICAL_EXPLORATORY_EPISODES_40_49,wine_rack,0.0600762106478,1001,0.0335163264226
2715,task_phase,leave_one_state_out_global_averaged_effect_oracle_error,10,96,post_contact,HISTORICAL_EXPLORATORY_EPISODES_40_49,wine_rack,0.0600762106478,1001,0.333143886704
2715,task_phase,global_averaged_effect_oracle_regret,10,96,post_contact,HISTORICAL_EXPLORATORY_EPISODES_40_49,wine_rack,0.0600762106478,1001,0.299627560825
2515,task_phase,context_reversal_rate,10,96,pre_contact,HISTORICAL_EXPLORATORY_EPISODES_40_49,wine_rack,0.0873894989491,1043,0.414711729622
2515,task_phase,eligible_reversal_comparison_fraction,10,96,pre_contact,HISTORICAL_EXPLORATORY_EPISODES_40_49,wine_rack,0.0873894989491,1043,0.614013671875
2515,task_phase,true_top8_jaccard_across_states,10,96,pre_contact,HISTORICAL_EXPLORATORY_EPISODES_40_49,wine_rack,0.0873894989491,1043,0.0482530895031
2515,task_phase,best_candidate_churn,10,96,pre_contact,HISTORICAL_EXPLORATORY_EPISODES_40_49,wine_rack,0.0873894989491,1043,0.966898148148
2515,task_phase,state_conditioned_oracle_error,10,96,pre_contact,HISTORICAL_EXPLORATORY_EPISODES_40_49,wine_rack,0.0873894989491,1043,0.0755543996696
2515,task_phase,leave_one_state_out_global_averaged_effect_oracle_error,10,96,pre_contact,HISTORICAL_EXPLORATORY_EPISODES_40_49,wine_rack,0.0873894989491,1043,0.560210076771
2515,task_phase,global_averaged_effect_oracle_regret,10,96,pre_contact,HISTORICAL_EXPLORATORY_EPISODES_40_49,wine_rack,0.0873894989491,1043,0.484655677215
0,pooled_variance,marginal_variance_explained_by_state,160,96,ALL,HISTORICAL_EXPLORATORY_EPISODES_40_49,ALL,nan,0,0.489819110642
0,pooled_variance,marginal_variance_explained_by_task,160,96,ALL,HISTORICAL_EXPLORATORY_EPISODES_40_49,ALL,nan,0,0.00285770283571
0,pooled_variance,marginal_variance_explained_by_phase,160,96,ALL,HISTORICAL_EXPLORATORY_EPISODES_40_49,ALL,nan,0,0.241843456326
0,pooled_variance,marginal_variance_explained_by_action_pair,160,96,ALL,HISTORICAL_EXPLORATORY_EPISODES_40_49,ALL,nan,0,0.0887231342573
